{"type": "FeatureCollection", "features": [
{"id":"7d05490a-5945-4d7c-8024-8047d4096f98","type":"Feature","geometry":{"type":"Polygon","coordinates":[[[41.0722672,19.1219636],[41.0722634,19.1218737],[41.0723586,19.1218701],[41.0723625,19.1219599],[41.0722672,19.1219636]]]},"properties":{"sources":[{"property":"","dataset":"Microsoft ML Buildings","license":"ODbL-1.0","record_id":null,"update_time":"2018-09-01T00:00:00.000Z","confidence":null,"between":null,"provider":"microsoft","resource":"ml_buildings","version":"2025-02-25"}],"is_underground":false,"has_parts":false,"version":3}},
{"id":"68f5e578-5603-4757-9691-1d58c7f5ba84","type":"Feature","geometry":{"type":"Polygon","coordinates":[[[41.0728849,19.1226506],[41.0729141,19.122598],[41.0729931,19.1226372],[41.0729639,19.1226898],[41.0728849,19.1226506]]]},"properties":{"sources":[{"property":"","dataset":"Microsoft ML Buildings","license":"ODbL-1.0","record_id":null,"update_time":"2018-09-01T00:00:00.000Z","confidence":null,"between":null,"provider":"microsoft","resource":"ml_buildings","version":"2025-02-25"}],"is_underground":false,"has_parts":false,"version":3}},
{"id":"3a2ec701-36b3-409b-bf21-06e5305042de","type":"Feature","geometry":{"type":"Polygon","coordinates":[[[41.0734206,19.1229321],[41.0733711,19.1230505],[41.0732867,19.123019],[41.0732592,19.1230848],[41.0733483,19.123118],[41.0733148,19.1231981],[41.0732188,19.1231623],[41.0732413,19.1231085],[41.0731145,19.1230613],[41.0732025,19.1228508],[41.0734206,19.1229321]]]},"properties":{"sources":[{"property":"","dataset":"Microsoft ML Buildings","license":"ODbL-1.0","record_id":null,"update_time":"2018-09-01T00:00:00.000Z","confidence":null,"between":null,"provider":"microsoft","resource":"ml_buildings","version":"2025-02-25"}],"is_underground":false,"has_parts":false,"version":3}},
{"id":"b72d3264-2819-4d35-8036-cc375988c85b","type":"Feature","geometry":{"type":"Polygon","coordinates":[[[41.0730811,19.1226435],[41.0730333,19.1226257],[41.0730579,19.1225664],[41.0731058,19.1225842],[41.0730811,19.1226435]]]},"properties":{"sources":[{"property":"","dataset":"Microsoft ML Buildings","license":"ODbL-1.0","record_id":null,"update_time":"2018-09-01T00:00:00.000Z","confidence":null,"between":null,"provider":"microsoft","resource":"ml_buildings","version":"2025-02-25"}],"is_underground":false,"has_parts":false,"version":3}},
{"id":"535e8d79-d678-40f1-9266-e078ad081433","type":"Feature","geometry":{"type":"Polygon","coordinates":[[[41.0732782,19.1227013],[41.0731533,19.1226595],[41.0731946,19.1225492],[41.0733195,19.1225909],[41.0732782,19.1227013]]]},"properties":{"sources":[{"property":"","dataset":"Microsoft ML Buildings","license":"ODbL-1.0","record_id":null,"update_time":"2018-09-01T00:00:00.000Z","confidence":null,"between":null,"provider":"microsoft","resource":"ml_buildings","version":"2025-02-25"}],"is_underground":false,"has_parts":false,"version":3}},
{"id":"e52d1da8-25cf-4199-a36a-c6d5c549d060","type":"Feature","geometry":{"type":"Polygon","coordinates":[[[41.073041,19.1224459],[41.0731601,19.1224859],[41.0731397,19.1225399],[41.0730207,19.1224999],[41.073041,19.1224459]]]},"properties":{"sources":[{"property":"","dataset":"Microsoft ML Buildings","license":"ODbL-1.0","record_id":null,"update_time":"2018-09-01T00:00:00.000Z","confidence":null,"between":null,"provider":"microsoft","resource":"ml_buildings","version":"2025-02-25"}],"is_underground":false,"has_parts":false,"version":3}},
{"id":"b4f54cb8-08d1-47c7-9c16-e5795b69da8f","type":"Feature","geometry":{"type":"Polygon","coordinates":[[[41.0728848,19.122359199999998],[41.0729798,19.1223967],[41.0729497,19.1224647],[41.0728547,19.1224272],[41.0728848,19.122359199999998]]]},"properties":{"sources":[{"property":"","dataset":"Microsoft ML Buildings","license":"ODbL-1.0","record_id":null,"update_time":"2018-09-01T00:00:00.000Z","confidence":null,"between":null,"provider":"microsoft","resource":"ml_buildings","version":"2025-02-25"}],"is_underground":false,"has_parts":false,"version":3}},
{"id":"261f6a1d-d0ed-4bd6-a470-65a397a25282","type":"Feature","geometry":{"type":"Polygon","coordinates":[[[41.0734112,19.1226486],[41.0733881,19.1227076],[41.0734225,19.1227196],[41.0734064,19.1227609],[41.0733214,19.1227312],[41.0733607,19.1226309],[41.0734112,19.1226486]]]},"properties":{"sources":[{"property":"","dataset":"Microsoft ML Buildings","license":"ODbL-1.0","record_id":null,"update_time":"2018-09-01T00:00:00.000Z","confidence":null,"between":null,"provider":"microsoft","resource":"ml_buildings","version":"2025-02-25"}],"is_underground":false,"has_parts":false,"version":3}},
{"id":"4f543645-016c-40ac-8140-30fdf6ed5b7f","type":"Feature","geometry":{"type":"Polygon","coordinates":[[[41.0746975,19.122343],[41.0746404,19.122302],[41.0746973,19.1222314],[41.0747544,19.1222724],[41.0746975,19.122343]]]},"properties":{"sources":[{"property":"","dataset":"Microsoft ML Buildings","license":"ODbL-1.0","record_id":null,"update_time":"2018-09-01T00:00:00.000Z","confidence":null,"between":null,"provider":"microsoft","resource":"ml_buildings","version":"2025-02-25"}],"is_underground":false,"has_parts":false,"version":3}},
{"id":"b0815ffa-3e25-41f7-8d7d-3152418e56fe","type":"Feature","geometry":{"type":"Polygon","coordinates":[[[41.0753371,19.1205699],[41.0759852,19.1200664],[41.0760431,19.1201329],[41.075395,19.1206364],[41.0753371,19.1205699]]]},"properties":{"sources":[{"property":"","dataset":"Microsoft ML Buildings","license":"ODbL-1.0","record_id":null,"update_time":"2018-09-01T00:00:00.000Z","confidence":null,"between":null,"provider":"microsoft","resource":"ml_buildings","version":"2025-02-25"}],"is_underground":false,"has_parts":false,"version":3}},
{"id":"1ec99da3-347b-4aee-9c21-3d523a4e5857","type":"Feature","geometry":{"type":"Polygon","coordinates":[[[41.0763343,19.1197534],[41.0763959,19.1198154],[41.0760867,19.1200892],[41.0760251,19.1200271],[41.0763343,19.1197534]]]},"properties":{"sources":[{"property":"","dataset":"Microsoft ML Buildings","license":"ODbL-1.0","record_id":null,"update_time":"2018-09-01T00:00:00.000Z","confidence":null,"between":null,"provider":"microsoft","resource":"ml_buildings","version":"2025-02-25"}],"is_underground":false,"has_parts":false,"version":3}},
{"id":"9a57b5f4-d243-4702-8a37-a54b82492d98","type":"Feature","geometry":{"type":"Polygon","coordinates":[[[41.0767693,19.1195336],[41.076687,19.1194483],[41.0769871,19.1191897],[41.0770694,19.1192749],[41.0767693,19.1195336]]]},"properties":{"sources":[{"property":"","dataset":"Microsoft ML Buildings","license":"ODbL-1.0","record_id":null,"update_time":"2018-09-01T00:00:00.000Z","confidence":null,"between":null,"provider":"microsoft","resource":"ml_buildings","version":"2025-02-25"}],"is_underground":false,"has_parts":false,"version":3}},
{"id":"be08b4a4-4707-4019-b74c-c6a64ff2deff","type":"Feature","geometry":{"type":"Polygon","coordinates":[[[41.0766463,19.119507],[41.076697,19.1195597],[41.0765385,19.119696],[41.0764877,19.1196433],[41.0766463,19.119507]]]},"properties":{"sources":[{"property":"","dataset":"Microsoft ML Buildings","license":"ODbL-1.0","record_id":null,"update_time":"2018-09-01T00:00:00.000Z","confidence":null,"between":null,"provider":"microsoft","resource":"ml_buildings","version":"2025-02-25"}],"is_underground":false,"has_parts":false,"version":3}},
{"id":"cd522630-4d04-4581-9756-77836e0897f8","type":"Feature","geometry":{"type":"Polygon","coordinates":[[[41.0771123,19.1201767],[41.0770576,19.1200371],[41.0772546,19.1199682],[41.0773093,19.1201077],[41.0771123,19.1201767]]]},"properties":{"sources":[{"property":"","dataset":"Microsoft ML Buildings","license":"ODbL-1.0","record_id":null,"update_time":"2018-09-01T00:00:00.000Z","confidence":null,"between":null,"provider":"microsoft","resource":"ml_buildings","version":"2025-02-25"}],"is_underground":false,"has_parts":false,"version":3}},
{"id":"8eda5b8f-a95e-4eba-981b-cd032ddc9af9","type":"Feature","geometry":{"type":"Polygon","coordinates":[[[41.0772188,19.1203175],[41.0771498,19.1201699],[41.0773213,19.1200982],[41.0773679,19.1201978],[41.0773534,19.1202039],[41.0773759,19.1202519],[41.0772188,19.1203175]]]},"properties":{"sources":[{"property":"","dataset":"Microsoft ML Buildings","license":"ODbL-1.0","record_id":null,"update_time":"2018-09-01T00:00:00.000Z","confidence":null,"between":null,"provider":"microsoft","resource":"ml_buildings","version":"2025-02-25"}],"is_underground":false,"has_parts":false,"version":3}},
{"id":"1dc1a2a1-6840-4e88-ba6c-5b3ae999c110","type":"Feature","geometry":{"type":"Polygon","coordinates":[[[41.0790026,19.1185207],[41.0790528,19.1184942],[41.0789908,19.1183891],[41.079044,19.1183611],[41.0791466,19.118535],[41.0790433,19.1185895],[41.0790026,19.1185207]]]},"properties":{"sources":[{"property":"","dataset":"Microsoft ML Buildings","license":"ODbL-1.0","record_id":null,"update_time":"2018-09-01T00:00:00.000Z","confidence":null,"between":null,"provider":"microsoft","resource":"ml_buildings","version":"2025-02-25"}],"is_underground":false,"has_parts":false,"version":3}},
{"id":"74a4c3a9-d5fa-40c1-a741-a217bbf85181","type":"Feature","geometry":{"type":"Polygon","coordinates":[[[41.0795543,19.1185833],[41.0796122,19.1182475],[41.0799832,19.1183046],[41.0799683,19.118391],[41.0803838,19.118455],[41.0803744,19.1185093],[41.0805207,19.1185318],[41.0804913,19.1187022],[41.080298,19.1186724],[41.0802801,19.1187761],[41.0801259,19.1187524],[41.0801353,19.1186981],[41.0801588,19.1187017],[41.0801656,19.1186622],[41.0801996,19.1186674],[41.0801915,19.1187143],[41.0802255,19.1187195],[41.0802455,19.1186035],[41.0799776,19.1185623],[41.0799602,19.1186635],[41.0798923,19.118653],[41.0799208,19.1184876],[41.079896,19.1184838],[41.0798704,19.1186319],[41.0795543,19.1185833]]]},"properties":{"sources":[{"property":"","dataset":"Microsoft ML Buildings","license":"ODbL-1.0","record_id":null,"update_time":"2018-09-01T00:00:00.000Z","confidence":null,"between":null,"provider":"microsoft","resource":"ml_buildings","version":"2025-02-25"}],"is_underground":false,"has_parts":false,"version":3}},
{"id":"5a058a4c-a508-4b7c-aefc-ed2d7c500e81","type":"Feature","geometry":{"type":"Polygon","coordinates":[[[41.0807223,19.1189719],[41.0802535,19.118825],[41.0802868,19.1187301],[41.0804125,19.1187695],[41.080428,19.1187251],[41.0807712,19.1188326],[41.0807223,19.1189719]]]},"properties":{"sources":[{"property":"","dataset":"Microsoft ML Buildings","license":"ODbL-1.0","record_id":null,"update_time":"2018-09-01T00:00:00.000Z","confidence":null,"between":null,"provider":"microsoft","resource":"ml_buildings","version":"2025-02-25"}],"is_underground":false,"has_parts":false,"version":3}},
{"id":"ca16629d-2177-4efd-b870-c04caa0ee010","type":"Feature","geometry":{"type":"Polygon","coordinates":[[[41.0798568,19.1190284],[41.0799234,19.1191297],[41.0796244,19.1193052],[41.0795077,19.1191279],[41.079589,19.1190802],[41.0796311,19.1191442],[41.0797066,19.1190999],[41.0796369,19.1189938],[41.079753,19.1189256],[41.0798306,19.1190438],[41.0798568,19.1190284]]]},"properties":{"sources":[{"property":"","dataset":"Microsoft ML Buildings","license":"ODbL-1.0","record_id":null,"update_time":"2018-09-01T00:00:00.000Z","confidence":null,"between":null,"provider":"microsoft","resource":"ml_buildings","version":"2025-02-25"}],"is_underground":false,"has_parts":false,"version":3}},
{"id":"f73e293a-aad5-413d-9f72-4c5646947740","type":"Feature","geometry":{"type":"Polygon","coordinates":[[[41.0800175,19.1198964],[41.0799433,19.1198724],[41.07994,19.1198547],[41.0799798,19.1197448],[41.0799692,19.1197414],[41.0798998,19.1197531],[41.0798164,19.1195961],[41.0798297,19.1195594],[41.0797642,19.1195383],[41.0796566,19.1193357],[41.0797466,19.1192931],[41.0797648,19.1193275],[41.0798449,19.1192895],[41.0799203,19.1192768],[41.0801189,19.1196504],[41.0801916,19.1196739],[41.0802018,19.1197279],[41.0804526,19.1198091],[41.0804705,19.1198427],[41.0805191,19.1198584],[41.0805535,19.1199232],[41.0805387,19.1199641],[41.0805464,19.1200051],[41.0804431,19.1200225],[41.0804328,19.1200191],[41.0803703,19.1200297],[41.0803752,19.1200273],[41.0800273,19.1199148],[41.0800175,19.1198964]]]},"properties":{"sources":[{"property":"","dataset":"Microsoft ML Buildings","license":"ODbL-1.0","record_id":null,"update_time":"2018-09-01T00:00:00.000Z","confidence":null,"between":null,"provider":"microsoft","resource":"ml_buildings","version":"2025-02-25"}],"is_underground":false,"has_parts":false,"version":3}},
{"id":"8146dabc-f675-49a0-8652-a0154ac0e326","type":"Feature","geometry":{"type":"Polygon","coordinates":[[[41.0785797,19.1201017],[41.0786204,19.1201754],[41.0785109,19.1202295],[41.0784701,19.1201558],[41.0785797,19.1201017]]]},"properties":{"sources":[{"property":"","dataset":"Microsoft ML Buildings","license":"ODbL-1.0","record_id":null,"update_time":"2018-09-01T00:00:00.000Z","confidence":null,"between":null,"provider":"microsoft","resource":"ml_buildings","version":"2025-02-25"}],"is_underground":false,"has_parts":false,"version":3}},
{"id":"c6a54c4b-4694-4f21-9da4-48b4d4c4c9f4","type":"Feature","geometry":{"type":"Polygon","coordinates":[[[41.0783947,19.1201523],[41.0783544,19.12006],[41.0785239,19.1199938],[41.0785643,19.1200861],[41.0783947,19.1201523]]]},"properties":{"sources":[{"property":"","dataset":"Microsoft ML Buildings","license":"ODbL-1.0","record_id":null,"update_time":"2018-09-01T00:00:00.000Z","confidence":null,"between":null,"provider":"microsoft","resource":"ml_buildings","version":"2025-02-25"}],"is_underground":false,"has_parts":false,"version":3}},
{"id":"8b13cc18-5fa4-44cb-9b4b-c6699780d3b1","type":"Feature","geometry":{"type":"Polygon","coordinates":[[[41.0776955,19.1189599],[41.0778021,19.1189087],[41.0778723,19.1190391],[41.077920399999996,19.1190437],[41.0782561,19.1196673],[41.0782505,19.1197191],[41.0782679,19.1197515],[41.0783148,19.119756],[41.0783074,19.1198247],[41.0783618,19.1198299],[41.0783538,19.1199043],[41.0784095,19.1199097],[41.0783976,19.1200197],[41.0783336,19.1200505],[41.0782101,19.1198209],[41.0782435,19.1198049],[41.0781453,19.1197954],[41.0776955,19.1189599]]]},"properties":{"sources":[{"property":"","dataset":"Microsoft ML Buildings","license":"ODbL-1.0","record_id":null,"update_time":"2018-09-01T00:00:00.000Z","confidence":null,"between":null,"provider":"microsoft","resource":"ml_buildings","version":"2025-02-25"}],"is_underground":false,"has_parts":false,"version":3}},
{"id":"708ead71-467f-434c-b1e8-43cb40a85e7b","type":"Feature","geometry":{"type":"Polygon","coordinates":[[[41.0777864,19.1199354],[41.0779881,19.1202154],[41.0779276,19.1202543],[41.0779318,19.1202601],[41.0778658,19.1203025],[41.0776599,19.1200167],[41.0777864,19.1199354]]]},"properties":{"sources":[{"property":"","dataset":"Microsoft ML Buildings","license":"ODbL-1.0","record_id":null,"update_time":"2018-09-01T00:00:00.000Z","confidence":null,"between":null,"provider":"microsoft","resource":"ml_buildings","version":"2025-02-25"}],"is_underground":false,"has_parts":false,"version":3}},
{"id":"e1e40a4f-4502-4883-893e-e9bb487deee2","type":"Feature","geometry":{"type":"Polygon","coordinates":[[[41.0778334,19.1199174],[41.0778718,19.1199761],[41.0778437,19.1199925],[41.0778053,19.1199338],[41.0778334,19.1199174]]]},"properties":{"sources":[{"property":"","dataset":"Microsoft ML Buildings","license":"ODbL-1.0","record_id":null,"update_time":"2018-09-01T00:00:00.000Z","confidence":null,"between":null,"provider":"microsoft","resource":"ml_buildings","version":"2025-02-25"}],"is_underground":false,"has_parts":false,"version":3}},
{"id":"1b77aa2c-702d-4484-8cb2-06f920ee2423","type":"Feature","geometry":{"type":"Polygon","coordinates":[[[41.0785398,19.1210829],[41.0787767,19.1211025],[41.0787613,19.1212685],[41.0785244,19.1212489],[41.0785398,19.1210829]]]},"properties":{"sources":[{"property":"","dataset":"Microsoft ML Buildings","license":"ODbL-1.0","record_id":null,"update_time":"2018-09-01T00:00:00.000Z","confidence":null,"between":null,"provider":"microsoft","resource":"ml_buildings","version":"2025-02-25"}],"is_underground":false,"has_parts":false,"version":3}},
{"id":"00384e16-eb15-4d34-8fbc-1dcd3e71d59a","type":"Feature","geometry":{"type":"Polygon","coordinates":[[[41.0786423,19.1201834],[41.078881,19.1207103],[41.0786838,19.12079],[41.078416,19.120199],[41.0784681,19.1201779],[41.0784972,19.1202421],[41.0786423,19.1201834]]]},"properties":{"sources":[{"property":"","dataset":"Microsoft ML Buildings","license":"ODbL-1.0","record_id":null,"update_time":"2018-09-01T00:00:00.000Z","confidence":null,"between":null,"provider":"microsoft","resource":"ml_buildings","version":"2025-02-25"}],"is_underground":false,"has_parts":false,"version":3}},
{"id":"4b3b7284-df06-495d-a7d7-eca783c99901","type":"Feature","geometry":{"type":"Polygon","coordinates":[[[41.0775284,19.122669],[41.0775218,19.1223153],[41.0777964,19.1223107],[41.0777975,19.122369],[41.0776704,19.1223711],[41.077672,19.1224588],[41.0776463,19.1224593],[41.0776471,19.1225007],[41.0777345,19.1224993],[41.077734,19.122473],[41.0778048,19.1224718],[41.0778084,19.1226644],[41.0775284,19.122669]]]},"properties":{"sources":[{"property":"","dataset":"Microsoft ML Buildings","license":"ODbL-1.0","record_id":null,"update_time":"2018-09-01T00:00:00.000Z","confidence":null,"between":null,"provider":"microsoft","resource":"ml_buildings","version":"2025-02-25"}],"is_underground":false,"has_parts":false,"version":3}},
{"id":"1ab59a23-3442-4391-8f6c-0dff67b9e881","type":"Feature","geometry":{"type":"Polygon","coordinates":[[[41.0778527,19.1230846],[41.0780844,19.1230221],[41.0781195,19.1231384],[41.0778879,19.1232009],[41.0778527,19.1230846]]]},"properties":{"sources":[{"property":"","dataset":"Microsoft ML Buildings","license":"ODbL-1.0","record_id":null,"update_time":"2018-09-01T00:00:00.000Z","confidence":null,"between":null,"provider":"microsoft","resource":"ml_buildings","version":"2025-02-25"}],"is_underground":false,"has_parts":false,"version":3}},
{"id":"2d76c78f-0fd8-4da0-a2bd-4c71ecb23892","type":"Feature","geometry":{"type":"Polygon","coordinates":[[[41.0765385,19.1225436],[41.0765359,19.1222765],[41.0767746,19.1222745],[41.0767749,19.1223049],[41.0767132,19.1223054],[41.0767141,19.1224017],[41.076831,19.1224007],[41.076833,19.1225993],[41.0768689,19.122599],[41.0768696,19.1226649],[41.0765708,19.1226675],[41.0765696,19.1225433],[41.0765385,19.1225436]]]},"properties":{"sources":[{"property":"","dataset":"Microsoft ML Buildings","license":"ODbL-1.0","record_id":null,"update_time":"2018-09-01T00:00:00.000Z","confidence":null,"between":null,"provider":"microsoft","resource":"ml_buildings","version":"2025-02-25"}],"is_underground":false,"has_parts":false,"version":3}},
{"id":"d6bb14e7-f20e-4d01-bdf2-0e5b37c1d63b","type":"Feature","geometry":{"type":"Polygon","coordinates":[[[41.0761928,19.1225126],[41.0762201,19.1224425],[41.0763524,19.1224884],[41.0763252,19.1225585],[41.0761928,19.1225126]]]},"properties":{"sources":[{"property":"","dataset":"Microsoft ML Buildings","license":"ODbL-1.0","record_id":null,"update_time":"2018-09-01T00:00:00.000Z","confidence":null,"between":null,"provider":"microsoft","resource":"ml_buildings","version":"2025-02-25"}],"is_underground":false,"has_parts":false,"version":3}},
{"id":"87a63244-c87d-4a80-a1cd-8c3e26f5e288","type":"Feature","geometry":{"type":"Polygon","coordinates":[[[41.0767885,19.1220141],[41.0767994,19.1222306],[41.0767298,19.1222337],[41.076719,19.1220172],[41.0767885,19.1220141]]]},"properties":{"sources":[{"property":"","dataset":"Microsoft ML Buildings","license":"ODbL-1.0","record_id":null,"update_time":"2018-09-01T00:00:00.000Z","confidence":null,"between":null,"provider":"microsoft","resource":"ml_buildings","version":"2025-02-25"}],"is_underground":false,"has_parts":false,"version":3}},
{"id":"1d37fd11-0dbc-429c-a4bf-0d175cbc38f2","type":"Feature","geometry":{"type":"Polygon","coordinates":[[[41.0768502,19.1211662],[41.076764,19.1209754],[41.0774367,19.1207042],[41.0773806,19.1205798],[41.0775883,19.1204961],[41.0776212,19.120569],[41.0784041,19.1202534],[41.0784535,19.1203627],[41.0783672,19.1203975],[41.0783892,19.1204461],[41.0782961,19.1204836],[41.0782858,19.1204607],[41.0776232,19.1207278],[41.0776532,19.1207943],[41.0775738,19.1208263],[41.0775628,19.1208019],[41.0769216,19.1210604],[41.076951,19.1211255],[41.0768502,19.1211662]]]},"properties":{"sources":[{"property":"","dataset":"Microsoft ML Buildings","license":"ODbL-1.0","record_id":null,"update_time":"2018-09-01T00:00:00.000Z","confidence":null,"between":null,"provider":"microsoft","resource":"ml_buildings","version":"2025-02-25"}],"is_underground":false,"has_parts":false,"version":3}},
{"id":"807c5c35-07a3-4e18-a8fd-3de42e6f4e2f","type":"Feature","geometry":{"type":"Polygon","coordinates":[[[41.0762654,19.1208225],[41.0762668,19.1207653],[41.0764288,19.1207686],[41.0764275,19.1208259],[41.0762654,19.1208225]]]},"properties":{"sources":[{"property":"","dataset":"Microsoft ML Buildings","license":"ODbL-1.0","record_id":null,"update_time":"2018-09-01T00:00:00.000Z","confidence":null,"between":null,"provider":"microsoft","resource":"ml_buildings","version":"2025-02-25"}],"is_underground":false,"has_parts":false,"version":3}},
{"id":"6dfff7da-677a-4423-85ac-9cc14ab3829d","type":"Feature","geometry":{"type":"Polygon","coordinates":[[[41.0763249,19.1209162],[41.0763207,19.1208352],[41.076393,19.1208319],[41.0763971,19.1209129],[41.0763249,19.1209162]]]},"properties":{"sources":[{"property":"","dataset":"Microsoft ML Buildings","license":"ODbL-1.0","record_id":null,"update_time":"2018-09-01T00:00:00.000Z","confidence":null,"between":null,"provider":"microsoft","resource":"ml_buildings","version":"2025-02-25"}],"is_underground":false,"has_parts":false,"version":3}},
{"id":"7a94492b-c3ce-4bac-bee2-5126a305fdc7","type":"Feature","geometry":{"type":"Polygon","coordinates":[[[41.0762711,19.1214545],[41.0761156,19.1211181],[41.0762022,19.1210824],[41.0762065,19.1210841],[41.076643,19.1209039],[41.0767528,19.1211414],[41.0763304,19.1213158],[41.076357,19.1213734],[41.0765475,19.121452],[41.0765022,19.1215499],[41.0762711,19.1214545]]]},"properties":{"sources":[{"property":"","dataset":"Microsoft ML Buildings","license":"ODbL-1.0","record_id":null,"update_time":"2018-09-01T00:00:00.000Z","confidence":null,"between":null,"provider":"microsoft","resource":"ml_buildings","version":"2025-02-25"}],"is_underground":false,"has_parts":false,"version":3}},
{"id":"0dda4495-014a-4e70-96b2-aebad7993276","type":"Feature","geometry":{"type":"Polygon","coordinates":[[[41.075555,19.1212961],[41.0755677,19.1212606],[41.0756038,19.1212722],[41.0755911,19.1213076],[41.075555,19.1212961]]]},"properties":{"sources":[{"property":"","dataset":"Microsoft ML Buildings","license":"ODbL-1.0","record_id":null,"update_time":"2018-09-01T00:00:00.000Z","confidence":null,"between":null,"provider":"microsoft","resource":"ml_buildings","version":"2025-02-25"}],"is_underground":false,"has_parts":false,"version":3}},
{"id":"0e58eeb5-0321-4342-b63c-84e93f3755fe","type":"Feature","geometry":{"type":"Polygon","coordinates":[[[41.0759252,19.1208366],[41.0760913,19.1207645],[41.0762104,19.1210093],[41.0760443,19.1210814],[41.0759252,19.1208366]]]},"properties":{"sources":[{"property":"","dataset":"Microsoft ML Buildings","license":"ODbL-1.0","record_id":null,"update_time":"2018-09-01T00:00:00.000Z","confidence":null,"between":null,"provider":"microsoft","resource":"ml_buildings","version":"2025-02-25"}],"is_underground":false,"has_parts":false,"version":3}},
{"id":"060c7c3e-0abf-4cfc-8676-85a8d86919d0","type":"Feature","geometry":{"type":"Polygon","coordinates":[[[41.0761894,19.1208311],[41.0762257,19.1208247],[41.0762427,19.1209103],[41.0762064,19.1209168],[41.0761894,19.1208311]]]},"properties":{"sources":[{"property":"","dataset":"Microsoft ML Buildings","license":"ODbL-1.0","record_id":null,"update_time":"2018-09-01T00:00:00.000Z","confidence":null,"between":null,"provider":"microsoft","resource":"ml_buildings","version":"2025-02-25"}],"is_underground":false,"has_parts":false,"version":3}},
{"id":"fa53f2f5-004e-4df3-88b5-b6395f91c22e","type":"Feature","geometry":{"type":"Polygon","coordinates":[[[41.0753903,19.1208791],[41.0754346,19.1208386],[41.0754796,19.1208825],[41.0754353,19.120923],[41.0753903,19.1208791]]]},"properties":{"sources":[{"property":"","dataset":"Microsoft ML Buildings","license":"ODbL-1.0","record_id":null,"update_time":"2018-09-01T00:00:00.000Z","confidence":null,"between":null,"provider":"microsoft","resource":"ml_buildings","version":"2025-02-25"}],"is_underground":false,"has_parts":false,"version":3}},
{"id":"a63df313-0645-48bd-8656-00b2b7c84a4b","type":"Feature","geometry":{"type":"Polygon","coordinates":[[[41.0753198,19.1205128],[41.0753453,19.1204954],[41.0753326,19.1204787],[41.0753547,19.1204636],[41.0753967,19.1205186],[41.0753209,19.1205703],[41.0752471,19.1204737],[41.0752753,19.1204544],[41.0753198,19.1205128]]]},"properties":{"sources":[{"property":"","dataset":"Microsoft ML Buildings","license":"ODbL-1.0","record_id":null,"update_time":"2018-09-01T00:00:00.000Z","confidence":null,"between":null,"provider":"microsoft","resource":"ml_buildings","version":"2025-02-25"}],"is_underground":false,"has_parts":false,"version":3}},
{"id":"1fd91c19-aaa2-4ba8-9852-d507cf71e2c2","type":"Feature","geometry":{"type":"Polygon","coordinates":[[[41.0752461,19.1204829],[41.0752853,19.1205495],[41.0752484,19.1205689],[41.0752092,19.1205022],[41.0752461,19.1204829]]]},"properties":{"sources":[{"property":"","dataset":"Microsoft ML Buildings","license":"ODbL-1.0","record_id":null,"update_time":"2018-09-01T00:00:00.000Z","confidence":null,"between":null,"provider":"microsoft","resource":"ml_buildings","version":"2025-02-25"}],"is_underground":false,"has_parts":false,"version":3}},
{"id":"279b6d45-f5b3-42f2-bf22-730eb1286dc2","type":"Feature","geometry":{"type":"Polygon","coordinates":[[[41.0753226,19.1215485],[41.0751722,19.1214704],[41.0752491,19.121338],[41.0752471,19.1213369],[41.0753354,19.1211851],[41.0754322,19.1212354],[41.0754084,19.1212762],[41.0754641,19.1213051],[41.0753226,19.1215485]]]},"properties":{"sources":[{"property":"","dataset":"Microsoft ML Buildings","license":"ODbL-1.0","record_id":null,"update_time":"2018-09-01T00:00:00.000Z","confidence":null,"between":null,"provider":"microsoft","resource":"ml_buildings","version":"2025-02-25"}],"is_underground":false,"has_parts":false,"version":3}},
{"id":"1089a579-c073-4c08-9293-7e0997b1f8dc","type":"Feature","geometry":{"type":"Polygon","coordinates":[[[41.0753598,19.121873],[41.0752988,19.1218526],[41.0753144,19.1218107],[41.0753754,19.1218311],[41.0753598,19.121873]]]},"properties":{"sources":[{"property":"","dataset":"Microsoft ML Buildings","license":"ODbL-1.0","record_id":null,"update_time":"2018-09-01T00:00:00.000Z","confidence":null,"between":null,"provider":"microsoft","resource":"ml_buildings","version":"2025-02-25"}],"is_underground":false,"has_parts":false,"version":3}},
{"id":"dc05f7c9-aa58-447f-9710-a8c6e2cb21db","type":"Feature","geometry":{"type":"Polygon","coordinates":[[[41.0750268,19.1216552],[41.0750554,19.1216127],[41.0751108,19.1216459],[41.0750822,19.1216885],[41.0750268,19.1216552]]]},"properties":{"sources":[{"property":"","dataset":"Microsoft ML Buildings","license":"ODbL-1.0","record_id":null,"update_time":"2018-09-01T00:00:00.000Z","confidence":null,"between":null,"provider":"microsoft","resource":"ml_buildings","version":"2025-02-25"}],"is_underground":false,"has_parts":false,"version":3}},
{"id":"367a7a70-ffed-41d9-bffd-72f71584c570","type":"Feature","geometry":{"type":"Polygon","coordinates":[[[41.0750621,19.1223251],[41.0747239,19.122154599999998],[41.0749489,19.1217561],[41.0752946,19.1219304],[41.0752093,19.1220814],[41.0752072,19.1220804],[41.0751511,19.1221799],[41.0751457,19.1221771],[41.0750621,19.1223251]]]},"properties":{"sources":[{"property":"","dataset":"Microsoft ML Buildings","license":"ODbL-1.0","record_id":null,"update_time":"2018-09-01T00:00:00.000Z","confidence":null,"between":null,"provider":"microsoft","resource":"ml_buildings","version":"2025-02-25"}],"is_underground":false,"has_parts":false,"version":3}},
{"id":"467c5b93-f137-4e7a-bb3b-7abd68f2d93c","type":"Feature","geometry":{"type":"Polygon","coordinates":[[[41.0750551,19.1223634],[41.0750718,19.1223354],[41.0751064,19.1223538],[41.0750897,19.1223819],[41.0750551,19.1223634]]]},"properties":{"sources":[{"property":"","dataset":"Microsoft ML Buildings","license":"ODbL-1.0","record_id":null,"update_time":"2018-09-01T00:00:00.000Z","confidence":null,"between":null,"provider":"microsoft","resource":"ml_buildings","version":"2025-02-25"}],"is_underground":false,"has_parts":false,"version":3}},
{"id":"6d56b867-6e1e-4f3c-a54c-818f1572b66f","type":"Feature","geometry":{"type":"Polygon","coordinates":[[[41.0755314,19.121929],[41.0755529,19.12201],[41.0754999,19.1220226],[41.0754784,19.1219415],[41.0755314,19.121929]]]},"properties":{"sources":[{"property":"","dataset":"Microsoft ML Buildings","license":"ODbL-1.0","record_id":null,"update_time":"2018-09-01T00:00:00.000Z","confidence":null,"between":null,"provider":"microsoft","resource":"ml_buildings","version":"2025-02-25"}],"is_underground":false,"has_parts":false,"version":3}},
{"id":"5c470e58-d537-4e76-b925-e9feea9e3e8f","type":"Feature","geometry":{"type":"Polygon","coordinates":[[[41.0755476,19.1220424],[41.075589,19.1219832],[41.0756794,19.1220397],[41.0756379,19.1220989],[41.0755476,19.1220424]]]},"properties":{"sources":[{"property":"","dataset":"Microsoft ML Buildings","license":"ODbL-1.0","record_id":null,"update_time":"2018-09-01T00:00:00.000Z","confidence":null,"between":null,"provider":"microsoft","resource":"ml_buildings","version":"2025-02-25"}],"is_underground":false,"has_parts":false,"version":3}},
{"id":"07382e32-bae2-4bc8-ab0b-b4befd57d4f2","type":"Feature","geometry":{"type":"Polygon","coordinates":[[[41.0757287,19.1221439],[41.0756537,19.1220869],[41.0756857,19.1220493],[41.0757607,19.1221062],[41.0757287,19.1221439]]]},"properties":{"sources":[{"property":"","dataset":"Microsoft ML Buildings","license":"ODbL-1.0","record_id":null,"update_time":"2018-09-01T00:00:00.000Z","confidence":null,"between":null,"provider":"microsoft","resource":"ml_buildings","version":"2025-02-25"}],"is_underground":false,"has_parts":false,"version":3}},
{"id":"92d31e47-c0c8-4bf6-8d99-98c00575ee9c","type":"Feature","geometry":{"type":"Polygon","coordinates":[[[41.0759652,19.1217677],[41.0760769,19.1218615],[41.0760263,19.1219153],[41.0760024,19.1218952],[41.0758985,19.1220056],[41.0759141,19.1220187],[41.0758587,19.1220775],[41.0757532,19.1219889],[41.0757785,19.121962],[41.0757432,19.1219324],[41.0759091,19.1217561],[41.0759466,19.1217875],[41.0759652,19.1217677]]]},"properties":{"sources":[{"property":"","dataset":"Microsoft ML Buildings","license":"ODbL-1.0","record_id":null,"update_time":"2018-09-01T00:00:00.000Z","confidence":null,"between":null,"provider":"microsoft","resource":"ml_buildings","version":"2025-02-25"}],"is_underground":false,"has_parts":false,"version":3}},
{"id":"67c2b83f-ab0d-4d4e-9d99-73b18eae5adc","type":"Feature","geometry":{"type":"Polygon","coordinates":[[[41.0760107,19.1232643],[41.0758924,19.1231744],[41.0760338,19.1230082],[41.0761522,19.123098],[41.0760107,19.1232643]]]},"properties":{"sources":[{"property":"","dataset":"Microsoft ML Buildings","license":"ODbL-1.0","record_id":null,"update_time":"2018-09-01T00:00:00.000Z","confidence":null,"between":null,"provider":"microsoft","resource":"ml_buildings","version":"2025-02-25"}],"is_underground":false,"has_parts":false,"version":3}},
{"id":"fae63dda-2cbb-418b-b116-444073e8a2af","type":"Feature","geometry":{"type":"Polygon","coordinates":[[[41.0757929,19.1231194],[41.0756893,19.1230767],[41.0757158,19.1230192],[41.0758194,19.1230619],[41.0757929,19.1231194]]]},"properties":{"sources":[{"property":"","dataset":"Microsoft ML Buildings","license":"ODbL-1.0","record_id":null,"update_time":"2018-09-01T00:00:00.000Z","confidence":null,"between":null,"provider":"microsoft","resource":"ml_buildings","version":"2025-02-25"}],"is_underground":false,"has_parts":false,"version":3}},
{"id":"8e062951-ce26-4b8e-8ec9-222fc983c294","type":"Feature","geometry":{"type":"Polygon","coordinates":[[[41.0756563,19.1230881],[41.0757735,19.1231671],[41.0756429,19.12334],[41.0755256,19.1232609],[41.0756563,19.1230881]]]},"properties":{"sources":[{"property":"","dataset":"Microsoft ML Buildings","license":"ODbL-1.0","record_id":null,"update_time":"2018-09-01T00:00:00.000Z","confidence":null,"between":null,"provider":"microsoft","resource":"ml_buildings","version":"2025-02-25"}],"is_underground":false,"has_parts":false,"version":3}},
{"id":"82d154b4-e3c2-4305-a9dd-2dcd9a5d1f18","type":"Feature","geometry":{"type":"Polygon","coordinates":[[[41.0758329,19.123434],[41.0757468,19.1233963],[41.0757617,19.1233659],[41.0758478,19.1234035],[41.0758329,19.123434]]]},"properties":{"sources":[{"property":"","dataset":"Microsoft ML Buildings","license":"ODbL-1.0","record_id":null,"update_time":"2018-09-01T00:00:00.000Z","confidence":null,"between":null,"provider":"microsoft","resource":"ml_buildings","version":"2025-02-25"}],"is_underground":false,"has_parts":false,"version":3}},
{"id":"b21e4a53-c4c9-4264-b9fd-34bbc753b3f2","type":"Feature","geometry":{"type":"Polygon","coordinates":[[[41.0758887,19.1231802],[41.0759822,19.1232439],[41.0759619,19.1232706],[41.0758684,19.1232069],[41.0758887,19.1231802]]]},"properties":{"sources":[{"property":"","dataset":"Microsoft ML Buildings","license":"ODbL-1.0","record_id":null,"update_time":"2018-09-01T00:00:00.000Z","confidence":null,"between":null,"provider":"microsoft","resource":"ml_buildings","version":"2025-02-25"}],"is_underground":false,"has_parts":false,"version":3}},
{"id":"a96e68aa-5e26-4854-879f-006e9e695cd0","type":"Feature","geometry":{"type":"Polygon","coordinates":[[[41.0759282,19.1233792],[41.0759725,19.1233262],[41.0760122,19.1233557],[41.0759678,19.1234088],[41.0759282,19.1233792]]]},"properties":{"sources":[{"property":"","dataset":"Microsoft ML Buildings","license":"ODbL-1.0","record_id":null,"update_time":"2018-09-01T00:00:00.000Z","confidence":null,"between":null,"provider":"microsoft","resource":"ml_buildings","version":"2025-02-25"}],"is_underground":false,"has_parts":false,"version":3}},
{"id":"c7f13152-dd35-4f3b-bb23-f53ef53443f0","type":"Feature","geometry":{"type":"Polygon","coordinates":[[[41.0757415,19.1240932],[41.0757681,19.1242185],[41.0754932,19.1242706],[41.0754666,19.1241453],[41.0757415,19.1240932]]]},"properties":{"sources":[{"property":"","dataset":"Microsoft ML Buildings","license":"ODbL-1.0","record_id":null,"update_time":"2018-09-01T00:00:00.000Z","confidence":null,"between":null,"provider":"microsoft","resource":"ml_buildings","version":"2025-02-25"}],"is_underground":false,"has_parts":false,"version":3}},
{"id":"fcedd9cc-46e5-4a06-9b7f-1d767036e105","type":"Feature","geometry":{"type":"Polygon","coordinates":[[[41.0758998,19.1241669],[41.0759925,19.1241453],[41.0760143,19.1242289],[41.0759217,19.1242505],[41.0758998,19.1241669]]]},"properties":{"sources":[{"property":"","dataset":"Microsoft ML Buildings","license":"ODbL-1.0","record_id":null,"update_time":"2018-09-01T00:00:00.000Z","confidence":null,"between":null,"provider":"microsoft","resource":"ml_buildings","version":"2025-02-25"}],"is_underground":false,"has_parts":false,"version":3}},
{"id":"230a3fe6-f593-4bf8-9caa-53e7bc07e50e","type":"Feature","geometry":{"type":"Polygon","coordinates":[[[41.0759418,19.1242951],[41.0760704,19.1242613],[41.0760904,19.1243296],[41.0759619,19.1243633],[41.0759418,19.1242951]]]},"properties":{"sources":[{"property":"","dataset":"Microsoft ML Buildings","license":"ODbL-1.0","record_id":null,"update_time":"2018-09-01T00:00:00.000Z","confidence":null,"between":null,"provider":"microsoft","resource":"ml_buildings","version":"2025-02-25"}],"is_underground":false,"has_parts":false,"version":3}},
{"id":"0a7b4c44-57f3-4505-bfd4-9e9942d97530","type":"Feature","geometry":{"type":"Polygon","coordinates":[[[41.0760531,19.124431],[41.0761148,19.1244154],[41.076151,19.1245431],[41.0760893,19.1245587],[41.0760531,19.124431]]]},"properties":{"sources":[{"property":"","dataset":"Microsoft ML Buildings","license":"ODbL-1.0","record_id":null,"update_time":"2018-09-01T00:00:00.000Z","confidence":null,"between":null,"provider":"microsoft","resource":"ml_buildings","version":"2025-02-25"}],"is_underground":false,"has_parts":false,"version":3}},
{"id":"1ba15416-f86b-432c-b58d-0df63b418dae","type":"Feature","geometry":{"type":"Polygon","coordinates":[[[41.0751247,19.1244263],[41.0753451,19.1243595],[41.0753997,19.1245203],[41.0751793,19.1245871],[41.0751247,19.1244263]]]},"properties":{"sources":[{"property":"","dataset":"Microsoft ML Buildings","license":"ODbL-1.0","record_id":null,"update_time":"2018-09-01T00:00:00.000Z","confidence":null,"between":null,"provider":"microsoft","resource":"ml_buildings","version":"2025-02-25"}],"is_underground":false,"has_parts":false,"version":3}},
{"id":"ae4c6641-b23a-4dd2-8853-3ffc6151ab91","type":"Feature","geometry":{"type":"Polygon","coordinates":[[[41.0753164,19.1242252],[41.0754202,19.1242015],[41.0754479,19.1243092],[41.075344,19.124333],[41.0753164,19.1242252]]]},"properties":{"sources":[{"property":"","dataset":"Microsoft ML Buildings","license":"ODbL-1.0","record_id":null,"update_time":"2018-09-01T00:00:00.000Z","confidence":null,"between":null,"provider":"microsoft","resource":"ml_buildings","version":"2025-02-25"}],"is_underground":false,"has_parts":false,"version":3}},
{"id":"75629b7d-6105-42c6-823e-f572153d73fb","type":"Feature","geometry":{"type":"Polygon","coordinates":[[[41.0753874,19.1246681],[41.0755713,19.1246222],[41.075669,19.1249713],[41.0755327,19.1250054],[41.0755002,19.1248893],[41.0754836,19.1248935],[41.0754736,19.1248579],[41.0753072,19.1248995],[41.0753351,19.124999],[41.0752047,19.1250315],[41.0751912,19.1249831],[41.0752388,19.1249712],[41.0752289,19.1249357],[41.0751687,19.1249507],[41.0751289,19.1248086],[41.0753354,19.1247571],[41.0753553,19.1248281],[41.0754271,19.1248102],[41.0753874,19.1246681]]]},"properties":{"sources":[{"property":"","dataset":"Microsoft ML Buildings","license":"ODbL-1.0","record_id":null,"update_time":"2018-09-01T00:00:00.000Z","confidence":null,"between":null,"provider":"microsoft","resource":"ml_buildings","version":"2025-02-25"}],"is_underground":false,"has_parts":false,"version":3}},
{"id":"c8ca58ca-6a30-4513-be4b-a52e8ff94ed6","type":"Feature","geometry":{"type":"Polygon","coordinates":[[[41.0750652,19.1250573],[41.0750769,19.1250902],[41.0750286,19.1251055],[41.0750108,19.1250554],[41.0749515,19.1250742],[41.0749333,19.1250231],[41.0750988,19.1249707],[41.075123,19.125039],[41.0750652,19.1250573]]]},"properties":{"sources":[{"property":"","dataset":"Microsoft ML Buildings","license":"ODbL-1.0","record_id":null,"update_time":"2018-09-01T00:00:00.000Z","confidence":null,"between":null,"provider":"microsoft","resource":"ml_buildings","version":"2025-02-25"}],"is_underground":false,"has_parts":false,"version":3}},
{"id":"0e34fb7e-9f25-4202-865c-93c4006bdf50","type":"Feature","geometry":{"type":"Polygon","coordinates":[[[41.0757358,19.1252194],[41.075887,19.1251784],[41.075941,19.1253564],[41.0757898,19.1253973],[41.0757358,19.1252194]]]},"properties":{"sources":[{"property":"","dataset":"Microsoft ML Buildings","license":"ODbL-1.0","record_id":null,"update_time":"2018-09-01T00:00:00.000Z","confidence":null,"between":null,"provider":"microsoft","resource":"ml_buildings","version":"2025-02-25"}],"is_underground":false,"has_parts":false,"version":3}},
{"id":"e476851f-07d4-4c4d-a700-a86aa6ce6eaf","type":"Feature","geometry":{"type":"Polygon","coordinates":[[[41.0759547,19.1255101],[41.0760001,19.1254993],[41.0760449,19.1256676],[41.0759733,19.1256846],[41.0759853,19.1257299],[41.0760317,19.1257188],[41.076052,19.1257951],[41.0758165,19.1258511],[41.0757149,19.1254698],[41.0759303,19.1254186],[41.0759547,19.1255101]]]},"properties":{"sources":[{"property":"","dataset":"Microsoft ML Buildings","license":"ODbL-1.0","record_id":null,"update_time":"2018-09-01T00:00:00.000Z","confidence":null,"between":null,"provider":"microsoft","resource":"ml_buildings","version":"2025-02-25"}],"is_underground":false,"has_parts":false,"version":3}},
{"id":"f234036d-93a0-43c0-a9cc-22a361a17c5e","type":"Feature","geometry":{"type":"Polygon","coordinates":[[[41.0761898,19.1254921],[41.076197,19.1255572],[41.0761466,19.1255622],[41.0761394,19.1254971],[41.0761898,19.1254921]]]},"properties":{"sources":[{"property":"","dataset":"Microsoft ML Buildings","license":"ODbL-1.0","record_id":null,"update_time":"2018-09-01T00:00:00.000Z","confidence":null,"between":null,"provider":"microsoft","resource":"ml_buildings","version":"2025-02-25"}],"is_underground":false,"has_parts":false,"version":3}},
{"id":"99d7b039-e455-4fff-bf1d-c6a6e2998a4f","type":"Feature","geometry":{"type":"Polygon","coordinates":[[[41.0762865,19.1251721],[41.0762974,19.1252205],[41.0760912,19.1252622],[41.0760803,19.1252137],[41.0762865,19.1251721]]]},"properties":{"sources":[{"property":"","dataset":"Microsoft ML Buildings","license":"ODbL-1.0","record_id":null,"update_time":"2018-09-01T00:00:00.000Z","confidence":null,"between":null,"provider":"microsoft","resource":"ml_buildings","version":"2025-02-25"}],"is_underground":false,"has_parts":false,"version":3}},
{"id":"c174923f-fc5c-430a-b546-b4aaf72ea072","type":"Feature","geometry":{"type":"Polygon","coordinates":[[[41.07569,19.1245542],[41.0759618,19.1244884],[41.075976,19.1245407],[41.0760187,19.1245303],[41.0760478,19.1246373],[41.0760167,19.1246448],[41.0760735,19.1248541],[41.0757901,19.1249228],[41.07569,19.1245542]]]},"properties":{"sources":[{"property":"","dataset":"Microsoft ML Buildings","license":"ODbL-1.0","record_id":null,"update_time":"2018-09-01T00:00:00.000Z","confidence":null,"between":null,"provider":"microsoft","resource":"ml_buildings","version":"2025-02-25"}],"is_underground":false,"has_parts":false,"version":3}},
{"id":"eb95e098-a3fe-4ab7-be95-5bdbe6a2cf97","type":"Feature","geometry":{"type":"Polygon","coordinates":[[[41.0761602,19.12465],[41.0762171,19.1246329],[41.0762674,19.1247826],[41.0762104,19.1247996],[41.0761602,19.12465]]]},"properties":{"sources":[{"property":"","dataset":"Microsoft ML Buildings","license":"ODbL-1.0","record_id":null,"update_time":"2018-09-01T00:00:00.000Z","confidence":null,"between":null,"provider":"microsoft","resource":"ml_buildings","version":"2025-02-25"}],"is_underground":false,"has_parts":false,"version":3}},
{"id":"fa3fa9ac-52b8-4f98-847f-7bbf77a2b10f","type":"Feature","geometry":{"type":"Polygon","coordinates":[[[41.0763181,19.1253372],[41.0764252,19.1253091],[41.076449,19.12539],[41.0763419,19.1254181],[41.0763181,19.1253372]]]},"properties":{"sources":[{"property":"","dataset":"Microsoft ML Buildings","license":"ODbL-1.0","record_id":null,"update_time":"2018-09-01T00:00:00.000Z","confidence":null,"between":null,"provider":"microsoft","resource":"ml_buildings","version":"2025-02-25"}],"is_underground":false,"has_parts":false,"version":3}},
{"id":"5df1eb9d-b7dc-491c-80c1-5d52999a98ae","type":"Feature","geometry":{"type":"Polygon","coordinates":[[[41.076481,19.1254009],[41.0765,19.125453],[41.0764521,19.1254686],[41.0764331,19.1254166],[41.076481,19.1254009]]]},"properties":{"sources":[{"property":"","dataset":"Microsoft ML Buildings","license":"ODbL-1.0","record_id":null,"update_time":"2018-09-01T00:00:00.000Z","confidence":null,"between":null,"provider":"microsoft","resource":"ml_buildings","version":"2025-02-25"}],"is_underground":false,"has_parts":false,"version":3}},
{"id":"2d901470-5512-44c2-89cc-4c370f17f979","type":"Feature","geometry":{"type":"Polygon","coordinates":[[[41.0765288,19.1256975],[41.0765506,19.1257784],[41.0764096,19.1258124],[41.0764324,19.1258971],[41.0762939,19.1259305],[41.0762492,19.1257649],[41.0765288,19.1256975]]]},"properties":{"sources":[{"property":"","dataset":"Microsoft ML Buildings","license":"ODbL-1.0","record_id":null,"update_time":"2018-09-01T00:00:00.000Z","confidence":null,"between":null,"provider":"microsoft","resource":"ml_buildings","version":"2025-02-25"}],"is_underground":false,"has_parts":false,"version":3}},
{"id":"47e1334e-30ee-48c2-a950-2f6532e6879f","type":"Feature","geometry":{"type":"Polygon","coordinates":[[[41.0765951,19.1257782],[41.0766368,19.1259175],[41.0764927,19.125956],[41.076451,19.1258166],[41.0765951,19.1257782]]]},"properties":{"sources":[{"property":"","dataset":"Microsoft ML Buildings","license":"ODbL-1.0","record_id":null,"update_time":"2018-09-01T00:00:00.000Z","confidence":null,"between":null,"provider":"microsoft","resource":"ml_buildings","version":"2025-02-25"}],"is_underground":false,"has_parts":false,"version":3}},
{"id":"a9cab9ca-43dd-439b-9ce8-3e5d0a7a1919","type":"Feature","geometry":{"type":"Polygon","coordinates":[[[41.0774842,19.1254375],[41.0775245,19.1254317],[41.0775303,19.1254673],[41.07749,19.1254731],[41.0774842,19.1254375]]]},"properties":{"sources":[{"property":"","dataset":"Microsoft ML Buildings","license":"ODbL-1.0","record_id":null,"update_time":"2018-09-01T00:00:00.000Z","confidence":null,"between":null,"provider":"microsoft","resource":"ml_buildings","version":"2025-02-25"}],"is_underground":false,"has_parts":false,"version":3}},
{"id":"04bea995-9904-4b6a-b675-336ee126d186","type":"Feature","geometry":{"type":"Polygon","coordinates":[[[41.0773647,19.125383],[41.0773631,19.1253172],[41.0775186,19.1253138],[41.0775213,19.1254227],[41.0773819,19.1254257],[41.0773808,19.1253827],[41.0773647,19.125383]]]},"properties":{"sources":[{"property":"","dataset":"Microsoft ML Buildings","license":"ODbL-1.0","record_id":null,"update_time":"2018-09-01T00:00:00.000Z","confidence":null,"between":null,"provider":"microsoft","resource":"ml_buildings","version":"2025-02-25"}],"is_underground":false,"has_parts":false,"version":3}},
{"id":"aabe1ac7-df1a-4267-b1d5-57ce1c50ee44","type":"Feature","geometry":{"type":"Polygon","coordinates":[[[41.0776624,19.1252495],[41.077686,19.1253852],[41.0775877,19.1254005],[41.0775641,19.1252648],[41.0776624,19.1252495]]]},"properties":{"sources":[{"property":"","dataset":"Microsoft ML Buildings","license":"ODbL-1.0","record_id":null,"update_time":"2018-09-01T00:00:00.000Z","confidence":null,"between":null,"provider":"microsoft","resource":"ml_buildings","version":"2025-02-25"}],"is_underground":false,"has_parts":false,"version":3}},
{"id":"095ef69d-e3e7-4f45-9193-285dadf5e0be","type":"Feature","geometry":{"type":"Polygon","coordinates":[[[41.0776925,19.125132],[41.077705,19.1252096],[41.0775949,19.1252255],[41.0775381,19.1248729],[41.0776334,19.1248591],[41.0776408,19.1249046],[41.0776712,19.1249002],[41.077708199999996,19.1251297],[41.0776925,19.125132]]]},"properties":{"sources":[{"property":"","dataset":"Microsoft ML Buildings","license":"ODbL-1.0","record_id":null,"update_time":"2018-09-01T00:00:00.000Z","confidence":null,"between":null,"provider":"microsoft","resource":"ml_buildings","version":"2025-02-25"}],"is_underground":false,"has_parts":false,"version":3}},
{"id":"b776872d-8cdf-4b8e-b581-61322f7bf6d1","type":"Feature","geometry":{"type":"Polygon","coordinates":[[[41.0775227,19.1249197],[41.0775242,19.1250058],[41.0774733,19.1250066],[41.0774717,19.1249205],[41.0775227,19.1249197]]]},"properties":{"sources":[{"property":"","dataset":"Microsoft ML Buildings","license":"ODbL-1.0","record_id":null,"update_time":"2018-09-01T00:00:00.000Z","confidence":null,"between":null,"provider":"microsoft","resource":"ml_buildings","version":"2025-02-25"}],"is_underground":false,"has_parts":false,"version":3}},
{"id":"21281320-9091-439a-93c2-bc84f2762fc9","type":"Feature","geometry":{"type":"Polygon","coordinates":[[[41.0776231,19.1245699],[41.0775953,19.1245055],[41.0776343,19.1244905],[41.0776622,19.1245548],[41.0776231,19.1245699]]]},"properties":{"sources":[{"property":"","dataset":"Microsoft ML Buildings","license":"ODbL-1.0","record_id":null,"update_time":"2018-09-01T00:00:00.000Z","confidence":null,"between":null,"provider":"microsoft","resource":"ml_buildings","version":"2025-02-25"}],"is_underground":false,"has_parts":false,"version":3}},
{"id":"8b92efbe-68d7-478f-885a-2b448941c44d","type":"Feature","geometry":{"type":"Polygon","coordinates":[[[41.0764948,19.1245224],[41.0764664,19.1243894],[41.076585,19.1243668],[41.0765954,19.1244155],[41.0767587,19.1243844],[41.0767767,19.1244686],[41.0764948,19.1245224]]]},"properties":{"sources":[{"property":"","dataset":"Microsoft ML Buildings","license":"ODbL-1.0","record_id":null,"update_time":"2018-09-01T00:00:00.000Z","confidence":null,"between":null,"provider":"microsoft","resource":"ml_buildings","version":"2025-02-25"}],"is_underground":false,"has_parts":false,"version":3}},
{"id":"e6e73187-125d-467b-8745-babf1d062a45","type":"Feature","geometry":{"type":"Polygon","coordinates":[[[41.0763609,19.1243021],[41.0763325,19.1241867],[41.0763986,19.1241721],[41.076427,19.1242875],[41.0763609,19.1243021]]]},"properties":{"sources":[{"property":"","dataset":"Microsoft ML Buildings","license":"ODbL-1.0","record_id":null,"update_time":"2018-09-01T00:00:00.000Z","confidence":null,"between":null,"provider":"microsoft","resource":"ml_buildings","version":"2025-02-25"}],"is_underground":false,"has_parts":false,"version":3}},
{"id":"72cd2adc-d973-47e6-92db-13b16d33b41c","type":"Feature","geometry":{"type":"Polygon","coordinates":[[[41.0767692,19.1242403],[41.0767329,19.1240911],[41.0769419,19.1240458],[41.0769553,19.1241011],[41.0769741,19.1240971],[41.0769969,19.124191],[41.0767692,19.1242403]]]},"properties":{"sources":[{"property":"","dataset":"Microsoft ML Buildings","license":"ODbL-1.0","record_id":null,"update_time":"2018-09-01T00:00:00.000Z","confidence":null,"between":null,"provider":"microsoft","resource":"ml_buildings","version":"2025-02-25"}],"is_underground":false,"has_parts":false,"version":3}},
{"id":"f12d859e-e5d2-4a5e-85da-105e0a511a70","type":"Feature","geometry":{"type":"Polygon","coordinates":[[[41.0772767,19.1237122],[41.0772936,19.1237702],[41.0772089,19.1237923],[41.0771919,19.1237344],[41.0772767,19.1237122]]]},"properties":{"sources":[{"property":"","dataset":"Microsoft ML Buildings","license":"ODbL-1.0","record_id":null,"update_time":"2018-09-01T00:00:00.000Z","confidence":null,"between":null,"provider":"microsoft","resource":"ml_buildings","version":"2025-02-25"}],"is_underground":false,"has_parts":false,"version":3}},
{"id":"2855547a-c5a4-4c0c-a8fd-b85c63c88aa9","type":"Feature","geometry":{"type":"Polygon","coordinates":[[[41.0774298,19.1237323],[41.0774229,19.1236954],[41.0775495,19.1236744],[41.0775563,19.1237113],[41.0774298,19.1237323]]]},"properties":{"sources":[{"property":"","dataset":"Microsoft ML Buildings","license":"ODbL-1.0","record_id":null,"update_time":"2018-09-01T00:00:00.000Z","confidence":null,"between":null,"provider":"microsoft","resource":"ml_buildings","version":"2025-02-25"}],"is_underground":false,"has_parts":false,"version":3}},
{"id":"649613a1-74bb-4df7-b1ac-75f4c15bfc64","type":"Feature","geometry":{"type":"Polygon","coordinates":[[[41.0775665,19.1232517],[41.0776436,19.1235784],[41.0773277,19.123645],[41.0772588,19.1233529],[41.077315,19.123341],[41.0773068,19.1233063],[41.0775665,19.1232517]]]},"properties":{"sources":[{"property":"","dataset":"Microsoft ML Buildings","license":"ODbL-1.0","record_id":null,"update_time":"2018-09-01T00:00:00.000Z","confidence":null,"between":null,"provider":"microsoft","resource":"ml_buildings","version":"2025-02-25"}],"is_underground":false,"has_parts":false,"version":3}},
{"id":"5b101038-25a2-4164-ae19-564bfff93c6c","type":"Feature","geometry":{"type":"Polygon","coordinates":[[[41.0772233,19.1232072],[41.0775047,19.1231432],[41.0775324,19.1232519],[41.077251,19.1233159],[41.0772233,19.1232072]]]},"properties":{"sources":[{"property":"","dataset":"Microsoft ML Buildings","license":"ODbL-1.0","record_id":null,"update_time":"2018-09-01T00:00:00.000Z","confidence":null,"between":null,"provider":"microsoft","resource":"ml_buildings","version":"2025-02-25"}],"is_underground":false,"has_parts":false,"version":3}},
{"id":"95cafc36-f618-4480-a492-24a2ad967935","type":"Feature","geometry":{"type":"Polygon","coordinates":[[[41.077771,19.1231115],[41.0778508,19.123419],[41.0776651,19.123462],[41.0775853,19.1231545],[41.077771,19.1231115]]]},"properties":{"sources":[{"property":"","dataset":"Microsoft ML Buildings","license":"ODbL-1.0","record_id":null,"update_time":"2018-09-01T00:00:00.000Z","confidence":null,"between":null,"provider":"microsoft","resource":"ml_buildings","version":"2025-02-25"}],"is_underground":false,"has_parts":false,"version":3}},
{"id":"8e1f5c3d-4be5-4456-b020-35f21248b179","type":"Feature","geometry":{"type":"Polygon","coordinates":[[[41.0778775,19.1235025],[41.0780263,19.1234726],[41.0780334,19.1235041],[41.078077,19.1234954],[41.0780961,19.1235802],[41.0777676,19.1236462],[41.0777486,19.1235613],[41.0778846,19.123534],[41.0778775,19.1235025]]]},"properties":{"sources":[{"property":"","dataset":"Microsoft ML Buildings","license":"ODbL-1.0","record_id":null,"update_time":"2018-09-01T00:00:00.000Z","confidence":null,"between":null,"provider":"microsoft","resource":"ml_buildings","version":"2025-02-25"}],"is_underground":false,"has_parts":false,"version":3}},
{"id":"885e0730-130f-4c1e-9bd3-f8bd6de3baeb","type":"Feature","geometry":{"type":"Polygon","coordinates":[[[41.0778307,19.1238368],[41.0780362,19.1237883],[41.0780619,19.1239294],[41.0779008,19.123967],[41.0779498,19.1241633],[41.0774104,19.1242935],[41.0773217,19.1239427],[41.0774618,19.1239096],[41.0774921,19.1239956],[41.0777093,19.1239427],[41.0777023,19.1238942],[41.0778331,19.1238743],[41.0778307,19.1238368]]]},"properties":{"sources":[{"property":"","dataset":"OpenStreetMap","license":"ODbL-1.0","record_id":"w1063328627@1","update_time":"2022-05-24T16:10:30.000Z","confidence":null,"between":null,"provider":"osm","resource":"planet","version":"2026-08-02T00:00:00.000Z"}],"is_underground":false,"has_parts":false,"version":1}},
{"id":"3973d0fe-08ba-4a83-bab7-419463ba7347","type":"Feature","geometry":{"type":"Polygon","coordinates":[[[41.0777348,19.1245355],[41.0776893,19.1245369],[41.0776838,19.124379],[41.0777615,19.1243766],[41.077763,19.1244206],[41.0778059,19.1244192],[41.0778075,19.1244664],[41.0778852,19.124464],[41.0778874,19.1245282],[41.0778553,19.1245292],[41.0778573,19.1245865],[41.0777367,19.1245903],[41.0777348,19.1245355]]]},"properties":{"sources":[{"property":"","dataset":"Microsoft ML Buildings","license":"ODbL-1.0","record_id":null,"update_time":"2018-09-01T00:00:00.000Z","confidence":null,"between":null,"provider":"microsoft","resource":"ml_buildings","version":"2025-02-25"}],"is_underground":false,"has_parts":false,"version":3}},
{"id":"aa1be8d4-eeca-4309-9bed-a9ab68ad0d3a","type":"Feature","geometry":{"type":"Polygon","coordinates":[[[41.0779572,19.1245149],[41.0778999,19.1244186],[41.077978,19.1243771],[41.0780353,19.1244734],[41.0779572,19.1245149]]]},"properties":{"sources":[{"property":"","dataset":"Microsoft ML Buildings","license":"ODbL-1.0","record_id":null,"update_time":"2018-09-01T00:00:00.000Z","confidence":null,"between":null,"provider":"microsoft","resource":"ml_buildings","version":"2025-02-25"}],"is_underground":false,"has_parts":false,"version":3}},
{"id":"7aa73396-9f6b-4918-9e9e-658059eeed53","type":"Feature","geometry":{"type":"Polygon","coordinates":[[[41.077947,19.1245311],[41.0780786,19.1244959],[41.0780996,19.1245662],[41.077968,19.1246015],[41.077947,19.1245311]]]},"properties":{"sources":[{"property":"","dataset":"Microsoft ML Buildings","license":"ODbL-1.0","record_id":null,"update_time":"2018-09-01T00:00:00.000Z","confidence":null,"between":null,"provider":"microsoft","resource":"ml_buildings","version":"2025-02-25"}],"is_underground":false,"has_parts":false,"version":3}},
{"id":"e135cbb2-c85b-4b21-bc3e-6b00deb573d3","type":"Feature","geometry":{"type":"Polygon","coordinates":[[[41.0782849,19.124473],[41.0783069,19.1245333],[41.0781496,19.1245846],[41.0781176,19.1244971],[41.0781344,19.1244916],[41.0780633,19.1242969],[41.0781376,19.1242727],[41.0781516,19.1243112],[41.0782188,19.1242893],[41.0782857,19.1244727],[41.0782849,19.124473]]]},"properties":{"sources":[{"property":"","dataset":"Microsoft ML Buildings","license":"ODbL-1.0","record_id":null,"update_time":"2018-09-01T00:00:00.000Z","confidence":null,"between":null,"provider":"microsoft","resource":"ml_buildings","version":"2025-02-25"}],"is_underground":false,"has_parts":false,"version":3}},
{"id":"a9aa2d08-c681-4b4b-9407-fa6561928ac0","type":"Feature","geometry":{"type":"Polygon","coordinates":[[[41.0785293,19.1245437],[41.0786605,19.1245126],[41.0786782,19.1245794],[41.078547,19.1246105],[41.0785293,19.1245437]]]},"properties":{"sources":[{"property":"","dataset":"Microsoft ML Buildings","license":"ODbL-1.0","record_id":null,"update_time":"2018-09-01T00:00:00.000Z","confidence":null,"between":null,"provider":"microsoft","resource":"ml_buildings","version":"2025-02-25"}],"is_underground":false,"has_parts":false,"version":3}},
{"id":"78e7abea-d33d-4742-9037-601a36315428","type":"Feature","geometry":{"type":"Polygon","coordinates":[[[41.0787537,19.1244127],[41.0787521,19.1244795],[41.078535,19.1244751],[41.0785387,19.124312],[41.0786174,19.1243136],[41.0786159,19.1243779],[41.0787071,19.1243797],[41.0787064,19.1244117],[41.0787537,19.1244127]]]},"properties":{"sources":[{"property":"","dataset":"Microsoft ML Buildings","license":"ODbL-1.0","record_id":null,"update_time":"2018-09-01T00:00:00.000Z","confidence":null,"between":null,"provider":"microsoft","resource":"ml_buildings","version":"2025-02-25"}],"is_underground":false,"has_parts":false,"version":3}},
{"id":"2c3a03c6-5d65-43fd-ba3e-b081d304ba12","type":"Feature","geometry":{"type":"Polygon","coordinates":[[[41.0790401,19.1239468],[41.0790421,19.1239933],[41.0789903,19.1239953],[41.0789882,19.1239488],[41.0790401,19.1239468]]]},"properties":{"sources":[{"property":"","dataset":"Microsoft ML Buildings","license":"ODbL-1.0","record_id":null,"update_time":"2018-09-01T00:00:00.000Z","confidence":null,"between":null,"provider":"microsoft","resource":"ml_buildings","version":"2025-02-25"}],"is_underground":false,"has_parts":false,"version":3}},
{"id":"25903dd1-6589-4a88-aeda-392a7b2bf6b0","type":"Feature","geometry":{"type":"Polygon","coordinates":[[[41.0789413,19.1236219],[41.0789222,19.1235532],[41.0790151,19.1235302],[41.0790341,19.123599],[41.0789413,19.1236219]]]},"properties":{"sources":[{"property":"","dataset":"Microsoft ML Buildings","license":"ODbL-1.0","record_id":null,"update_time":"2018-09-01T00:00:00.000Z","confidence":null,"between":null,"provider":"microsoft","resource":"ml_buildings","version":"2025-02-25"}],"is_underground":false,"has_parts":false,"version":3}},
{"id":"a8ee5a94-a747-4fdc-8b33-631c8ae5af58","type":"Feature","geometry":{"type":"Polygon","coordinates":[[[41.0782347,19.1237155],[41.0786783,19.1236074],[41.078718,19.1239647],[41.078167,19.1241037],[41.0781203,19.1239339],[41.078272,19.1238831],[41.0782347,19.1237155]]]},"properties":{"sources":[{"property":"","dataset":"OpenStreetMap","license":"ODbL-1.0","record_id":"w1063328626@1","update_time":"2022-05-24T16:10:30.000Z","confidence":null,"between":null,"provider":"osm","resource":"planet","version":"2026-08-02T00:00:00.000Z"}],"is_underground":false,"has_parts":false,"version":1}},
{"id":"dc3ef295-fa41-4c31-8775-dcac860ce918","type":"Feature","geometry":{"type":"Polygon","coordinates":[[[41.0790899,19.1235978],[41.0790856,19.1235628],[41.0791395,19.1235569],[41.0791438,19.1235919],[41.0790899,19.1235978]]]},"properties":{"sources":[{"property":"","dataset":"Microsoft ML Buildings","license":"ODbL-1.0","record_id":null,"update_time":"2018-09-01T00:00:00.000Z","confidence":null,"between":null,"provider":"microsoft","resource":"ml_buildings","version":"2025-02-25"}],"is_underground":false,"has_parts":false,"version":3}},
{"id":"a8855a56-14c0-4139-8e90-9c2fc5d02c97","type":"Feature","geometry":{"type":"Polygon","coordinates":[[[41.0790953,19.1238361],[41.0790574,19.1236148],[41.0791505,19.1236006],[41.0791884,19.1238219],[41.0790953,19.1238361]]]},"properties":{"sources":[{"property":"","dataset":"Microsoft ML Buildings","license":"ODbL-1.0","record_id":null,"update_time":"2018-09-01T00:00:00.000Z","confidence":null,"between":null,"provider":"microsoft","resource":"ml_buildings","version":"2025-02-25"}],"is_underground":false,"has_parts":false,"version":3}},
{"id":"a793f150-90f7-47d9-9d79-b85227c129e9","type":"Feature","geometry":{"type":"Polygon","coordinates":[[[41.0795098,19.1234248],[41.079583,19.1237945],[41.0794223,19.1238229],[41.0793671,19.1235438],[41.0794112,19.123536],[41.0793932,19.1234454],[41.0795098,19.1234248]]]},"properties":{"sources":[{"property":"","dataset":"Microsoft ML Buildings","license":"ODbL-1.0","record_id":null,"update_time":"2018-09-01T00:00:00.000Z","confidence":null,"between":null,"provider":"microsoft","resource":"ml_buildings","version":"2025-02-25"}],"is_underground":false,"has_parts":false,"version":3}},
{"id":"1015a70c-6571-4f00-b5df-034f420ae0dd","type":"Feature","geometry":{"type":"Polygon","coordinates":[[[41.0800081,19.123499],[41.0799787,19.1233895],[41.080013,19.1233813],[41.0800053,19.1233527],[41.0800366,19.1233452],[41.0800477,19.1233867],[41.0801813,19.1233547],[41.0802072,19.1234513],[41.0800081,19.123499]]]},"properties":{"sources":[{"property":"","dataset":"Microsoft ML Buildings","license":"ODbL-1.0","record_id":null,"update_time":"2018-09-01T00:00:00.000Z","confidence":null,"between":null,"provider":"microsoft","resource":"ml_buildings","version":"2025-02-25"}],"is_underground":false,"has_parts":false,"version":3}},
{"id":"1593e997-1028-424e-a160-c405584089cc","type":"Feature","geometry":{"type":"Polygon","coordinates":[[[41.0802499,19.1235934],[41.0802268,19.1235387],[41.0801907,19.1235523],[41.080163,19.1234866],[41.0802293,19.1234617],[41.08028,19.1235821],[41.0802499,19.1235934]]]},"properties":{"sources":[{"property":"","dataset":"Microsoft ML Buildings","license":"ODbL-1.0","record_id":null,"update_time":"2018-09-01T00:00:00.000Z","confidence":null,"between":null,"provider":"microsoft","resource":"ml_buildings","version":"2025-02-25"}],"is_underground":false,"has_parts":false,"version":3}},
{"id":"b76a6b57-3ee8-4113-99ae-37d4e3d29d77","type":"Feature","geometry":{"type":"Polygon","coordinates":[[[41.0800823,19.1236616],[41.0800912,19.123703],[41.0800432,19.1237122],[41.0800343,19.1236709],[41.0800823,19.1236616]]]},"properties":{"sources":[{"property":"","dataset":"Microsoft ML Buildings","license":"ODbL-1.0","record_id":null,"update_time":"2018-09-01T00:00:00.000Z","confidence":null,"between":null,"provider":"microsoft","resource":"ml_buildings","version":"2025-02-25"}],"is_underground":false,"has_parts":false,"version":3}},
{"id":"fbf241d6-a8da-4f26-8541-d818c6ac1dd8","type":"Feature","geometry":{"type":"Polygon","coordinates":[[[41.079982,19.1235046],[41.0799583,19.1235077],[41.0799899,19.1237215],[41.0799284,19.1237296],[41.0798836,19.1234263],[41.0799688,19.1234151],[41.079982,19.1235046]]]},"properties":{"sources":[{"property":"","dataset":"Microsoft ML Buildings","license":"ODbL-1.0","record_id":null,"update_time":"2018-09-01T00:00:00.000Z","confidence":null,"between":null,"provider":"microsoft","resource":"ml_buildings","version":"2025-02-25"}],"is_underground":false,"has_parts":false,"version":3}},
{"id":"488f2647-c4c1-4055-867c-8617f8fd7b56","type":"Feature","geometry":{"type":"Polygon","coordinates":[[[41.0798109,19.1240114],[41.08,19.1239738],[41.0800275,19.1240976],[41.0798384,19.1241352],[41.0798109,19.1240114]]]},"properties":{"sources":[{"property":"","dataset":"Microsoft ML Buildings","license":"ODbL-1.0","record_id":null,"update_time":"2018-09-01T00:00:00.000Z","confidence":null,"between":null,"provider":"microsoft","resource":"ml_buildings","version":"2025-02-25"}],"is_underground":false,"has_parts":false,"version":3}},
{"id":"1bc4d47c-66b9-426c-aaac-6b2231049571","type":"Feature","geometry":{"type":"Polygon","coordinates":[[[41.0802203,19.1244212],[41.0802449,19.1245446],[41.0799651,19.1245943],[41.0799486,19.1245111],[41.0801014,19.124484],[41.0800934,19.1244438],[41.0802203,19.1244212]]]},"properties":{"sources":[{"property":"","dataset":"Microsoft ML Buildings","license":"ODbL-1.0","record_id":null,"update_time":"2018-09-01T00:00:00.000Z","confidence":null,"between":null,"provider":"microsoft","resource":"ml_buildings","version":"2025-02-25"}],"is_underground":false,"has_parts":false,"version":3}},
{"id":"5fe0ef37-95ff-4b05-9ed6-2dda3e32f91f","type":"Feature","geometry":{"type":"Polygon","coordinates":[[[41.080038,19.1241311],[41.0800653,19.1242336],[41.0801394,19.1242159],[41.0801489,19.1242517],[41.080201,19.1242393],[41.080234,19.1243632],[41.0800953,19.1243962],[41.0800744,19.1243176],[41.0798903,19.1243615],[41.0798413,19.124178],[41.080038,19.1241311]]]},"properties":{"sources":[{"property":"","dataset":"Microsoft ML Buildings","license":"ODbL-1.0","record_id":null,"update_time":"2018-09-01T00:00:00.000Z","confidence":null,"between":null,"provider":"microsoft","resource":"ml_buildings","version":"2025-02-25"}],"is_underground":false,"has_parts":false,"version":3}},
{"id":"3cdbddff-da05-4d7c-8760-ab081ae79848","type":"Feature","geometry":{"type":"Polygon","coordinates":[[[41.0794821,19.1242658],[41.0794666,19.1240922],[41.0795048,19.1240891],[41.0795204,19.1242627],[41.0794821,19.1242658]]]},"properties":{"sources":[{"property":"","dataset":"Microsoft ML Buildings","license":"ODbL-1.0","record_id":null,"update_time":"2018-09-01T00:00:00.000Z","confidence":null,"between":null,"provider":"microsoft","resource":"ml_buildings","version":"2025-02-25"}],"is_underground":false,"has_parts":false,"version":3}},
{"id":"003a963c-f5a0-4811-a174-0a443d9008db","type":"Feature","geometry":{"type":"Polygon","coordinates":[[[41.079413,19.1242813],[41.0793963,19.1241893],[41.0794624,19.1241786],[41.0794791,19.1242706],[41.079413,19.1242813]]]},"properties":{"sources":[{"property":"","dataset":"Microsoft ML Buildings","license":"ODbL-1.0","record_id":null,"update_time":"2018-09-01T00:00:00.000Z","confidence":null,"between":null,"provider":"microsoft","resource":"ml_buildings","version":"2025-02-25"}],"is_underground":false,"has_parts":false,"version":3}},
{"id":"35a8f670-4d92-4360-8f50-1187a3bce019","type":"Feature","geometry":{"type":"Polygon","coordinates":[[[41.0793224,19.1241181],[41.0793658,19.1241137],[41.079386,19.124291500000002],[41.0792746,19.1243029],[41.0792559,19.1241385],[41.0793239,19.1241316],[41.0793224,19.1241181]]]},"properties":{"sources":[{"property":"","dataset":"Microsoft ML Buildings","license":"ODbL-1.0","record_id":null,"update_time":"2018-09-01T00:00:00.000Z","confidence":null,"between":null,"provider":"microsoft","resource":"ml_buildings","version":"2025-02-25"}],"is_underground":false,"has_parts":false,"version":3}},
{"id":"4eb5df8f-cf2b-489a-b071-4713a028cf3f","type":"Feature","geometry":{"type":"Polygon","coordinates":[[[41.0794475,19.1240874],[41.0794619,19.1241572],[41.0793922,19.1241701],[41.0793777,19.1241003],[41.0794475,19.1240874]]]},"properties":{"sources":[{"property":"","dataset":"Microsoft ML Buildings","license":"ODbL-1.0","record_id":null,"update_time":"2018-09-01T00:00:00.000Z","confidence":null,"between":null,"provider":"microsoft","resource":"ml_buildings","version":"2025-02-25"}],"is_underground":false,"has_parts":false,"version":3}},
{"id":"84a8b8a8-6d7c-4090-b490-be0a67ee0f1b","type":"Feature","geometry":{"type":"Polygon","coordinates":[[[41.0794819,19.1239811],[41.0794796,19.1239688],[41.0795073,19.1239642],[41.0795247,19.1240576],[41.0793254,19.1240909],[41.0793103,19.1240098],[41.0794819,19.1239811]]]},"properties":{"sources":[{"property":"","dataset":"Microsoft ML Buildings","license":"ODbL-1.0","record_id":null,"update_time":"2018-09-01T00:00:00.000Z","confidence":null,"between":null,"provider":"microsoft","resource":"ml_buildings","version":"2025-02-25"}],"is_underground":false,"has_parts":false,"version":3}},
{"id":"19430c1f-41a6-4d8a-8e70-501121a3ea21","type":"Feature","geometry":{"type":"Polygon","coordinates":[[[41.0793214,19.1241249],[41.0792345,19.1241362],[41.0792596,19.1243088],[41.0791412,19.1243242],[41.0790998,19.1240397],[41.0792156,19.1240246],[41.0792154,19.1240231],[41.0793049,19.1240115],[41.0793214,19.1241249]]]},"properties":{"sources":[{"property":"","dataset":"Microsoft ML Buildings","license":"ODbL-1.0","record_id":null,"update_time":"2018-09-01T00:00:00.000Z","confidence":null,"between":null,"provider":"microsoft","resource":"ml_buildings","version":"2025-02-25"}],"is_underground":false,"has_parts":false,"version":3}},
{"id":"593a0196-ef91-47e3-8a71-d3bbbfd91431","type":"Feature","geometry":{"type":"Polygon","coordinates":[[[41.0797235,19.1242102],[41.0797662,19.1245125],[41.0793885,19.1245601],[41.0793867,19.1245477],[41.079298,19.1245589],[41.0792934,19.1245265],[41.0791538,19.1245441],[41.0791589,19.1245805],[41.0791062,19.1245872],[41.0790835,19.1244263],[41.079376,19.1243894],[41.0793706,19.124351],[41.0795419,19.1243294],[41.0795283,19.1242333],[41.079581,19.1242267],[41.0795439,19.1239642],[41.0796124,19.1239556],[41.0796497,19.1242195],[41.0797235,19.1242102]]]},"properties":{"sources":[{"property":"","dataset":"Microsoft ML Buildings","license":"ODbL-1.0","record_id":null,"update_time":"2018-09-01T00:00:00.000Z","confidence":null,"between":null,"provider":"microsoft","resource":"ml_buildings","version":"2025-02-25"}],"is_underground":false,"has_parts":false,"version":3}},
{"id":"80f87484-ee26-4109-9b75-88e75c6a4b7c","type":"Feature","geometry":{"type":"Polygon","coordinates":[[[41.0793728,19.1250376],[41.0792658,19.1250432],[41.0792469,19.1247173],[41.0793806,19.1247103],[41.0793897,19.124867],[41.0794592,19.1248634],[41.0794608,19.1248912],[41.0795277,19.1248877],[41.079525,19.1248422],[41.0795758,19.1248396],[41.0795839,19.1249785],[41.0795117,19.1249823],[41.0795174,19.1250808],[41.0793757,19.1250882],[41.0793728,19.1250376]]]},"properties":{"sources":[{"property":"","dataset":"Microsoft ML Buildings","license":"ODbL-1.0","record_id":null,"update_time":"2018-09-01T00:00:00.000Z","confidence":null,"between":null,"provider":"microsoft","resource":"ml_buildings","version":"2025-02-25"}],"is_underground":false,"has_parts":false,"version":3}},
{"id":"c5699a9f-3804-4b2f-8ac3-e6078a13be1b","type":"Feature","geometry":{"type":"Polygon","coordinates":[[[41.0795988,19.1250402],[41.0796225,19.1250912],[41.0795865,19.1251061],[41.0795628,19.1250551],[41.0795988,19.1250402]]]},"properties":{"sources":[{"property":"","dataset":"Microsoft ML Buildings","license":"ODbL-1.0","record_id":null,"update_time":"2018-09-01T00:00:00.000Z","confidence":null,"between":null,"provider":"microsoft","resource":"ml_buildings","version":"2025-02-25"}],"is_underground":false,"has_parts":false,"version":3}},
{"id":"bc0bce6d-1ca8-4760-bd74-3e6dcc267054","type":"Feature","geometry":{"type":"Polygon","coordinates":[[[41.0794916,19.1252315],[41.0794549,19.1251499],[41.0795435,19.1251143],[41.0795802,19.1251959],[41.0794916,19.1252315]]]},"properties":{"sources":[{"property":"","dataset":"Microsoft ML Buildings","license":"ODbL-1.0","record_id":null,"update_time":"2018-09-01T00:00:00.000Z","confidence":null,"between":null,"provider":"microsoft","resource":"ml_buildings","version":"2025-02-25"}],"is_underground":false,"has_parts":false,"version":3}},
{"id":"14b75bc4-c2de-4918-be31-b595170055f8","type":"Feature","geometry":{"type":"Polygon","coordinates":[[[41.079792,19.1249116],[41.0798501,19.125037],[41.0796859,19.125105],[41.0796277,19.1249796],[41.079792,19.1249116]]]},"properties":{"sources":[{"property":"","dataset":"Microsoft ML Buildings","license":"ODbL-1.0","record_id":null,"update_time":"2018-09-01T00:00:00.000Z","confidence":null,"between":null,"provider":"microsoft","resource":"ml_buildings","version":"2025-02-25"}],"is_underground":false,"has_parts":false,"version":3}},
{"id":"cc8f4557-c264-4cb1-a4ae-dc59e88fa121","type":"Feature","geometry":{"type":"Polygon","coordinates":[[[41.0796931,19.1248153],[41.0797393,19.1247977],[41.0797755,19.1248828],[41.0797293,19.1249003],[41.0796931,19.1248153]]]},"properties":{"sources":[{"property":"","dataset":"Microsoft ML Buildings","license":"ODbL-1.0","record_id":null,"update_time":"2018-09-01T00:00:00.000Z","confidence":null,"between":null,"provider":"microsoft","resource":"ml_buildings","version":"2025-02-25"}],"is_underground":false,"has_parts":false,"version":3}},
{"id":"a250d9fa-b228-4b8b-9a15-b740fd703611","type":"Feature","geometry":{"type":"Polygon","coordinates":[[[41.079627,19.1248063],[41.0796101,19.1247446],[41.0797349,19.1247141],[41.0797518,19.1247759],[41.079627,19.1248063]]]},"properties":{"sources":[{"property":"","dataset":"Microsoft ML Buildings","license":"ODbL-1.0","record_id":null,"update_time":"2018-09-01T00:00:00.000Z","confidence":null,"between":null,"provider":"microsoft","resource":"ml_buildings","version":"2025-02-25"}],"is_underground":false,"has_parts":false,"version":3}},
{"id":"ed04ec34-01b1-4131-b154-9c7c6872e7b3","type":"Feature","geometry":{"type":"Polygon","coordinates":[[[41.0794214,19.1248029],[41.0793826,19.1246685],[41.0795432,19.1246271],[41.0795821,19.1247615],[41.0794214,19.1248029]]]},"properties":{"sources":[{"property":"","dataset":"Microsoft ML Buildings","license":"ODbL-1.0","record_id":null,"update_time":"2018-09-01T00:00:00.000Z","confidence":null,"between":null,"provider":"microsoft","resource":"ml_buildings","version":"2025-02-25"}],"is_underground":false,"has_parts":false,"version":3}},
{"id":"969fddc8-734f-4b84-b358-f85fb53a0928","type":"Feature","geometry":{"type":"Polygon","coordinates":[[[41.0798401,19.1246666],[41.0798969,19.124656],[41.0799136,19.1247366],[41.0798567,19.1247471],[41.0798572,19.1247495],[41.0797772,19.1247643],[41.0797524,19.1246448],[41.0798325,19.1246299],[41.0798401,19.1246666]]]},"properties":{"sources":[{"property":"","dataset":"Microsoft ML Buildings","license":"ODbL-1.0","record_id":null,"update_time":"2018-09-01T00:00:00.000Z","confidence":null,"between":null,"provider":"microsoft","resource":"ml_buildings","version":"2025-02-25"}],"is_underground":false,"has_parts":false,"version":3}},
{"id":"e5ed92a8-b76a-4631-9d0b-adf06d6415a7","type":"Feature","geometry":{"type":"Polygon","coordinates":[[[41.0798735,19.1247587],[41.0799455,19.1247446],[41.0799654,19.1248355],[41.0798934,19.1248496],[41.0798735,19.1247587]]]},"properties":{"sources":[{"property":"","dataset":"Microsoft ML Buildings","license":"ODbL-1.0","record_id":null,"update_time":"2018-09-01T00:00:00.000Z","confidence":null,"between":null,"provider":"microsoft","resource":"ml_buildings","version":"2025-02-25"}],"is_underground":false,"has_parts":false,"version":3}},
{"id":"5f906215-9e3e-4336-8748-6978aa6168d5","type":"Feature","geometry":{"type":"Polygon","coordinates":[[[41.0801567,19.1246831],[41.0801732,19.1247296],[41.0800743,19.1247609],[41.0800578,19.1247143],[41.0801567,19.1246831]]]},"properties":{"sources":[{"property":"","dataset":"Microsoft ML Buildings","license":"ODbL-1.0","record_id":null,"update_time":"2018-09-01T00:00:00.000Z","confidence":null,"between":null,"provider":"microsoft","resource":"ml_buildings","version":"2025-02-25"}],"is_underground":false,"has_parts":false,"version":3}},
{"id":"94c740f3-fca3-41e4-bebf-7d09d8ad142a","type":"Feature","geometry":{"type":"Polygon","coordinates":[[[41.0802601,19.1247301],[41.0802558,19.1246848],[41.0802691,19.1246837],[41.0802643,19.1246334],[41.080408,19.1246212],[41.0804195,19.1247419],[41.0802971,19.1247523],[41.0802947,19.1247271],[41.0802601,19.1247301]]]},"properties":{"sources":[{"property":"","dataset":"Microsoft ML Buildings","license":"ODbL-1.0","record_id":null,"update_time":"2018-09-01T00:00:00.000Z","confidence":null,"between":null,"provider":"microsoft","resource":"ml_buildings","version":"2025-02-25"}],"is_underground":false,"has_parts":false,"version":3}},
{"id":"dd6debf5-f661-4eda-8d8b-863be4527013","type":"Feature","geometry":{"type":"Polygon","coordinates":[[[41.0805147,19.1246199],[41.080518,19.1247085],[41.0804349,19.1247113],[41.0804316,19.1246227],[41.0805147,19.1246199]]]},"properties":{"sources":[{"property":"","dataset":"Microsoft ML Buildings","license":"ODbL-1.0","record_id":null,"update_time":"2018-09-01T00:00:00.000Z","confidence":null,"between":null,"provider":"microsoft","resource":"ml_buildings","version":"2025-02-25"}],"is_underground":false,"has_parts":false,"version":3}},
{"id":"b902b6bb-05e4-4a87-897d-4d1af0255663","type":"Feature","geometry":{"type":"Polygon","coordinates":[[[41.080252,19.1247792],[41.0805375,19.1247233],[41.0805775,19.1249055],[41.0804412,19.1249322],[41.0804353,19.1249055],[41.080353,19.1249216],[41.0803472,19.1248949],[41.0802957,19.124905],[41.0803059,19.1249511],[41.0802622,19.1249597],[41.0802547,19.1249257],[41.0801811,19.1249401],[41.0801667,19.1248745],[41.0802686,19.1248545],[41.080252,19.1247792]]]},"properties":{"sources":[{"property":"","dataset":"Microsoft ML Buildings","license":"ODbL-1.0","record_id":null,"update_time":"2018-09-01T00:00:00.000Z","confidence":null,"between":null,"provider":"microsoft","resource":"ml_buildings","version":"2025-02-25"}],"is_underground":false,"has_parts":false,"version":3}},
{"id":"ef824c82-820d-42b8-8080-4aba397a1a16","type":"Feature","geometry":{"type":"Polygon","coordinates":[[[41.0801887,19.1247518],[41.0801872,19.1247445],[41.0802389,19.124735],[41.0802624,19.1248498],[41.0801296,19.1248741],[41.0801076,19.1247667],[41.0801887,19.1247518]]]},"properties":{"sources":[{"property":"","dataset":"Microsoft ML Buildings","license":"ODbL-1.0","record_id":null,"update_time":"2018-09-01T00:00:00.000Z","confidence":null,"between":null,"provider":"microsoft","resource":"ml_buildings","version":"2025-02-25"}],"is_underground":false,"has_parts":false,"version":3}},
{"id":"b8ba9821-fe1b-4411-8385-ada339655b42","type":"Feature","geometry":{"type":"Polygon","coordinates":[[[41.0803558,19.1252698],[41.080318,19.1250086],[41.0804496,19.1249916],[41.0804874,19.1252528],[41.0803558,19.1252698]]]},"properties":{"sources":[{"property":"","dataset":"Microsoft ML Buildings","license":"ODbL-1.0","record_id":null,"update_time":"2018-09-01T00:00:00.000Z","confidence":null,"between":null,"provider":"microsoft","resource":"ml_buildings","version":"2025-02-25"}],"is_underground":false,"has_parts":false,"version":3}},
{"id":"e4e54f1e-7338-4fd8-99ae-c890e0b653b0","type":"Feature","geometry":{"type":"Polygon","coordinates":[[[41.080156,19.1249877],[41.0802395,19.1252222],[41.0799961,19.1252995],[41.0799094,19.1250559],[41.0798925,19.1250613],[41.0797953,19.1247881],[41.0798579,19.1247682],[41.0798931,19.124867],[41.0800136,19.1248287],[41.0800789,19.1250122],[41.080156,19.1249877]]]},"properties":{"sources":[{"property":"","dataset":"Microsoft ML Buildings","license":"ODbL-1.0","record_id":null,"update_time":"2018-09-01T00:00:00.000Z","confidence":null,"between":null,"provider":"microsoft","resource":"ml_buildings","version":"2025-02-25"}],"is_underground":false,"has_parts":false,"version":3}},
{"id":"7c8f8e6a-6439-4a3a-bb98-a7fdf1759fc8","type":"Feature","geometry":{"type":"Polygon","coordinates":[[[41.0797887,19.1251543],[41.0798885,19.1251243],[41.0799262,19.1252361],[41.0797727,19.1252822],[41.0797444,19.125198],[41.079798,19.1251819],[41.0797887,19.1251543]]]},"properties":{"sources":[{"property":"","dataset":"Microsoft ML Buildings","license":"ODbL-1.0","record_id":null,"update_time":"2018-09-01T00:00:00.000Z","confidence":null,"between":null,"provider":"microsoft","resource":"ml_buildings","version":"2025-02-25"}],"is_underground":false,"has_parts":false,"version":3}},
{"id":"5a81fb4f-d177-432b-a99f-9ec9144d6963","type":"Feature","geometry":{"type":"Polygon","coordinates":[[[41.079796,19.1252924],[41.0799323,19.1252407],[41.0799842,19.125363],[41.0798479,19.1254146],[41.079796,19.1252924]]]},"properties":{"sources":[{"property":"","dataset":"Microsoft ML Buildings","license":"ODbL-1.0","record_id":null,"update_time":"2018-09-01T00:00:00.000Z","confidence":null,"between":null,"provider":"microsoft","resource":"ml_buildings","version":"2025-02-25"}],"is_underground":false,"has_parts":false,"version":3}},
{"id":"af3d0a07-a525-4394-97ef-1fe8e7f9eaba","type":"Feature","geometry":{"type":"Polygon","coordinates":[[[41.0803225,19.1254264],[41.0803753,19.1255897],[41.0802371,19.1256588],[41.0801842,19.1255686],[41.0800806,19.125605],[41.0801639,19.1257395],[41.0800297,19.1258182],[41.0799383,19.1256627],[41.0798,19.1256876],[41.0797431,19.1255686],[41.0803225,19.1254264]]]},"properties":{"sources":[{"property":"","dataset":"OpenStreetMap","license":"ODbL-1.0","record_id":"w1063332280@1","update_time":"2022-05-24T16:27:43.000Z","confidence":null,"between":null,"provider":"osm","resource":"planet","version":"2026-08-02T00:00:00.000Z"}],"is_underground":false,"has_parts":false,"version":1}},
{"id":"1ebabeed-4b36-4431-bd9b-a7fa726dd717","type":"Feature","geometry":{"type":"Polygon","coordinates":[[[41.0794545,19.1256147],[41.0797065,19.1255839],[41.0798692,19.1258912],[41.0796069,19.1260929],[41.0794118,19.1256703],[41.0794545,19.1256147]]]},"properties":{"sources":[{"property":"","dataset":"OpenStreetMap","license":"ODbL-1.0","record_id":"w1063332279@1","update_time":"2022-05-24T16:27:43.000Z","confidence":null,"between":null,"provider":"osm","resource":"planet","version":"2026-08-02T00:00:00.000Z"}],"is_underground":false,"has_parts":false,"version":1}},
{"id":"b7352388-eb15-4741-880a-b766b3e4ee53","type":"Feature","geometry":{"type":"Polygon","coordinates":[[[41.079509,19.1254786],[41.0794838,19.1253996],[41.0797823,19.1253147],[41.0798075,19.1253937],[41.079509,19.1254786]]]},"properties":{"sources":[{"property":"","dataset":"Microsoft ML Buildings","license":"ODbL-1.0","record_id":null,"update_time":"2018-09-01T00:00:00.000Z","confidence":null,"between":null,"provider":"microsoft","resource":"ml_buildings","version":"2025-02-25"}],"is_underground":false,"has_parts":false,"version":3}},
{"id":"6aee20c7-d3c7-4804-a3e4-8521854b6059","type":"Feature","geometry":{"type":"Polygon","coordinates":[[[41.0795525,19.1252919],[41.079645,19.125257],[41.079676,19.1253304],[41.0795835,19.1253653],[41.0795525,19.1252919]]]},"properties":{"sources":[{"property":"","dataset":"Microsoft ML Buildings","license":"ODbL-1.0","record_id":null,"update_time":"2018-09-01T00:00:00.000Z","confidence":null,"between":null,"provider":"microsoft","resource":"ml_buildings","version":"2025-02-25"}],"is_underground":false,"has_parts":false,"version":3}},
{"id":"bdecb611-45e1-4b3b-a44c-357893839135","type":"Feature","geometry":{"type":"Polygon","coordinates":[[[41.0789832,19.1256522],[41.0792638,19.126163],[41.0788796,19.1261227],[41.0789101,19.1260036],[41.0787617,19.125971],[41.078782,19.1258077],[41.0787617,19.1256618],[41.0789832,19.1256522]]]},"properties":{"sources":[{"property":"","dataset":"OpenStreetMap","license":"ODbL-1.0","record_id":"w1063332278@1","update_time":"2022-05-24T16:27:43.000Z","confidence":null,"between":null,"provider":"osm","resource":"planet","version":"2026-08-02T00:00:00.000Z"}],"is_underground":false,"has_parts":false,"version":1}},
{"id":"ac8bae75-4c93-4e9e-ba3d-69b463049767","type":"Feature","geometry":{"type":"Polygon","coordinates":[[[41.0787145,19.1259066],[41.0786779,19.126066],[41.0785255,19.1260352],[41.0785519,19.1259296],[41.0784869,19.1259296],[41.078497,19.1258931],[41.0782409,19.1258797],[41.0781942,19.1257318],[41.0783141,19.1257318],[41.0783283,19.125678],[41.0786983,19.1256703],[41.0787145,19.1259066]]]},"properties":{"sources":[{"property":"","dataset":"OpenStreetMap","license":"ODbL-1.0","record_id":"w1063332265@1","update_time":"2022-05-24T16:27:43.000Z","confidence":null,"between":null,"provider":"osm","resource":"planet","version":"2026-08-02T00:00:00.000Z"}],"is_underground":false,"has_parts":false,"version":1}},
{"id":"caa6099b-77b2-4d42-a9dc-4a5e41438e39","type":"Feature","geometry":{"type":"Polygon","coordinates":[[[41.0783248,19.1255695],[41.0783106,19.1253931],[41.0784519,19.1253829],[41.0784611,19.1254963],[41.0785304,19.1254913],[41.078527,19.1254485],[41.0784656,19.1254529],[41.0784589,19.1253698],[41.0786056,19.1253592],[41.0786111,19.1254272],[41.0786297,19.1254259],[41.0786395,19.1255468],[41.0783248,19.1255695]]]},"properties":{"sources":[{"property":"","dataset":"Microsoft ML Buildings","license":"ODbL-1.0","record_id":null,"update_time":"2018-09-01T00:00:00.000Z","confidence":null,"between":null,"provider":"microsoft","resource":"ml_buildings","version":"2025-02-25"}],"is_underground":false,"has_parts":false,"version":3}},
{"id":"5c0ad8c8-1d43-4956-bbae-6d80b5e87425","type":"Feature","geometry":{"type":"Polygon","coordinates":[[[41.0787208,19.1252521],[41.0787834,19.1252268],[41.0788969,19.1254775],[41.0787799,19.1255248],[41.0787475,19.1254533],[41.0786854,19.1254783],[41.0785966,19.1252821],[41.078713,19.125235],[41.0787208,19.1252521]]]},"properties":{"sources":[{"property":"","dataset":"Microsoft ML Buildings","license":"ODbL-1.0","record_id":null,"update_time":"2018-09-01T00:00:00.000Z","confidence":null,"between":null,"provider":"microsoft","resource":"ml_buildings","version":"2025-02-25"}],"is_underground":false,"has_parts":false,"version":3}},
{"id":"0f16f97a-b0f6-4b4f-bc25-83133089017c","type":"Feature","geometry":{"type":"Polygon","coordinates":[[[41.0789983,19.1254471],[41.0789781,19.125389],[41.0790313,19.1253725],[41.079038,19.1253916],[41.0790888,19.1253758],[41.0791024,19.1254147],[41.0789983,19.1254471]]]},"properties":{"sources":[{"property":"","dataset":"Microsoft ML Buildings","license":"ODbL-1.0","record_id":null,"update_time":"2018-09-01T00:00:00.000Z","confidence":null,"between":null,"provider":"microsoft","resource":"ml_buildings","version":"2025-02-25"}],"is_underground":false,"has_parts":false,"version":3}},
{"id":"35b3209b-3701-4e29-a2d5-077a33efcab9","type":"Feature","geometry":{"type":"Polygon","coordinates":[[[41.0789099,19.1253806],[41.0789518,19.1253689],[41.0789781,19.1254527],[41.0789362,19.1254645],[41.0789099,19.1253806]]]},"properties":{"sources":[{"property":"","dataset":"Microsoft ML Buildings","license":"ODbL-1.0","record_id":null,"update_time":"2018-09-01T00:00:00.000Z","confidence":null,"between":null,"provider":"microsoft","resource":"ml_buildings","version":"2025-02-25"}],"is_underground":false,"has_parts":false,"version":3}},
{"id":"2aaea402-e2fb-4a7b-809d-d6697fa0d726","type":"Feature","geometry":{"type":"Polygon","coordinates":[[[41.0789688,19.1253568],[41.0789608,19.1253203],[41.0790996,19.1252931],[41.0791076,19.1253295],[41.0789688,19.1253568]]]},"properties":{"sources":[{"property":"","dataset":"Microsoft ML Buildings","license":"ODbL-1.0","record_id":null,"update_time":"2018-09-01T00:00:00.000Z","confidence":null,"between":null,"provider":"microsoft","resource":"ml_buildings","version":"2025-02-25"}],"is_underground":false,"has_parts":false,"version":3}},
{"id":"297cbc38-a21a-4098-80b9-169d0b9c0457","type":"Feature","geometry":{"type":"Polygon","coordinates":[[[41.079031,19.125214],[41.0790686,19.1252045],[41.079088,19.1252731],[41.0790504,19.1252826],[41.079031,19.125214]]]},"properties":{"sources":[{"property":"","dataset":"Microsoft ML Buildings","license":"ODbL-1.0","record_id":null,"update_time":"2018-09-01T00:00:00.000Z","confidence":null,"between":null,"provider":"microsoft","resource":"ml_buildings","version":"2025-02-25"}],"is_underground":false,"has_parts":false,"version":3}},
{"id":"e4ab3e2f-59e0-44f9-b70a-42f9b2d44386","type":"Feature","geometry":{"type":"Polygon","coordinates":[[[41.0788727,19.1253108],[41.0788239,19.125179],[41.0788979,19.1251545],[41.0789468,19.1252864],[41.0788727,19.1253108]]]},"properties":{"sources":[{"property":"","dataset":"Microsoft ML Buildings","license":"ODbL-1.0","record_id":null,"update_time":"2018-09-01T00:00:00.000Z","confidence":null,"between":null,"provider":"microsoft","resource":"ml_buildings","version":"2025-02-25"}],"is_underground":false,"has_parts":false,"version":3}},
{"id":"1a31dd7c-1482-4e35-8e76-c88aac86216c","type":"Feature","geometry":{"type":"Polygon","coordinates":[[[41.0789344,19.1250624],[41.0789489,19.1251117],[41.0787896,19.1251536],[41.0787501,19.1250196],[41.0789742,19.1249607],[41.0789991,19.1250453],[41.0789344,19.1250624]]]},"properties":{"sources":[{"property":"","dataset":"Microsoft ML Buildings","license":"ODbL-1.0","record_id":null,"update_time":"2018-09-01T00:00:00.000Z","confidence":null,"between":null,"provider":"microsoft","resource":"ml_buildings","version":"2025-02-25"}],"is_underground":false,"has_parts":false,"version":3}},
{"id":"ae229a9b-2b32-49d0-8499-e3f436723a5b","type":"Feature","geometry":{"type":"Polygon","coordinates":[[[41.0789445,19.1248118],[41.0789839,19.1248904],[41.0787745,19.1249842],[41.0786977,19.1248311],[41.078767,19.1248],[41.0788043,19.1248745],[41.0789445,19.1248118]]]},"properties":{"sources":[{"property":"","dataset":"Microsoft ML Buildings","license":"ODbL-1.0","record_id":null,"update_time":"2018-09-01T00:00:00.000Z","confidence":null,"between":null,"provider":"microsoft","resource":"ml_buildings","version":"2025-02-25"}],"is_underground":false,"has_parts":false,"version":3}},
{"id":"cd33944c-6a6c-45b0-9477-01c0506a0e38","type":"Feature","geometry":{"type":"Polygon","coordinates":[[[41.0785693,19.1246604],[41.078685,19.1246526],[41.0786916,19.1247383],[41.0785758,19.1247461],[41.0785693,19.1246604]]]},"properties":{"sources":[{"property":"","dataset":"Microsoft ML Buildings","license":"ODbL-1.0","record_id":null,"update_time":"2018-09-01T00:00:00.000Z","confidence":null,"between":null,"provider":"microsoft","resource":"ml_buildings","version":"2025-02-25"}],"is_underground":false,"has_parts":false,"version":3}},
{"id":"1794d6a3-1985-45ab-83aa-5343736cae99","type":"Feature","geometry":{"type":"Polygon","coordinates":[[[41.0784353,19.1246868],[41.0784878,19.1246642],[41.0785293,19.1247503],[41.0784767,19.1247728],[41.0784353,19.1246868]]]},"properties":{"sources":[{"property":"","dataset":"Microsoft ML Buildings","license":"ODbL-1.0","record_id":null,"update_time":"2018-09-01T00:00:00.000Z","confidence":null,"between":null,"provider":"microsoft","resource":"ml_buildings","version":"2025-02-25"}],"is_underground":false,"has_parts":false,"version":3}},
{"id":"e6d650fa-80ff-463b-9637-05cbe1d284dc","type":"Feature","geometry":{"type":"Polygon","coordinates":[[[41.0785352,19.1248113],[41.0786505,19.1247877],[41.0786743,19.1248918],[41.0786077,19.1249054],[41.0786299,19.1250022],[41.0783917,19.125051],[41.0783715,19.124963],[41.0785611,19.1249241],[41.0785352,19.1248113]]]},"properties":{"sources":[{"property":"","dataset":"Microsoft ML Buildings","license":"ODbL-1.0","record_id":null,"update_time":"2018-09-01T00:00:00.000Z","confidence":null,"between":null,"provider":"microsoft","resource":"ml_buildings","version":"2025-02-25"}],"is_underground":false,"has_parts":false,"version":3}},
{"id":"187f9503-cef3-42b3-8039-13001064bbeb","type":"Feature","geometry":{"type":"Polygon","coordinates":[[[41.0787084,19.1252334],[41.0786679,19.1251128],[41.0787215,19.1250968],[41.078762,19.1252174],[41.0787084,19.1252334]]]},"properties":{"sources":[{"property":"","dataset":"Microsoft ML Buildings","license":"ODbL-1.0","record_id":null,"update_time":"2018-09-01T00:00:00.000Z","confidence":null,"between":null,"provider":"microsoft","resource":"ml_buildings","version":"2025-02-25"}],"is_underground":false,"has_parts":false,"version":3}},
{"id":"49911b3f-6ce2-4665-8f99-05675909e274","type":"Feature","geometry":{"type":"Polygon","coordinates":[[[41.0786568,19.1250248],[41.0786762,19.1250907],[41.0784047,19.1251619],[41.0783854,19.125096],[41.0786568,19.1250248]]]},"properties":{"sources":[{"property":"","dataset":"Microsoft ML Buildings","license":"ODbL-1.0","record_id":null,"update_time":"2018-09-01T00:00:00.000Z","confidence":null,"between":null,"provider":"microsoft","resource":"ml_buildings","version":"2025-02-25"}],"is_underground":false,"has_parts":false,"version":3}},
{"id":"9669b567-ac90-45fb-a325-1321d1201e35","type":"Feature","geometry":{"type":"Polygon","coordinates":[[[41.0783057,19.1252134],[41.0784074,19.1252003],[41.07842,19.1252883],[41.0783183,19.1253014],[41.0783057,19.1252134]]]},"properties":{"sources":[{"property":"","dataset":"Microsoft ML Buildings","license":"ODbL-1.0","record_id":null,"update_time":"2018-09-01T00:00:00.000Z","confidence":null,"between":null,"provider":"microsoft","resource":"ml_buildings","version":"2025-02-25"}],"is_underground":false,"has_parts":false,"version":3}},
{"id":"9e789db8-f48c-4e53-8d82-85237141717f","type":"Feature","geometry":{"type":"Polygon","coordinates":[[[41.0781374,19.125206],[41.0781231,19.1251133],[41.0782754,19.1250923],[41.0782796,19.1251196],[41.0783505,19.1251098],[41.0783606,19.1251752],[41.0781374,19.125206]]]},"properties":{"sources":[{"property":"","dataset":"Microsoft ML Buildings","license":"ODbL-1.0","record_id":null,"update_time":"2018-09-01T00:00:00.000Z","confidence":null,"between":null,"provider":"microsoft","resource":"ml_buildings","version":"2025-02-25"}],"is_underground":false,"has_parts":false,"version":3}},
{"id":"fc3b0951-2099-438d-bf10-3baee6420c17","type":"Feature","geometry":{"type":"Polygon","coordinates":[[[41.078319,19.1250359],[41.0783252,19.1250936],[41.0782801,19.1250979],[41.0782739,19.1250402],[41.078319,19.1250359]]]},"properties":{"sources":[{"property":"","dataset":"Microsoft ML Buildings","license":"ODbL-1.0","record_id":null,"update_time":"2018-09-01T00:00:00.000Z","confidence":null,"between":null,"provider":"microsoft","resource":"ml_buildings","version":"2025-02-25"}],"is_underground":false,"has_parts":false,"version":3}},
{"id":"5a066a58-0b82-42af-9973-cb2158571628","type":"Feature","geometry":{"type":"Polygon","coordinates":[[[41.0783905,19.1249164],[41.0783949,19.1249281],[41.0781888,19.1249976],[41.0781625,19.1249279],[41.0781625,19.1249208],[41.078133,19.1248427],[41.078133,19.1249012],[41.078023,19.1249012],[41.078023,19.1248525],[41.0780123,19.1248241],[41.0780123,19.1247719],[41.0780875,19.1247719],[41.0781303,19.1248853],[41.0781303,19.1248312],[41.078097,19.1247431],[41.0781839,19.1247138],[41.0781839,19.1247974],[41.0782135,19.1247874],[41.0782135,19.1247399],[41.078238,19.1247399],[41.0782602,19.1247986],[41.0782801,19.1247919],[41.0782558,19.1247276],[41.0783072,19.1247102],[41.0783231,19.1247521],[41.0783691,19.1247365],[41.0783972,19.1248107],[41.0782041,19.1248758],[41.0782567,19.1248758],[41.0783905,19.1248307],[41.0783905,19.1249164]]]},"properties":{"sources":[{"property":"","dataset":"Microsoft ML Buildings","license":"ODbL-1.0","record_id":null,"update_time":"2018-09-01T00:00:00.000Z","confidence":null,"between":null,"provider":"microsoft","resource":"ml_buildings","version":"2025-02-25"}],"is_underground":false,"has_parts":false,"version":3}},
{"id":"0f3933f3-b04f-4354-9e3b-acab80143219","type":"Feature","geometry":{"type":"Polygon","coordinates":[[[41.0783204,19.1246823],[41.0783664,19.1246727],[41.0783761,19.1247138],[41.07833,19.1247234],[41.0783204,19.1246823]]]},"properties":{"sources":[{"property":"","dataset":"Microsoft ML Buildings","license":"ODbL-1.0","record_id":null,"update_time":"2018-09-01T00:00:00.000Z","confidence":null,"between":null,"provider":"microsoft","resource":"ml_buildings","version":"2025-02-25"}],"is_underground":false,"has_parts":false,"version":3}},
{"id":"5f74b129-f166-496b-b46a-c7fa0dace474","type":"Feature","geometry":{"type":"Polygon","coordinates":[[[41.0780519,19.1250406],[41.0780609,19.125154],[41.0780075,19.1251578],[41.0780166,19.1252728],[41.0780113,19.1252732],[41.0780159,19.1253321],[41.0778452,19.1253441],[41.0778333,19.1251929],[41.077876,19.1251899],[41.0778622,19.1250151],[41.0779449,19.1250093],[41.0779477,19.1250454],[41.0780251,19.12504],[41.0780212,19.1249912],[41.0781119,19.1249848],[41.078116,19.1250361],[41.0780519,19.1250406]]]},"properties":{"sources":[{"property":"","dataset":"Microsoft ML Buildings","license":"ODbL-1.0","record_id":null,"update_time":"2018-09-01T00:00:00.000Z","confidence":null,"between":null,"provider":"microsoft","resource":"ml_buildings","version":"2025-02-25"}],"is_underground":false,"has_parts":false,"version":3}},
{"id":"d79d2ac6-7c9e-4daf-b200-552ef3e8ff47","type":"Feature","geometry":{"type":"Polygon","coordinates":[[[41.0780317,19.1254227],[41.0780363,19.1255594],[41.0776371,19.1255713],[41.0776332,19.1254558],[41.077708199999996,19.1254535],[41.0777057,19.1253776],[41.0778289,19.1253739],[41.0778308,19.1254287],[41.0780317,19.1254227]]]},"properties":{"sources":[{"property":"","dataset":"Microsoft ML Buildings","license":"ODbL-1.0","record_id":null,"update_time":"2018-09-01T00:00:00.000Z","confidence":null,"between":null,"provider":"microsoft","resource":"ml_buildings","version":"2025-02-25"}],"is_underground":false,"has_parts":false,"version":3}},
{"id":"3327e575-8ed3-4ef5-bb30-f883b8a5b4b8","type":"Feature","geometry":{"type":"Polygon","coordinates":[[[41.0784344,19.1252973],[41.0784372,19.1253656],[41.078306,19.1253705],[41.0783032,19.1253022],[41.0784344,19.1252973]]]},"properties":{"sources":[{"property":"","dataset":"Microsoft ML Buildings","license":"ODbL-1.0","record_id":null,"update_time":"2018-09-01T00:00:00.000Z","confidence":null,"between":null,"provider":"microsoft","resource":"ml_buildings","version":"2025-02-25"}],"is_underground":false,"has_parts":false,"version":3}},
{"id":"60873e33-2094-4e28-94c3-2eed527c17c9","type":"Feature","geometry":{"type":"Polygon","coordinates":[[[41.0782839,19.1252395],[41.0782882,19.1253636],[41.0782938,19.1255256],[41.0781545,19.1255299],[41.0781462,19.1252919],[41.0781972,19.1252904],[41.0781955,19.1252423],[41.0782839,19.1252395]]]},"properties":{"sources":[{"property":"","dataset":"Microsoft ML Buildings","license":"ODbL-1.0","record_id":null,"update_time":"2018-09-01T00:00:00.000Z","confidence":null,"between":null,"provider":"microsoft","resource":"ml_buildings","version":"2025-02-25"}],"is_underground":false,"has_parts":false,"version":3}},
{"id":"9704202e-02dd-4be7-8e2d-5a66473f902c","type":"Feature","geometry":{"type":"Polygon","coordinates":[[[41.0777624,19.1260009],[41.0776506,19.1259916],[41.0776716,19.1257653],[41.0779324,19.1257868],[41.0779243,19.1258749],[41.0778764,19.1258709],[41.0778792,19.1258407],[41.0778419,19.1258376],[41.0778309,19.1259558],[41.0778842,19.1259602],[41.0778723,19.1260885],[41.0776886,19.1260733],[41.0776926,19.1260306],[41.0777591,19.1260361],[41.0777624,19.1260009]]]},"properties":{"sources":[{"property":"","dataset":"Microsoft ML Buildings","license":"ODbL-1.0","record_id":null,"update_time":"2018-09-01T00:00:00.000Z","confidence":null,"between":null,"provider":"microsoft","resource":"ml_buildings","version":"2025-02-25"}],"is_underground":false,"has_parts":false,"version":3}},
{"id":"aeb7d544-ca27-45f3-a92a-ce087647f660","type":"Feature","geometry":{"type":"Polygon","coordinates":[[[41.0780203,19.1261036],[41.0778903,19.1260976],[41.0778954,19.125999],[41.0779542,19.1260017],[41.0779569,19.1259495],[41.0780281,19.1259528],[41.0780203,19.1261036]]]},"properties":{"sources":[{"property":"","dataset":"Microsoft ML Buildings","license":"ODbL-1.0","record_id":null,"update_time":"2018-09-01T00:00:00.000Z","confidence":null,"between":null,"provider":"microsoft","resource":"ml_buildings","version":"2025-02-25"}],"is_underground":false,"has_parts":false,"version":3}},
{"id":"fdedc048-ac63-4eca-9d69-69598d7f40ef","type":"Feature","geometry":{"type":"Polygon","coordinates":[[[41.078093,19.1261462],[41.0781815,19.1261483],[41.078178,19.1262749],[41.0780896,19.1262728],[41.078093,19.1261462]]]},"properties":{"sources":[{"property":"","dataset":"Microsoft ML Buildings","license":"ODbL-1.0","record_id":null,"update_time":"2018-09-01T00:00:00.000Z","confidence":null,"between":null,"provider":"microsoft","resource":"ml_buildings","version":"2025-02-25"}],"is_underground":false,"has_parts":false,"version":3}},
{"id":"beed2f6c-3864-47cd-bb21-03faa68c9d6c","type":"Feature","geometry":{"type":"Polygon","coordinates":[[[41.078084,19.1263506],[41.0780904,19.126298],[41.0781936,19.1263094],[41.0781872,19.1263619],[41.078084,19.1263506]]]},"properties":{"sources":[{"property":"","dataset":"Microsoft ML Buildings","license":"ODbL-1.0","record_id":null,"update_time":"2018-09-01T00:00:00.000Z","confidence":null,"between":null,"provider":"microsoft","resource":"ml_buildings","version":"2025-02-25"}],"is_underground":false,"has_parts":false,"version":3}},
{"id":"b3588854-6600-4b50-aafb-66a2d1c85520","type":"Feature","geometry":{"type":"Polygon","coordinates":[[[41.0779954,19.1263831],[41.0781707,19.1263776],[41.0781767,19.1265472],[41.0780668,19.1265507],[41.0780657,19.1265194],[41.0778905,19.1265249],[41.0778863,19.1264069],[41.0779961,19.1264034],[41.0779954,19.1263831]]]},"properties":{"sources":[{"property":"","dataset":"Microsoft ML Buildings","license":"ODbL-1.0","record_id":null,"update_time":"2018-09-01T00:00:00.000Z","confidence":null,"between":null,"provider":"microsoft","resource":"ml_buildings","version":"2025-02-25"}],"is_underground":false,"has_parts":false,"version":3}},
{"id":"7932c48b-171c-4dd3-a9a7-bc47149f25dc","type":"Feature","geometry":{"type":"Polygon","coordinates":[[[41.0777709,19.1266277],[41.0777634,19.1264058],[41.0778759,19.1264024],[41.0778801,19.1265256],[41.0779256,19.1265242],[41.0779266,19.1265546],[41.0780644,19.1265504],[41.0780667,19.1266188],[41.0777709,19.1266277]]]},"properties":{"sources":[{"property":"","dataset":"Microsoft ML Buildings","license":"ODbL-1.0","record_id":null,"update_time":"2018-09-01T00:00:00.000Z","confidence":null,"between":null,"provider":"microsoft","resource":"ml_buildings","version":"2025-02-25"}],"is_underground":false,"has_parts":false,"version":3}},
{"id":"51ef1cb1-3ac3-4cd3-86f8-afcb8e4073ce","type":"Feature","geometry":{"type":"Polygon","coordinates":[[[41.077719,19.1270161],[41.0776965,19.1269158],[41.07779,19.126897],[41.0778125,19.1269973],[41.077719,19.1270161]]]},"properties":{"sources":[{"property":"","dataset":"Microsoft ML Buildings","license":"ODbL-1.0","record_id":null,"update_time":"2018-09-01T00:00:00.000Z","confidence":null,"between":null,"provider":"microsoft","resource":"ml_buildings","version":"2025-02-25"}],"is_underground":false,"has_parts":false,"version":3}},
{"id":"595bed9a-eb2c-406c-a659-cce964b1b1d2","type":"Feature","geometry":{"type":"Polygon","coordinates":[[[41.0782422,19.1267579],[41.0782506,19.1268254],[41.0782045,19.1268305],[41.0781962,19.126763],[41.0782422,19.1267579]]]},"properties":{"sources":[{"property":"","dataset":"Microsoft ML Buildings","license":"ODbL-1.0","record_id":null,"update_time":"2018-09-01T00:00:00.000Z","confidence":null,"between":null,"provider":"microsoft","resource":"ml_buildings","version":"2025-02-25"}],"is_underground":false,"has_parts":false,"version":3}},
{"id":"18a14455-89c7-4050-a71e-55ad3ba6b7c4","type":"Feature","geometry":{"type":"Polygon","coordinates":[[[41.0781136,19.1268461],[41.078226,19.1268413],[41.0782317,19.1269618],[41.0781193,19.1269666],[41.0781136,19.1268461]]]},"properties":{"sources":[{"property":"","dataset":"Microsoft ML Buildings","license":"ODbL-1.0","record_id":null,"update_time":"2018-09-01T00:00:00.000Z","confidence":null,"between":null,"provider":"microsoft","resource":"ml_buildings","version":"2025-02-25"}],"is_underground":false,"has_parts":false,"version":3}},
{"id":"7398bd43-dfc7-4b00-b0ed-5d97c385cae2","type":"Feature","geometry":{"type":"Polygon","coordinates":[[[41.0780339,19.1269705],[41.0780352,19.1270095],[41.0778401,19.1270683],[41.0778342,19.1268869],[41.0779425,19.1268838],[41.0779348,19.126647],[41.0779544,19.1266411],[41.0780266,19.126639],[41.0780466,19.1266983],[41.0780786,19.1266974],[41.0780743,19.1265632],[41.0782109,19.1265592],[41.0782125,19.1266082],[41.078187,19.126609],[41.0781033,19.1266342],[41.0782037,19.1266313],[41.0782161,19.126668],[41.07833,19.1266647],[41.0781916,19.1267064],[41.0781955,19.1268257],[41.0780561,19.1268298],[41.078053,19.1267336],[41.0780208,19.1267345],[41.0780279,19.1269529],[41.0780339,19.1269705]]]},"properties":{"sources":[{"property":"","dataset":"Microsoft ML Buildings","license":"ODbL-1.0","record_id":null,"update_time":"2018-09-01T00:00:00.000Z","confidence":null,"between":null,"provider":"microsoft","resource":"ml_buildings","version":"2025-02-25"}],"is_underground":false,"has_parts":false,"version":3}},
{"id":"58ec2993-8f65-4fc3-b9e7-b9eae91b428b","type":"Feature","geometry":{"type":"Polygon","coordinates":[[[41.0782831,19.1268215],[41.0782649,19.1266997],[41.0783516,19.1266881],[41.0783699,19.1268098],[41.0782831,19.1268215]]]},"properties":{"sources":[{"property":"","dataset":"Microsoft ML Buildings","license":"ODbL-1.0","record_id":null,"update_time":"2018-09-01T00:00:00.000Z","confidence":null,"between":null,"provider":"microsoft","resource":"ml_buildings","version":"2025-02-25"}],"is_underground":false,"has_parts":false,"version":3}},
{"id":"f3565d47-3ee6-45bb-9081-b8af6bf743c8","type":"Feature","geometry":{"type":"Polygon","coordinates":[[[41.0784769,19.1270791],[41.078509,19.1271675],[41.0784275,19.1271939],[41.0783937,19.127101],[41.0782833,19.1271368],[41.0782479,19.1270394],[41.078459,19.1269708],[41.0784961,19.1270728],[41.0784769,19.1270791]]]},"properties":{"sources":[{"property":"","dataset":"Microsoft ML Buildings","license":"ODbL-1.0","record_id":null,"update_time":"2018-09-01T00:00:00.000Z","confidence":null,"between":null,"provider":"microsoft","resource":"ml_buildings","version":"2025-02-25"}],"is_underground":false,"has_parts":false,"version":3}},
{"id":"4208cd26-dd2e-4d06-8f73-1a992fc83c72","type":"Feature","geometry":{"type":"Polygon","coordinates":[[[41.0782901,19.1272788],[41.078269,19.1271562],[41.0784102,19.1271346],[41.0784236,19.1272127],[41.0785255,19.1271971],[41.0785388,19.1272746],[41.0784133,19.1272938],[41.0784195,19.1273299],[41.0783568,19.1273395],[41.0783722,19.1274293],[41.0782874,19.1274423],[41.0782663,19.1273189],[41.0783275,19.1273095],[41.0783214,19.127274],[41.0782901,19.1272788]]]},"properties":{"sources":[{"property":"","dataset":"Microsoft ML Buildings","license":"ODbL-1.0","record_id":null,"update_time":"2018-09-01T00:00:00.000Z","confidence":null,"between":null,"provider":"microsoft","resource":"ml_buildings","version":"2025-02-25"}],"is_underground":false,"has_parts":false,"version":3}},
{"id":"c2c92814-1107-4bb9-8a18-dabfcd371667","type":"Feature","geometry":{"type":"Polygon","coordinates":[[[41.0786826,19.1270388],[41.0786832,19.1271275],[41.0786269,19.1271278],[41.0786263,19.1270391],[41.0786826,19.1270388]]]},"properties":{"sources":[{"property":"","dataset":"Microsoft ML Buildings","license":"ODbL-1.0","record_id":null,"update_time":"2018-09-01T00:00:00.000Z","confidence":null,"between":null,"provider":"microsoft","resource":"ml_buildings","version":"2025-02-25"}],"is_underground":false,"has_parts":false,"version":3}},
{"id":"e94678ed-5063-43fd-8bd7-5689cdc6a95e","type":"Feature","geometry":{"type":"Polygon","coordinates":[[[41.0785799,19.1269286],[41.0786647,19.1269119],[41.0786851,19.1270042],[41.0786002,19.1270209],[41.0785799,19.1269286]]]},"properties":{"sources":[{"property":"","dataset":"Microsoft ML Buildings","license":"ODbL-1.0","record_id":null,"update_time":"2018-09-01T00:00:00.000Z","confidence":null,"between":null,"provider":"microsoft","resource":"ml_buildings","version":"2025-02-25"}],"is_underground":false,"has_parts":false,"version":3}},
{"id":"c8464960-e67f-4b86-926d-100b52341070","type":"Feature","geometry":{"type":"Polygon","coordinates":[[[41.078805,19.1270059],[41.0788384,19.1270025],[41.0788428,19.1270417],[41.0787181,19.1270543],[41.0786997,19.1268914],[41.078791,19.1268822],[41.078805,19.1270059]]]},"properties":{"sources":[{"property":"","dataset":"Microsoft ML Buildings","license":"ODbL-1.0","record_id":null,"update_time":"2018-09-01T00:00:00.000Z","confidence":null,"between":null,"provider":"microsoft","resource":"ml_buildings","version":"2025-02-25"}],"is_underground":false,"has_parts":false,"version":3}},
{"id":"017f861d-e3c1-45da-aff1-ff61f24c8943","type":"Feature","geometry":{"type":"Polygon","coordinates":[[[41.0788621,19.1270139],[41.0789516,19.1270177],[41.0789477,19.1270987],[41.0788582,19.1270948],[41.0788621,19.1270139]]]},"properties":{"sources":[{"property":"","dataset":"Microsoft ML Buildings","license":"ODbL-1.0","record_id":null,"update_time":"2018-09-01T00:00:00.000Z","confidence":null,"between":null,"provider":"microsoft","resource":"ml_buildings","version":"2025-02-25"}],"is_underground":false,"has_parts":false,"version":3}},
{"id":"899cd212-2c9d-413e-934f-09176a814993","type":"Feature","geometry":{"type":"Polygon","coordinates":[[[41.0787616,19.1273614],[41.0787559,19.127234],[41.0788749,19.1272292],[41.0788736,19.1272014],[41.0789432,19.1271986],[41.0789502,19.1273539],[41.0787616,19.1273614]]]},"properties":{"sources":[{"property":"","dataset":"Microsoft ML Buildings","license":"ODbL-1.0","record_id":null,"update_time":"2018-09-01T00:00:00.000Z","confidence":null,"between":null,"provider":"microsoft","resource":"ml_buildings","version":"2025-02-25"}],"is_underground":false,"has_parts":false,"version":3}},
{"id":"c57a1e0c-d2d2-4a49-bb15-f1788332332a","type":"Feature","geometry":{"type":"Polygon","coordinates":[[[41.0790886,19.1273416],[41.0789762,19.1273464],[41.0789719,19.1272579],[41.0790844,19.1272531],[41.0790886,19.1273416]]]},"properties":{"sources":[{"property":"","dataset":"Microsoft ML Buildings","license":"ODbL-1.0","record_id":null,"update_time":"2018-09-01T00:00:00.000Z","confidence":null,"between":null,"provider":"microsoft","resource":"ml_buildings","version":"2025-02-25"}],"is_underground":false,"has_parts":false,"version":3}},
{"id":"6f1b98ab-f190-4b60-a293-f4de138a0b63","type":"Feature","geometry":{"type":"Polygon","coordinates":[[[41.0789502,19.1271691],[41.0791391,19.1271033],[41.0791696,19.1271813],[41.0789807,19.1272472],[41.0789502,19.1271691]]]},"properties":{"sources":[{"property":"","dataset":"Microsoft ML Buildings","license":"ODbL-1.0","record_id":null,"update_time":"2018-09-01T00:00:00.000Z","confidence":null,"between":null,"provider":"microsoft","resource":"ml_buildings","version":"2025-02-25"}],"is_underground":false,"has_parts":false,"version":3}},
{"id":"2d245434-ab50-4ed3-853f-a0042f0ce575","type":"Feature","geometry":{"type":"Polygon","coordinates":[[[41.0790118,19.1270135],[41.0790434,19.1270585],[41.0790825,19.127034],[41.0791134,19.127078],[41.0790025,19.1271475],[41.07894,19.1270585],[41.0790118,19.1270135]]]},"properties":{"sources":[{"property":"","dataset":"Microsoft ML Buildings","license":"ODbL-1.0","record_id":null,"update_time":"2018-09-01T00:00:00.000Z","confidence":null,"between":null,"provider":"microsoft","resource":"ml_buildings","version":"2025-02-25"}],"is_underground":false,"has_parts":false,"version":3}},
{"id":"12bfa303-a0d1-417a-84cd-ed7255d6373a","type":"Feature","geometry":{"type":"Polygon","coordinates":[[[41.079094,19.1270128],[41.0790421,19.1270076],[41.0790457,19.126975],[41.0790977,19.1269802],[41.079094,19.1270128]]]},"properties":{"sources":[{"property":"","dataset":"Microsoft ML Buildings","license":"ODbL-1.0","record_id":null,"update_time":"2018-09-01T00:00:00.000Z","confidence":null,"between":null,"provider":"microsoft","resource":"ml_buildings","version":"2025-02-25"}],"is_underground":false,"has_parts":false,"version":3}},
{"id":"67f8315c-7408-4676-8f71-aff65c95eec5","type":"Feature","geometry":{"type":"Polygon","coordinates":[[[41.0790688,19.1268232],[41.0790739,19.1269107],[41.0790337,19.1269127],[41.0790287,19.1268253],[41.0790688,19.1268232]]]},"properties":{"sources":[{"property":"","dataset":"Microsoft ML Buildings","license":"ODbL-1.0","record_id":null,"update_time":"2018-09-01T00:00:00.000Z","confidence":null,"between":null,"provider":"microsoft","resource":"ml_buildings","version":"2025-02-25"}],"is_underground":false,"has_parts":false,"version":3}},
{"id":"3cf5fc44-fd96-4602-b147-a5503ff053f9","type":"Feature","geometry":{"type":"Polygon","coordinates":[[[41.0789483,19.1268688],[41.0789584,19.1269255],[41.0789156,19.1269323],[41.0789055,19.1268757],[41.0789483,19.1268688]]]},"properties":{"sources":[{"property":"","dataset":"Microsoft ML Buildings","license":"ODbL-1.0","record_id":null,"update_time":"2018-09-01T00:00:00.000Z","confidence":null,"between":null,"provider":"microsoft","resource":"ml_buildings","version":"2025-02-25"}],"is_underground":false,"has_parts":false,"version":3}},
{"id":"deb7b5e0-1541-46d9-bbe8-9823e86e3e34","type":"Feature","geometry":{"type":"Polygon","coordinates":[[[41.0790166,19.1268916],[41.079023,19.1269621],[41.0789778,19.1269658],[41.0789714,19.1268953],[41.0790166,19.1268916]]]},"properties":{"sources":[{"property":"","dataset":"Microsoft ML Buildings","license":"ODbL-1.0","record_id":null,"update_time":"2018-09-01T00:00:00.000Z","confidence":null,"between":null,"provider":"microsoft","resource":"ml_buildings","version":"2025-02-25"}],"is_underground":false,"has_parts":false,"version":3}},
{"id":"20e612b5-e663-4564-b900-9102afbea335","type":"Feature","geometry":{"type":"Polygon","coordinates":[[[41.0788287,19.1269877],[41.0788026,19.1268927],[41.0788478,19.1268816],[41.0788739,19.1269765],[41.0788287,19.1269877]]]},"properties":{"sources":[{"property":"","dataset":"Microsoft ML Buildings","license":"ODbL-1.0","record_id":null,"update_time":"2018-09-01T00:00:00.000Z","confidence":null,"between":null,"provider":"microsoft","resource":"ml_buildings","version":"2025-02-25"}],"is_underground":false,"has_parts":false,"version":3}},
{"id":"8ea8180a-1964-4982-b32a-06e89b5b49fb","type":"Feature","geometry":{"type":"Polygon","coordinates":[[[41.0791414,19.1262926],[41.0792695,19.1264097],[41.0791963,19.1266056],[41.0788792,19.1265538],[41.0788568,19.1266575],[41.0789259,19.1266652],[41.0789422,19.1267458],[41.0786068,19.1268284],[41.0785905,19.1267516],[41.0785153,19.126765],[41.078306,19.1260986],[41.0791414,19.1262926]]]},"properties":{"sources":[{"property":"","dataset":"OpenStreetMap","license":"ODbL-1.0","record_id":"w1063332263@1","update_time":"2022-05-24T16:27:43.000Z","confidence":null,"between":null,"provider":"osm","resource":"planet","version":"2026-08-02T00:00:00.000Z"}],"is_underground":false,"has_parts":false,"version":1}},
{"id":"a5c3249b-fa31-4a8e-81fd-ab2f78534f08","type":"Feature","geometry":{"type":"Polygon","coordinates":[[[41.0791232,19.1257903],[41.0792719,19.1257234],[41.079463,19.1261548],[41.0793444,19.1261849],[41.0791232,19.1257903]]]},"properties":{"sources":[{"property":"","dataset":"OpenStreetMap","license":"ODbL-1.0","record_id":"w1063332277@1","update_time":"2022-05-24T16:27:43.000Z","confidence":null,"between":null,"provider":"osm","resource":"planet","version":"2026-08-02T00:00:00.000Z"}],"is_underground":false,"has_parts":false,"version":1}},
{"id":"cc135d9c-795b-4012-a1d2-d4ec2083261b","type":"Feature","geometry":{"type":"Polygon","coordinates":[[[41.0797097,19.1263557],[41.0797917,19.1263175],[41.0798332,19.1263971],[41.0797511,19.1264352],[41.0797097,19.1263557]]]},"properties":{"sources":[{"property":"","dataset":"Microsoft ML Buildings","license":"ODbL-1.0","record_id":null,"update_time":"2018-09-01T00:00:00.000Z","confidence":null,"between":null,"provider":"microsoft","resource":"ml_buildings","version":"2025-02-25"}],"is_underground":false,"has_parts":false,"version":3}},
{"id":"ef707321-1ecf-4fb4-acfc-f648edb5ae20","type":"Feature","geometry":{"type":"Polygon","coordinates":[[[41.0798137,19.1261654],[41.0798473,19.1262222],[41.0797852,19.126255],[41.0797977,19.1262762],[41.079718,19.1263183],[41.0796719,19.1262403],[41.0798137,19.1261654]]]},"properties":{"sources":[{"property":"","dataset":"Microsoft ML Buildings","license":"ODbL-1.0","record_id":null,"update_time":"2018-09-01T00:00:00.000Z","confidence":null,"between":null,"provider":"microsoft","resource":"ml_buildings","version":"2025-02-25"}],"is_underground":false,"has_parts":false,"version":3}},
{"id":"d2b965b7-c9fa-4592-98c8-b41a9fe13965","type":"Feature","geometry":{"type":"Polygon","coordinates":[[[41.0798576,19.1260871],[41.0798211,19.1260022],[41.0799169,19.1259655],[41.0799533,19.1260503],[41.0798576,19.1260871]]]},"properties":{"sources":[{"property":"","dataset":"Microsoft ML Buildings","license":"ODbL-1.0","record_id":null,"update_time":"2018-09-01T00:00:00.000Z","confidence":null,"between":null,"provider":"microsoft","resource":"ml_buildings","version":"2025-02-25"}],"is_underground":false,"has_parts":false,"version":3}},
{"id":"30febf15-350f-4a09-85a9-b81ed1aa5abb","type":"Feature","geometry":{"type":"Polygon","coordinates":[[[41.0800335,19.1261228],[41.0801576,19.1261002],[41.0801758,19.1261891],[41.0800516,19.1262117],[41.0800335,19.1261228]]]},"properties":{"sources":[{"property":"","dataset":"Microsoft ML Buildings","license":"ODbL-1.0","record_id":null,"update_time":"2018-09-01T00:00:00.000Z","confidence":null,"between":null,"provider":"microsoft","resource":"ml_buildings","version":"2025-02-25"}],"is_underground":false,"has_parts":false,"version":3}},
{"id":"507fcbdb-b607-41f1-8b8d-cfc5cd9d293c","type":"Feature","geometry":{"type":"Polygon","coordinates":[[[41.0800977,19.1262041],[41.0801871,19.1262009],[41.0801829,19.1260921],[41.0802889,19.1260884],[41.0802957,19.126262],[41.0801002,19.1262688],[41.0800977,19.1262041]]]},"properties":{"sources":[{"property":"","dataset":"Microsoft ML Buildings","license":"ODbL-1.0","record_id":null,"update_time":"2018-09-01T00:00:00.000Z","confidence":null,"between":null,"provider":"microsoft","resource":"ml_buildings","version":"2025-02-25"}],"is_underground":false,"has_parts":false,"version":3}},
{"id":"8baf605f-1c62-4576-b75f-fd85cdc5a40b","type":"Feature","geometry":{"type":"Polygon","coordinates":[[[41.0801861,19.1262944],[41.0802721,19.1262806],[41.0803019,19.1264456],[41.0802159,19.1264594],[41.0801861,19.1262944]]]},"properties":{"sources":[{"property":"","dataset":"Microsoft ML Buildings","license":"ODbL-1.0","record_id":null,"update_time":"2018-09-01T00:00:00.000Z","confidence":null,"between":null,"provider":"microsoft","resource":"ml_buildings","version":"2025-02-25"}],"is_underground":false,"has_parts":false,"version":3}},
{"id":"08850268-5eaa-4fbf-a81c-21508e8c711c","type":"Feature","geometry":{"type":"Polygon","coordinates":[[[41.0805079,19.126241],[41.0805429,19.1263359],[41.0804865,19.1263545],[41.0804515,19.1262596],[41.0805079,19.126241]]]},"properties":{"sources":[{"property":"","dataset":"Microsoft ML Buildings","license":"ODbL-1.0","record_id":null,"update_time":"2018-09-01T00:00:00.000Z","confidence":null,"between":null,"provider":"microsoft","resource":"ml_buildings","version":"2025-02-25"}],"is_underground":false,"has_parts":false,"version":3}},
{"id":"cd70651b-cca7-4d21-9773-bc6f680fde7d","type":"Feature","geometry":{"type":"Polygon","coordinates":[[[41.0803203,19.1264306],[41.0802974,19.126377],[41.0804166,19.1263318],[41.0804394,19.1263854],[41.0803203,19.1264306]]]},"properties":{"sources":[{"property":"","dataset":"Microsoft ML Buildings","license":"ODbL-1.0","record_id":null,"update_time":"2018-09-01T00:00:00.000Z","confidence":null,"between":null,"provider":"microsoft","resource":"ml_buildings","version":"2025-02-25"}],"is_underground":false,"has_parts":false,"version":3}},
{"id":"3f8cbb93-d132-48bc-972f-3553b4ca6d2d","type":"Feature","geometry":{"type":"Polygon","coordinates":[[[41.0804233,19.1266133],[41.0803966,19.1265063],[41.0804322,19.1264984],[41.0804187,19.1264445],[41.0805026,19.1264258],[41.0805427,19.1265867],[41.0804233,19.1266133]]]},"properties":{"sources":[{"property":"","dataset":"Microsoft ML Buildings","license":"ODbL-1.0","record_id":null,"update_time":"2018-09-01T00:00:00.000Z","confidence":null,"between":null,"provider":"microsoft","resource":"ml_buildings","version":"2025-02-25"}],"is_underground":false,"has_parts":false,"version":3}},
{"id":"184c23b7-0c78-4a10-9b65-849813bf191f","type":"Feature","geometry":{"type":"Polygon","coordinates":[[[41.0802416,19.1265562],[41.0803684,19.1265208],[41.0804016,19.126627],[41.0802748,19.1266624],[41.0802416,19.1265562]]]},"properties":{"sources":[{"property":"","dataset":"Microsoft ML Buildings","license":"ODbL-1.0","record_id":null,"update_time":"2018-09-01T00:00:00.000Z","confidence":null,"between":null,"provider":"microsoft","resource":"ml_buildings","version":"2025-02-25"}],"is_underground":false,"has_parts":false,"version":3}},
{"id":"953ac032-17a6-4547-bc4c-50bf8609bf39","type":"Feature","geometry":{"type":"Polygon","coordinates":[[[41.0802371,19.1265461],[41.0802146,19.126471],[41.0803074,19.1264461],[41.08033,19.1265212],[41.0802371,19.1265461]]]},"properties":{"sources":[{"property":"","dataset":"Microsoft ML Buildings","license":"ODbL-1.0","record_id":null,"update_time":"2018-09-01T00:00:00.000Z","confidence":null,"between":null,"provider":"microsoft","resource":"ml_buildings","version":"2025-02-25"}],"is_underground":false,"has_parts":false,"version":3}},
{"id":"3ca77977-67eb-4c3f-95fd-ee9c687323e7","type":"Feature","geometry":{"type":"Polygon","coordinates":[[[41.080071,19.12633],[41.080167,19.1263074],[41.080211,19.1264744],[41.0801262,19.1264944],[41.0801281,19.1265015],[41.0800134,19.1265285],[41.0799756,19.1263854],[41.0800792,19.126361],[41.080071,19.12633]]]},"properties":{"sources":[{"property":"","dataset":"Microsoft ML Buildings","license":"ODbL-1.0","record_id":null,"update_time":"2018-09-01T00:00:00.000Z","confidence":null,"between":null,"provider":"microsoft","resource":"ml_buildings","version":"2025-02-25"}],"is_underground":false,"has_parts":false,"version":3}},
{"id":"8c43c7c1-4932-4f66-8a22-7e43edaca644","type":"Feature","geometry":{"type":"Polygon","coordinates":[[[41.0800103,19.1263367],[41.0799597,19.1262828],[41.0800265,19.1262269],[41.0800771,19.1262809],[41.0800103,19.1263367]]]},"properties":{"sources":[{"property":"","dataset":"Microsoft ML Buildings","license":"ODbL-1.0","record_id":null,"update_time":"2018-09-01T00:00:00.000Z","confidence":null,"between":null,"provider":"microsoft","resource":"ml_buildings","version":"2025-02-25"}],"is_underground":false,"has_parts":false,"version":3}},
{"id":"1f4c3ff2-3600-44d7-85e4-9ea303fb58db","type":"Feature","geometry":{"type":"Polygon","coordinates":[[[41.079948,19.1264793],[41.079972,19.1265546],[41.0798196,19.126598],[41.0797729,19.1264516],[41.0798526,19.126429],[41.0798753,19.1265],[41.079948,19.1264793]]]},"properties":{"sources":[{"property":"","dataset":"Microsoft ML Buildings","license":"ODbL-1.0","record_id":null,"update_time":"2018-09-01T00:00:00.000Z","confidence":null,"between":null,"provider":"microsoft","resource":"ml_buildings","version":"2025-02-25"}],"is_underground":false,"has_parts":false,"version":3}},
{"id":"b66105de-f323-41ec-a8c4-6b91dca16605","type":"Feature","geometry":{"type":"Polygon","coordinates":[[[41.0800251,19.1266457],[41.0798989,19.1266699],[41.0798894,19.1266261],[41.0800507,19.1265952],[41.0800705,19.1266877],[41.0800355,19.1266944],[41.0800251,19.1266457]]]},"properties":{"sources":[{"property":"","dataset":"Microsoft ML Buildings","license":"ODbL-1.0","record_id":null,"update_time":"2018-09-01T00:00:00.000Z","confidence":null,"between":null,"provider":"microsoft","resource":"ml_buildings","version":"2025-02-25"}],"is_underground":false,"has_parts":false,"version":3}},
{"id":"29119873-1be3-4f2b-aa54-44b3dd2dacca","type":"Feature","geometry":{"type":"Polygon","coordinates":[[[41.0798819,19.1267079],[41.0800083,19.1266842],[41.0800191,19.1267354],[41.0798927,19.1267591],[41.0798819,19.1267079]]]},"properties":{"sources":[{"property":"","dataset":"Microsoft ML Buildings","license":"ODbL-1.0","record_id":null,"update_time":"2018-09-01T00:00:00.000Z","confidence":null,"between":null,"provider":"microsoft","resource":"ml_buildings","version":"2025-02-25"}],"is_underground":false,"has_parts":false,"version":3}},
{"id":"5c6ec39b-5012-4d88-9094-94a808db08b3","type":"Feature","geometry":{"type":"Polygon","coordinates":[[[41.0799628,19.126911],[41.0799266,19.1267916],[41.0800382,19.1267614],[41.0800226,19.1267099],[41.0800807,19.1266942],[41.0801182,19.1268184],[41.0800403,19.1268394],[41.0800545,19.1268863],[41.0799628,19.126911]]]},"properties":{"sources":[{"property":"","dataset":"Microsoft ML Buildings","license":"ODbL-1.0","record_id":null,"update_time":"2018-09-01T00:00:00.000Z","confidence":null,"between":null,"provider":"microsoft","resource":"ml_buildings","version":"2025-02-25"}],"is_underground":false,"has_parts":false,"version":3}},
{"id":"0e0bcaf1-9268-4045-a0d6-cd9fff80bf82","type":"Feature","geometry":{"type":"Polygon","coordinates":[[[41.0801317,19.1268486],[41.0801661,19.1269181],[41.080009,19.1269876],[41.0799746,19.1269181],[41.0801317,19.1268486]]]},"properties":{"sources":[{"property":"","dataset":"Microsoft ML Buildings","license":"ODbL-1.0","record_id":null,"update_time":"2018-09-01T00:00:00.000Z","confidence":null,"between":null,"provider":"microsoft","resource":"ml_buildings","version":"2025-02-25"}],"is_underground":false,"has_parts":false,"version":3}},
{"id":"91f96060-fd7e-4278-827b-3a738298386d","type":"Feature","geometry":{"type":"Polygon","coordinates":[[[41.0801261,19.1267257],[41.0800926,19.1265833],[41.080223,19.1265559],[41.0802565,19.1266984],[41.0801261,19.1267257]]]},"properties":{"sources":[{"property":"","dataset":"Microsoft ML Buildings","license":"ODbL-1.0","record_id":null,"update_time":"2018-09-01T00:00:00.000Z","confidence":null,"between":null,"provider":"microsoft","resource":"ml_buildings","version":"2025-02-25"}],"is_underground":false,"has_parts":false,"version":3}},
{"id":"172e3678-c739-4f88-89c6-87be2390e0ee","type":"Feature","geometry":{"type":"Polygon","coordinates":[[[41.0802271,19.1269741],[41.0801981,19.1269067],[41.0803409,19.1268519],[41.0803932,19.1269737],[41.0803288,19.1269985],[41.0803054,19.1269441],[41.0802271,19.1269741]]]},"properties":{"sources":[{"property":"","dataset":"Microsoft ML Buildings","license":"ODbL-1.0","record_id":null,"update_time":"2018-09-01T00:00:00.000Z","confidence":null,"between":null,"provider":"microsoft","resource":"ml_buildings","version":"2025-02-25"}],"is_underground":false,"has_parts":false,"version":3}},
{"id":"26487aa4-b27c-4da8-96d6-ff59d1930819","type":"Feature","geometry":{"type":"Polygon","coordinates":[[[41.0802178,19.1268611],[41.0801802,19.1267566],[41.0802692,19.126728],[41.0803068,19.1268325],[41.0802178,19.1268611]]]},"properties":{"sources":[{"property":"","dataset":"Microsoft ML Buildings","license":"ODbL-1.0","record_id":null,"update_time":"2018-09-01T00:00:00.000Z","confidence":null,"between":null,"provider":"microsoft","resource":"ml_buildings","version":"2025-02-25"}],"is_underground":false,"has_parts":false,"version":3}},
{"id":"ebd1fa0f-6743-4da3-b53b-44f79b580f06","type":"Feature","geometry":{"type":"Polygon","coordinates":[[[41.0804371,19.1272165],[41.0804215,19.1271806],[41.0804788,19.1271582],[41.0804945,19.1271942],[41.0804371,19.1272165]]]},"properties":{"sources":[{"property":"","dataset":"Microsoft ML Buildings","license":"ODbL-1.0","record_id":null,"update_time":"2018-09-01T00:00:00.000Z","confidence":null,"between":null,"provider":"microsoft","resource":"ml_buildings","version":"2025-02-25"}],"is_underground":false,"has_parts":false,"version":3}},
{"id":"439f3b09-6af2-4d97-8e47-97e3b4358d8e","type":"Feature","geometry":{"type":"Polygon","coordinates":[[[41.0801866,19.1271793],[41.0803872,19.1270597],[41.0804429,19.1271431],[41.0802422,19.1272627],[41.0801866,19.1271793]]]},"properties":{"sources":[{"property":"","dataset":"Microsoft ML Buildings","license":"ODbL-1.0","record_id":null,"update_time":"2018-09-01T00:00:00.000Z","confidence":null,"between":null,"provider":"microsoft","resource":"ml_buildings","version":"2025-02-25"}],"is_underground":false,"has_parts":false,"version":3}},
{"id":"2ef69642-9a23-46e0-93f4-3f950557f154","type":"Feature","geometry":{"type":"Polygon","coordinates":[[[41.0798829,19.1272309],[41.0800223,19.1271565],[41.0801102,19.1273036],[41.0799708,19.127378],[41.0798829,19.1272309]]]},"properties":{"sources":[{"property":"","dataset":"Microsoft ML Buildings","license":"ODbL-1.0","record_id":null,"update_time":"2018-09-01T00:00:00.000Z","confidence":null,"between":null,"provider":"microsoft","resource":"ml_buildings","version":"2025-02-25"}],"is_underground":false,"has_parts":false,"version":3}},
{"id":"bda85eff-9f80-4dca-b712-189f39d1c1c7","type":"Feature","geometry":{"type":"Polygon","coordinates":[[[41.0797702,19.1271775],[41.0797148,19.1271145],[41.0798489,19.1270093],[41.0799042,19.1270723],[41.0797702,19.1271775]]]},"properties":{"sources":[{"property":"","dataset":"Microsoft ML Buildings","license":"ODbL-1.0","record_id":null,"update_time":"2018-09-01T00:00:00.000Z","confidence":null,"between":null,"provider":"microsoft","resource":"ml_buildings","version":"2025-02-25"}],"is_underground":false,"has_parts":false,"version":3}},
{"id":"4dfc32d5-ba39-4ebc-aa53-7971ef20d45a","type":"Feature","geometry":{"type":"Polygon","coordinates":[[[41.0796334,19.1272115],[41.079533,19.1272462],[41.0795084,19.1271828],[41.0797175,19.1271104],[41.0797513,19.1271975],[41.0796425,19.1272352],[41.0796334,19.1272115]]]},"properties":{"sources":[{"property":"","dataset":"Microsoft ML Buildings","license":"ODbL-1.0","record_id":null,"update_time":"2018-09-01T00:00:00.000Z","confidence":null,"between":null,"provider":"microsoft","resource":"ml_buildings","version":"2025-02-25"}],"is_underground":false,"has_parts":false,"version":3}},
{"id":"d3635bcb-be47-4be4-bc83-b7ad0396af60","type":"Feature","geometry":{"type":"Polygon","coordinates":[[[41.0794632,19.1270063],[41.079453,19.1269655],[41.0795012,19.1269547],[41.0795114,19.1269955],[41.0794632,19.1270063]]]},"properties":{"sources":[{"property":"","dataset":"Microsoft ML Buildings","license":"ODbL-1.0","record_id":null,"update_time":"2018-09-01T00:00:00.000Z","confidence":null,"between":null,"provider":"microsoft","resource":"ml_buildings","version":"2025-02-25"}],"is_underground":false,"has_parts":false,"version":3}},
{"id":"6445be50-c365-4903-b7fe-e3e646c68e9d","type":"Feature","geometry":{"type":"Polygon","coordinates":[[[41.0797238,19.1270376],[41.0796265,19.1268852],[41.0797641,19.1268067],[41.0798211,19.1268959],[41.0798054,19.1269049],[41.0798374,19.1269551],[41.0797764,19.1269898],[41.0797847,19.1270028],[41.0797238,19.1270376]]]},"properties":{"sources":[{"property":"","dataset":"Microsoft ML Buildings","license":"ODbL-1.0","record_id":null,"update_time":"2018-09-01T00:00:00.000Z","confidence":null,"between":null,"provider":"microsoft","resource":"ml_buildings","version":"2025-02-25"}],"is_underground":false,"has_parts":false,"version":3}},
{"id":"59215820-365c-4c27-9970-6b2d68b9acbe","type":"Feature","geometry":{"type":"Polygon","coordinates":[[[41.0795327,19.1267432],[41.0795536,19.1268191],[41.0793792,19.126862],[41.0793583,19.126786],[41.0795327,19.1267432]]]},"properties":{"sources":[{"property":"","dataset":"Microsoft ML Buildings","license":"ODbL-1.0","record_id":null,"update_time":"2018-09-01T00:00:00.000Z","confidence":null,"between":null,"provider":"microsoft","resource":"ml_buildings","version":"2025-02-25"}],"is_underground":false,"has_parts":false,"version":3}},
{"id":"eef2ded3-bd7b-4c1c-9b63-1da9123f5bbe","type":"Feature","geometry":{"type":"Polygon","coordinates":[[[41.0795517,19.1268521],[41.0795768,19.1269092],[41.0794646,19.1269531],[41.0794396,19.126896],[41.0795517,19.1268521]]]},"properties":{"sources":[{"property":"","dataset":"Microsoft ML Buildings","license":"ODbL-1.0","record_id":null,"update_time":"2018-09-01T00:00:00.000Z","confidence":null,"between":null,"provider":"microsoft","resource":"ml_buildings","version":"2025-02-25"}],"is_underground":false,"has_parts":false,"version":3}},
{"id":"04af4ec4-673a-44aa-9d56-58f2abbadbee","type":"Feature","geometry":{"type":"Polygon","coordinates":[[[41.0792856,19.1268189],[41.07934,19.1268145],[41.0793429,19.1268462],[41.0792885,19.1268506],[41.0792856,19.1268189]]]},"properties":{"sources":[{"property":"","dataset":"Microsoft ML Buildings","license":"ODbL-1.0","record_id":null,"update_time":"2018-09-01T00:00:00.000Z","confidence":null,"between":null,"provider":"microsoft","resource":"ml_buildings","version":"2025-02-25"}],"is_underground":false,"has_parts":false,"version":3}},
{"id":"27cc0988-b621-408d-ac9d-cae0ccab183e","type":"Feature","geometry":{"type":"Polygon","coordinates":[[[41.0793549,19.1267584],[41.0793576,19.1268099],[41.0792571,19.1268147],[41.0792543,19.1267631],[41.0793549,19.1267584]]]},"properties":{"sources":[{"property":"","dataset":"Microsoft ML Buildings","license":"ODbL-1.0","record_id":null,"update_time":"2018-09-01T00:00:00.000Z","confidence":null,"between":null,"provider":"microsoft","resource":"ml_buildings","version":"2025-02-25"}],"is_underground":false,"has_parts":false,"version":3}},
{"id":"e4b2e8ae-3aec-44fc-b034-938bb3f63632","type":"Feature","geometry":{"type":"Polygon","coordinates":[[[41.0790791,19.1268903],[41.0790779,19.1268559],[41.0791422,19.1268539],[41.0791434,19.1268884],[41.0790791,19.1268903]]]},"properties":{"sources":[{"property":"","dataset":"Microsoft ML Buildings","license":"ODbL-1.0","record_id":null,"update_time":"2018-09-01T00:00:00.000Z","confidence":null,"between":null,"provider":"microsoft","resource":"ml_buildings","version":"2025-02-25"}],"is_underground":false,"has_parts":false,"version":3}},
{"id":"89804ec0-bcbc-44e7-9c25-3f01b5857ea4","type":"Feature","geometry":{"type":"Polygon","coordinates":[[[41.0792416,19.1267932],[41.0792413,19.1268388],[41.0792037,19.1268385],[41.0792035,19.126869],[41.0791525,19.1268686],[41.0791531,19.1267926],[41.0792416,19.1267932]]]},"properties":{"sources":[{"property":"","dataset":"Microsoft ML Buildings","license":"ODbL-1.0","record_id":null,"update_time":"2018-09-01T00:00:00.000Z","confidence":null,"between":null,"provider":"microsoft","resource":"ml_buildings","version":"2025-02-25"}],"is_underground":false,"has_parts":false,"version":3}},
{"id":"cd1d8da9-8f0f-4095-8512-e08a2bb0edc8","type":"Feature","geometry":{"type":"Polygon","coordinates":[[[41.0791464,19.126901],[41.079204,19.1268923],[41.0791986,19.1268602],[41.0792771,19.1268485],[41.0792945,19.1269523],[41.0791585,19.1269726],[41.0791464,19.126901]]]},"properties":{"sources":[{"property":"","dataset":"Microsoft ML Buildings","license":"ODbL-1.0","record_id":null,"update_time":"2018-09-01T00:00:00.000Z","confidence":null,"between":null,"provider":"microsoft","resource":"ml_buildings","version":"2025-02-25"}],"is_underground":false,"has_parts":false,"version":3}},
{"id":"f446f53e-0d62-433d-bcc9-b63bf2db4ac8","type":"Feature","geometry":{"type":"Polygon","coordinates":[[[41.0791435,19.1268999],[41.0791528,19.1269645],[41.0791107,19.12697],[41.0791013,19.1269053],[41.0791435,19.1268999]]]},"properties":{"sources":[{"property":"","dataset":"Microsoft ML Buildings","license":"ODbL-1.0","record_id":null,"update_time":"2018-09-01T00:00:00.000Z","confidence":null,"between":null,"provider":"microsoft","resource":"ml_buildings","version":"2025-02-25"}],"is_underground":false,"has_parts":false,"version":3}},
{"id":"d59db937-daf2-413f-9f30-2342c9a9c82b","type":"Feature","geometry":{"type":"Polygon","coordinates":[[[41.0794036,19.1270095],[41.079543,19.1270091],[41.0795428,19.1269518],[41.0796206,19.1269515],[41.0796212,19.1271102],[41.0795247,19.1271105],[41.0795246,19.1270877],[41.0794817,19.1270878],[41.0794815,19.1270422],[41.0793903,19.1270425],[41.0793906,19.127111],[41.0792216,19.1271116],[41.0791465,19.1271118],[41.0791461,19.1270206],[41.0792159,19.1270203],[41.0792157,19.1269747],[41.0792693,19.1269745],[41.0792696,19.1270354],[41.0792857,19.1270353],[41.0792854,19.1269694],[41.079331,19.1269693],[41.0793311,19.1269997],[41.0794035,19.1269994],[41.0794036,19.1270095]]]},"properties":{"sources":[{"property":"","dataset":"Microsoft ML Buildings","license":"ODbL-1.0","record_id":null,"update_time":"2018-09-01T00:00:00.000Z","confidence":null,"between":null,"provider":"microsoft","resource":"ml_buildings","version":"2025-02-25"}],"is_underground":false,"has_parts":false,"version":3}},
{"id":"c16816f2-7d86-40c8-b651-5c97bc66a0ed","type":"Feature","geometry":{"type":"Polygon","coordinates":[[[41.0794627,19.1270919],[41.0794615,19.1271568],[41.0794105,19.1271559],[41.0794117,19.1270911],[41.0794627,19.1270919]]]},"properties":{"sources":[{"property":"","dataset":"Microsoft ML Buildings","license":"ODbL-1.0","record_id":null,"update_time":"2018-09-01T00:00:00.000Z","confidence":null,"between":null,"provider":"microsoft","resource":"ml_buildings","version":"2025-02-25"}],"is_underground":false,"has_parts":false,"version":3}},
{"id":"587fd750-e5c9-4dbe-b547-3f0d0b123036","type":"Feature","geometry":{"type":"Polygon","coordinates":[[[41.0792628,19.1272291],[41.0793897,19.1271579],[41.0794356,19.1272309],[41.0793088,19.1273021],[41.0792628,19.1272291]]]},"properties":{"sources":[{"property":"","dataset":"Microsoft ML Buildings","license":"ODbL-1.0","record_id":null,"update_time":"2018-09-01T00:00:00.000Z","confidence":null,"between":null,"provider":"microsoft","resource":"ml_buildings","version":"2025-02-25"}],"is_underground":false,"has_parts":false,"version":3}},
{"id":"100b24e3-c874-4fd2-851c-18c823972894","type":"Feature","geometry":{"type":"Polygon","coordinates":[[[41.0790597,19.1274553],[41.0790628,19.1273819],[41.0792434,19.1273887],[41.0792403,19.1274621],[41.0790597,19.1274553]]]},"properties":{"sources":[{"property":"","dataset":"Microsoft ML Buildings","license":"ODbL-1.0","record_id":null,"update_time":"2018-09-01T00:00:00.000Z","confidence":null,"between":null,"provider":"microsoft","resource":"ml_buildings","version":"2025-02-25"}],"is_underground":false,"has_parts":false,"version":3}},
{"id":"1e589566-95b2-422d-ae73-a4a4d9e25d62","type":"Feature","geometry":{"type":"Polygon","coordinates":[[[41.0792719,19.1275574],[41.0792318,19.1275552],[41.0792372,19.1274693],[41.0793777,19.1274772],[41.079371,19.1275833],[41.0792706,19.1275776],[41.0792719,19.1275574]]]},"properties":{"sources":[{"property":"","dataset":"Microsoft ML Buildings","license":"ODbL-1.0","record_id":null,"update_time":"2018-09-01T00:00:00.000Z","confidence":null,"between":null,"provider":"microsoft","resource":"ml_buildings","version":"2025-02-25"}],"is_underground":false,"has_parts":false,"version":3}},
{"id":"4c11d1e7-e11a-440f-84a4-36369401bf90","type":"Feature","geometry":{"type":"Polygon","coordinates":[[[41.0793115,19.1275863],[41.0793702,19.12759],[41.079368,19.1276228],[41.0793092,19.1276191],[41.0793115,19.1275863]]]},"properties":{"sources":[{"property":"","dataset":"Microsoft ML Buildings","license":"ODbL-1.0","record_id":null,"update_time":"2018-09-01T00:00:00.000Z","confidence":null,"between":null,"provider":"microsoft","resource":"ml_buildings","version":"2025-02-25"}],"is_underground":false,"has_parts":false,"version":3}},
{"id":"665afaef-3650-4d4a-9020-7b342e5185d8","type":"Feature","geometry":{"type":"Polygon","coordinates":[[[41.0791063,19.1276029],[41.0791122,19.1274663],[41.0792262,19.1274707],[41.0792241,19.1275188],[41.0792279,19.1275189],[41.0792261,19.1275619],[41.0792636,19.1275634],[41.0792616,19.1276089],[41.0791063,19.1276029]]]},"properties":{"sources":[{"property":"","dataset":"Microsoft ML Buildings","license":"ODbL-1.0","record_id":null,"update_time":"2018-09-01T00:00:00.000Z","confidence":null,"between":null,"provider":"microsoft","resource":"ml_buildings","version":"2025-02-25"}],"is_underground":false,"has_parts":false,"version":3}},
{"id":"87c7b100-5af9-4c18-bc9a-e112e0b983eb","type":"Feature","geometry":{"type":"Polygon","coordinates":[[[41.0788884,19.1278792],[41.0788885,19.1276409],[41.0790735,19.127641],[41.0790735,19.1276546],[41.0793498,19.1276547],[41.0793498,19.1277941],[41.0793712,19.1277941],[41.0793712,19.1278514],[41.0792466,19.1278514],[41.0792466,19.1278742],[41.0791888,19.1278741],[41.0791888,19.1278169],[41.0792291,19.1278169],[41.0792291,19.1278007],[41.0790547,19.1278006],[41.0790547,19.1278792],[41.0788884,19.1278792]]]},"properties":{"sources":[{"property":"","dataset":"Microsoft ML Buildings","license":"ODbL-1.0","record_id":null,"update_time":"2018-09-01T00:00:00.000Z","confidence":null,"between":null,"provider":"microsoft","resource":"ml_buildings","version":"2025-02-25"}],"is_underground":false,"has_parts":false,"version":3}},
{"id":"be57cdb2-68bb-44c7-8eab-28cd063b523d","type":"Feature","geometry":{"type":"Polygon","coordinates":[[[41.0790991,19.1278465],[41.0791543,19.1278389],[41.079165,19.1279083],[41.0791098,19.1279159],[41.0790991,19.1278465]]]},"properties":{"sources":[{"property":"","dataset":"Microsoft ML Buildings","license":"ODbL-1.0","record_id":null,"update_time":"2018-09-01T00:00:00.000Z","confidence":null,"between":null,"provider":"microsoft","resource":"ml_buildings","version":"2025-02-25"}],"is_underground":false,"has_parts":false,"version":3}},
{"id":"e2865546-d861-4649-a759-997cd9275678","type":"Feature","geometry":{"type":"Polygon","coordinates":[[[41.0791388,19.1279472],[41.0791951,19.1279472],[41.0791951,19.1280131],[41.0791388,19.1280131],[41.0791388,19.1279472]]]},"properties":{"sources":[{"property":"","dataset":"Microsoft ML Buildings","license":"ODbL-1.0","record_id":null,"update_time":"2018-09-01T00:00:00.000Z","confidence":null,"between":null,"provider":"microsoft","resource":"ml_buildings","version":"2025-02-25"}],"is_underground":false,"has_parts":false,"version":3}},
{"id":"b64cfeba-84fa-45cf-830b-aba450850581","type":"Feature","geometry":{"type":"Polygon","coordinates":[[[41.0793223,19.1278587],[41.0793732,19.1278568],[41.0793752,19.1279049],[41.0793243,19.1279068],[41.0793223,19.1278587]]]},"properties":{"sources":[{"property":"","dataset":"Microsoft ML Buildings","license":"ODbL-1.0","record_id":null,"update_time":"2018-09-01T00:00:00.000Z","confidence":null,"between":null,"provider":"microsoft","resource":"ml_buildings","version":"2025-02-25"}],"is_underground":false,"has_parts":false,"version":3}},
{"id":"ae452b23-8d93-4ab5-97b8-4d569af9cad1","type":"Feature","geometry":{"type":"Polygon","coordinates":[[[41.0793325,19.1279795],[41.0793301,19.1279223],[41.0793703,19.1279208],[41.0793727,19.127978],[41.0793325,19.1279795]]]},"properties":{"sources":[{"property":"","dataset":"Microsoft ML Buildings","license":"ODbL-1.0","record_id":null,"update_time":"2018-09-01T00:00:00.000Z","confidence":null,"between":null,"provider":"microsoft","resource":"ml_buildings","version":"2025-02-25"}],"is_underground":false,"has_parts":false,"version":3}},
{"id":"6211b28b-b506-49b2-bc44-aa9c4afe68ed","type":"Feature","geometry":{"type":"Polygon","coordinates":[[[41.0793762,19.1277132],[41.0793926,19.1276523],[41.0794254,19.1276602],[41.0794089,19.1277211],[41.0793762,19.1277132]]]},"properties":{"sources":[{"property":"","dataset":"Microsoft ML Buildings","license":"ODbL-1.0","record_id":null,"update_time":"2018-09-01T00:00:00.000Z","confidence":null,"between":null,"provider":"microsoft","resource":"ml_buildings","version":"2025-02-25"}],"is_underground":false,"has_parts":false,"version":3}},
{"id":"d3fa7e72-06ae-46b5-9ee9-09c6aa3c888d","type":"Feature","geometry":{"type":"Polygon","coordinates":[[[41.0794321,19.1276826],[41.0795445,19.1277065],[41.0794994,19.1278956],[41.0793871,19.1278717],[41.0794321,19.1276826]]]},"properties":{"sources":[{"property":"","dataset":"Microsoft ML Buildings","license":"ODbL-1.0","record_id":null,"update_time":"2018-09-01T00:00:00.000Z","confidence":null,"between":null,"provider":"microsoft","resource":"ml_buildings","version":"2025-02-25"}],"is_underground":false,"has_parts":false,"version":3}},
{"id":"f5363ba8-0efb-4f3a-af56-0f3117627947","type":"Feature","geometry":{"type":"Polygon","coordinates":[[[41.0795443,19.1277962],[41.0795722,19.1278025],[41.079562,19.1278433],[41.0795341,19.127837],[41.0795443,19.1277962]]]},"properties":{"sources":[{"property":"","dataset":"Microsoft ML Buildings","license":"ODbL-1.0","record_id":null,"update_time":"2018-09-01T00:00:00.000Z","confidence":null,"between":null,"provider":"microsoft","resource":"ml_buildings","version":"2025-02-25"}],"is_underground":false,"has_parts":false,"version":3}},
{"id":"5d8474a0-7841-4649-aaa0-54693ddb243d","type":"Feature","geometry":{"type":"Polygon","coordinates":[[[41.0796505,19.1275077],[41.0796522,19.1275533],[41.079679,19.1275524],[41.0796807,19.1275969],[41.079640499999996,19.1275982],[41.0796391,19.1275603],[41.0795575,19.127563],[41.0795555,19.1275109],[41.0796505,19.1275077]]]},"properties":{"sources":[{"property":"","dataset":"Microsoft ML Buildings","license":"ODbL-1.0","record_id":null,"update_time":"2018-09-01T00:00:00.000Z","confidence":null,"between":null,"provider":"microsoft","resource":"ml_buildings","version":"2025-02-25"}],"is_underground":false,"has_parts":false,"version":3}},
{"id":"9cf66d34-2c4c-48ec-8591-c077fd022bba","type":"Feature","geometry":{"type":"Polygon","coordinates":[[[41.0797599,19.1272884],[41.0797718,19.1273444],[41.0797048,19.1273572],[41.0796929,19.1273012],[41.0797599,19.1272884]]]},"properties":{"sources":[{"property":"","dataset":"Microsoft ML Buildings","license":"ODbL-1.0","record_id":null,"update_time":"2018-09-01T00:00:00.000Z","confidence":null,"between":null,"provider":"microsoft","resource":"ml_buildings","version":"2025-02-25"}],"is_underground":false,"has_parts":false,"version":3}},
{"id":"5da3fb70-99ab-4c73-8c2b-23f157edda70","type":"Feature","geometry":{"type":"Polygon","coordinates":[[[41.079892,19.1272965],[41.0799392,19.1274037],[41.0798533,19.1274374],[41.0798061,19.1273303],[41.079892,19.1272965]]]},"properties":{"sources":[{"property":"","dataset":"Microsoft ML Buildings","license":"ODbL-1.0","record_id":null,"update_time":"2018-09-01T00:00:00.000Z","confidence":null,"between":null,"provider":"microsoft","resource":"ml_buildings","version":"2025-02-25"}],"is_underground":false,"has_parts":false,"version":3}},
{"id":"e5030fd3-d011-4cf5-a2e9-85b90d327b98","type":"Feature","geometry":{"type":"Polygon","coordinates":[[[41.0800582,19.127514],[41.0800626,19.1275497],[41.0798672,19.1275716],[41.0798515,19.127543],[41.0798634,19.1275416],[41.079694,19.1274955],[41.0796818,19.1274733],[41.0798651,19.1274527],[41.0798785,19.1274462],[41.0799187,19.1274417],[41.08001,19.1273969],[41.0800265,19.127427],[41.0800393,19.1273851],[41.0800978,19.1273565],[41.0801306,19.1274162],[41.0801296,19.1274193],[41.0801648,19.1274835],[41.0801595,19.1275011],[41.0800898,19.1275352],[41.0800388,19.1274424],[41.0800154,19.127436],[41.0800582,19.127514]]]},"properties":{"sources":[{"property":"","dataset":"Microsoft ML Buildings","license":"ODbL-1.0","record_id":null,"update_time":"2018-09-01T00:00:00.000Z","confidence":null,"between":null,"provider":"microsoft","resource":"ml_buildings","version":"2025-02-25"}],"is_underground":false,"has_parts":false,"version":3}},
{"id":"d1fbbd86-cd7b-499e-8a48-25facb320d8d","type":"Feature","geometry":{"type":"Polygon","coordinates":[[[41.0803552,19.1273836],[41.0805218,19.1272968],[41.0805824,19.1274006],[41.0804159,19.1274874],[41.0803552,19.1273836]]]},"properties":{"sources":[{"property":"","dataset":"Microsoft ML Buildings","license":"ODbL-1.0","record_id":null,"update_time":"2018-09-01T00:00:00.000Z","confidence":null,"between":null,"provider":"microsoft","resource":"ml_buildings","version":"2025-02-25"}],"is_underground":false,"has_parts":false,"version":3}},
{"id":"3d1f1870-838e-46de-8768-6f4304779d5e","type":"Feature","geometry":{"type":"Polygon","coordinates":[[[41.0801529,19.1277895],[41.080127,19.1277295],[41.0801741,19.1277114],[41.0801572,19.1276723],[41.080263,19.1276316],[41.0803057,19.1277307],[41.0801529,19.1277895]]]},"properties":{"sources":[{"property":"","dataset":"Microsoft ML Buildings","license":"ODbL-1.0","record_id":null,"update_time":"2018-09-01T00:00:00.000Z","confidence":null,"between":null,"provider":"microsoft","resource":"ml_buildings","version":"2025-02-25"}],"is_underground":false,"has_parts":false,"version":3}},
{"id":"cc8ddf9b-5f59-436e-b193-bbf73cad1425","type":"Feature","geometry":{"type":"Polygon","coordinates":[[[41.0799911,19.1277139],[41.0799701,19.1276139],[41.0802319,19.1275648],[41.080246699999996,19.1276355],[41.0800985,19.1276633],[41.0801052,19.127695],[41.0801284,19.1276907],[41.0801494,19.1277906],[41.0801004,19.1277998],[41.0800901,19.1277511],[41.0800617,19.1277564],[41.080072,19.1278051],[41.0799713,19.127824],[41.0799539,19.1277411],[41.08007,19.1277193],[41.0800659,19.1276998],[41.0799911,19.1277139]]]},"properties":{"sources":[{"property":"","dataset":"Microsoft ML Buildings","license":"ODbL-1.0","record_id":null,"update_time":"2018-09-01T00:00:00.000Z","confidence":null,"between":null,"provider":"microsoft","resource":"ml_buildings","version":"2025-02-25"}],"is_underground":false,"has_parts":false,"version":3}},
{"id":"635e2c57-f41e-413a-aa31-e651117204a3","type":"Feature","geometry":{"type":"Polygon","coordinates":[[[41.0796737,19.1278145],[41.0796466,19.1276879],[41.0799455,19.1276308],[41.0799646,19.1277199],[41.0797353,19.1277637],[41.0797433,19.1278012],[41.0796737,19.1278145]]]},"properties":{"sources":[{"property":"","dataset":"Microsoft ML Buildings","license":"ODbL-1.0","record_id":null,"update_time":"2018-09-01T00:00:00.000Z","confidence":null,"between":null,"provider":"microsoft","resource":"ml_buildings","version":"2025-02-25"}],"is_underground":false,"has_parts":false,"version":3}},
{"id":"46e60458-2ca3-4cb2-ac19-45fe83128261","type":"Feature","geometry":{"type":"Polygon","coordinates":[[[41.0802971,19.1278368],[41.0804327,19.1277946],[41.0805868,19.1281832],[41.080311,19.1282837],[41.0800414,19.1283215],[41.0800275,19.1281585],[41.0799505,19.1281672],[41.0798951,19.1279722],[41.0802324,19.1278558],[41.0803064,19.1280857],[41.0803649,19.1280697],[41.0802971,19.1278368]]]},"properties":{"sources":[{"property":"","dataset":"OpenStreetMap","license":"ODbL-1.0","record_id":"w1063332254@1","update_time":"2022-05-24T16:27:43.000Z","confidence":null,"between":null,"provider":"osm","resource":"planet","version":"2026-08-02T00:00:00.000Z"}],"is_underground":false,"has_parts":false,"version":1}},
{"id":"fb809c99-fe0c-4855-ad18-5db016d03b73","type":"Feature","geometry":{"type":"Polygon","coordinates":[[[41.0801145,19.1285267],[41.0801117,19.1283824],[41.0802163,19.1283805],[41.0802161,19.1283679],[41.080275,19.1283669],[41.080276,19.128415],[41.0803269,19.1284141],[41.0803287,19.1285053],[41.0802187,19.1285072],[41.0802191,19.1285249],[41.0801145,19.1285267]]]},"properties":{"sources":[{"property":"","dataset":"Microsoft ML Buildings","license":"ODbL-1.0","record_id":null,"update_time":"2018-09-01T00:00:00.000Z","confidence":null,"between":null,"provider":"microsoft","resource":"ml_buildings","version":"2025-02-25"}],"is_underground":false,"has_parts":false,"version":3}},
{"id":"ea8628b6-921b-4add-8092-90caf0d32ddc","type":"Feature","geometry":{"type":"Polygon","coordinates":[[[41.0805063,19.1284164],[41.0805165,19.1284704],[41.0804853,19.1284757],[41.0804751,19.1284217],[41.0805063,19.1284164]]]},"properties":{"sources":[{"property":"","dataset":"Microsoft ML Buildings","license":"ODbL-1.0","record_id":null,"update_time":"2018-09-01T00:00:00.000Z","confidence":null,"between":null,"provider":"microsoft","resource":"ml_buildings","version":"2025-02-25"}],"is_underground":false,"has_parts":false,"version":3}},
{"id":"600721c1-8e50-4c4f-acb2-9c4208759dff","type":"Feature","geometry":{"type":"Polygon","coordinates":[[[41.0803565,19.12847],[41.08034,19.128392],[41.0804418,19.1283728],[41.0804583,19.1284508],[41.0803565,19.12847]]]},"properties":{"sources":[{"property":"","dataset":"Microsoft ML Buildings","license":"ODbL-1.0","record_id":null,"update_time":"2018-09-01T00:00:00.000Z","confidence":null,"between":null,"provider":"microsoft","resource":"ml_buildings","version":"2025-02-25"}],"is_underground":false,"has_parts":false,"version":3}},
{"id":"3a0bd1c4-a2fc-4749-92e9-358d0e9ca535","type":"Feature","geometry":{"type":"Polygon","coordinates":[[[41.0803635,19.1285709],[41.0803479,19.1285006],[41.0804172,19.1284868],[41.0804329,19.1285572],[41.0803635,19.1285709]]]},"properties":{"sources":[{"property":"","dataset":"Microsoft ML Buildings","license":"ODbL-1.0","record_id":null,"update_time":"2018-09-01T00:00:00.000Z","confidence":null,"between":null,"provider":"microsoft","resource":"ml_buildings","version":"2025-02-25"}],"is_underground":false,"has_parts":false,"version":3}},
{"id":"d5b352f0-471e-4b14-a92a-7dbad7b70440","type":"Feature","geometry":{"type":"Polygon","coordinates":[[[41.0804909,19.1285654],[41.080493,19.1286465],[41.0804166,19.1286483],[41.0804144,19.1285673],[41.0804909,19.1285654]]]},"properties":{"sources":[{"property":"","dataset":"Microsoft ML Buildings","license":"ODbL-1.0","record_id":null,"update_time":"2018-09-01T00:00:00.000Z","confidence":null,"between":null,"provider":"microsoft","resource":"ml_buildings","version":"2025-02-25"}],"is_underground":false,"has_parts":false,"version":3}},
{"id":"e982b984-c9a2-439b-8b4d-9a05ea96626b","type":"Feature","geometry":{"type":"Polygon","coordinates":[[[41.0802008,19.1287579],[41.0800882,19.1287695],[41.0800777,19.1286783],[41.0799902,19.1286873],[41.0799736,19.128543],[41.0801088,19.1285292],[41.0801238,19.1286594],[41.0801503,19.1286567],[41.0801394,19.1285615],[41.0801951,19.1285558],[41.0802069,19.1286585],[41.0801896,19.1286603],[41.0802008,19.1287579]]]},"properties":{"sources":[{"property":"","dataset":"Microsoft ML Buildings","license":"ODbL-1.0","record_id":null,"update_time":"2018-09-01T00:00:00.000Z","confidence":null,"between":null,"provider":"microsoft","resource":"ml_buildings","version":"2025-02-25"}],"is_underground":false,"has_parts":false,"version":3}},
{"id":"b9270499-bf11-4af4-9c27-399fc242fb7c","type":"Feature","geometry":{"type":"Polygon","coordinates":[[[41.0800848,19.12841],[41.0800893,19.1285086],[41.0800156,19.1285117],[41.0800111,19.128413],[41.0800848,19.12841]]]},"properties":{"sources":[{"property":"","dataset":"Microsoft ML Buildings","license":"ODbL-1.0","record_id":null,"update_time":"2018-09-01T00:00:00.000Z","confidence":null,"between":null,"provider":"microsoft","resource":"ml_buildings","version":"2025-02-25"}],"is_underground":false,"has_parts":false,"version":3}},
{"id":"f7aba1e4-0b0b-40e2-9e17-68883463e94a","type":"Feature","geometry":{"type":"Polygon","coordinates":[[[41.0798264,19.1286354],[41.0799523,19.1286389],[41.0799507,19.1286921],[41.0798247,19.1286885],[41.0798264,19.1286354]]]},"properties":{"sources":[{"property":"","dataset":"Microsoft ML Buildings","license":"ODbL-1.0","record_id":null,"update_time":"2018-09-01T00:00:00.000Z","confidence":null,"between":null,"provider":"microsoft","resource":"ml_buildings","version":"2025-02-25"}],"is_underground":false,"has_parts":false,"version":3}},
{"id":"0d4dd0d4-bcb2-4653-b9d0-266f4b21c75c","type":"Feature","geometry":{"type":"Polygon","coordinates":[[[41.0795804,19.128696],[41.0795963,19.1286257],[41.0796373,19.128634],[41.0796214,19.1287043],[41.0795804,19.128696]]]},"properties":{"sources":[{"property":"","dataset":"Microsoft ML Buildings","license":"ODbL-1.0","record_id":null,"update_time":"2018-09-01T00:00:00.000Z","confidence":null,"between":null,"provider":"microsoft","resource":"ml_buildings","version":"2025-02-25"}],"is_underground":false,"has_parts":false,"version":3}},
{"id":"45e495c7-53b0-4da2-80ea-67dd436ede6b","type":"Feature","geometry":{"type":"Polygon","coordinates":[[[41.0795128,19.1285223],[41.0794193,19.1285004],[41.0794302,19.1284588],[41.0795237,19.1284807],[41.0795128,19.1285223]]]},"properties":{"sources":[{"property":"","dataset":"Microsoft ML Buildings","license":"ODbL-1.0","record_id":null,"update_time":"2018-09-01T00:00:00.000Z","confidence":null,"between":null,"provider":"microsoft","resource":"ml_buildings","version":"2025-02-25"}],"is_underground":false,"has_parts":false,"version":3}},
{"id":"015ad9a2-39a1-42d0-b78e-3fe776ba6a81","type":"Feature","geometry":{"type":"Polygon","coordinates":[[[41.0796301,19.1284207],[41.0796322,19.1283691],[41.0797233,19.1283724],[41.0797212,19.128424],[41.0796301,19.1284207]]]},"properties":{"sources":[{"property":"","dataset":"Microsoft ML Buildings","license":"ODbL-1.0","record_id":null,"update_time":"2018-09-01T00:00:00.000Z","confidence":null,"between":null,"provider":"microsoft","resource":"ml_buildings","version":"2025-02-25"}],"is_underground":false,"has_parts":false,"version":3}},
{"id":"afb76531-a3bc-477c-b0de-40d342bb0d59","type":"Feature","geometry":{"type":"Polygon","coordinates":[[[41.0798144,19.1282732],[41.0797635,19.1282808],[41.0797752,19.1283515],[41.0797281,19.1283585],[41.0797149,19.1282793],[41.079813,19.1282648],[41.0798144,19.1282732]]]},"properties":{"sources":[{"property":"","dataset":"Microsoft ML Buildings","license":"ODbL-1.0","record_id":null,"update_time":"2018-09-01T00:00:00.000Z","confidence":null,"between":null,"provider":"microsoft","resource":"ml_buildings","version":"2025-02-25"}],"is_underground":false,"has_parts":false,"version":3}},
{"id":"5b17d8ad-228a-4fa0-a383-c5827f20caaf","type":"Feature","geometry":{"type":"Polygon","coordinates":[[[41.0796275,19.128261],[41.0796195,19.1281847],[41.0796473,19.1281821],[41.0796374,19.1280878],[41.0797212,19.1280799],[41.0797311,19.1281743],[41.0798916,19.1281592],[41.0798997,19.1282355],[41.0796275,19.128261]]]},"properties":{"sources":[{"property":"","dataset":"Microsoft ML Buildings","license":"ODbL-1.0","record_id":null,"update_time":"2018-09-01T00:00:00.000Z","confidence":null,"between":null,"provider":"microsoft","resource":"ml_buildings","version":"2025-02-25"}],"is_underground":false,"has_parts":false,"version":3}},
{"id":"bc78e9a9-326f-4e90-8a40-08e966f566d1","type":"Feature","geometry":{"type":"Polygon","coordinates":[[[41.0798175,19.1280233],[41.0798324,19.1280639],[41.0798612,19.1280545],[41.0798878,19.1281268],[41.079761,19.1281685],[41.0797194,19.1280555],[41.0798175,19.1280233]]]},"properties":{"sources":[{"property":"","dataset":"Microsoft ML Buildings","license":"ODbL-1.0","record_id":null,"update_time":"2018-09-01T00:00:00.000Z","confidence":null,"between":null,"provider":"microsoft","resource":"ml_buildings","version":"2025-02-25"}],"is_underground":false,"has_parts":false,"version":3}},
{"id":"379322ce-d8f3-4006-9084-2652a8e2e3f0","type":"Feature","geometry":{"type":"Polygon","coordinates":[[[41.0795015,19.1280348],[41.079484,19.1279886],[41.0795814,19.1279555],[41.0795989,19.1280018],[41.0795015,19.1280348]]]},"properties":{"sources":[{"property":"","dataset":"Microsoft ML Buildings","license":"ODbL-1.0","record_id":null,"update_time":"2018-09-01T00:00:00.000Z","confidence":null,"between":null,"provider":"microsoft","resource":"ml_buildings","version":"2025-02-25"}],"is_underground":false,"has_parts":false,"version":3}},
{"id":"a565306e-aa61-411d-8a5b-522015cdc7af","type":"Feature","geometry":{"type":"Polygon","coordinates":[[[41.0795925,19.1281768],[41.0796004,19.1282315],[41.0795464,19.1282385],[41.0795557,19.1283032],[41.079432,19.1283192],[41.0794104,19.12817],[41.0795315,19.1281543],[41.0795358,19.1281841],[41.0795925,19.1281768]]]},"properties":{"sources":[{"property":"","dataset":"Microsoft ML Buildings","license":"ODbL-1.0","record_id":null,"update_time":"2018-09-01T00:00:00.000Z","confidence":null,"between":null,"provider":"microsoft","resource":"ml_buildings","version":"2025-02-25"}],"is_underground":false,"has_parts":false,"version":3}},
{"id":"f0ddd470-63d2-48b6-9d31-91aaf79e8cf6","type":"Feature","geometry":{"type":"Polygon","coordinates":[[[41.0791903,19.1283747],[41.0791856,19.1282608],[41.0793811,19.1282537],[41.0793858,19.1283675],[41.0791903,19.1283747]]]},"properties":{"sources":[{"property":"","dataset":"Microsoft ML Buildings","license":"ODbL-1.0","record_id":null,"update_time":"2018-09-01T00:00:00.000Z","confidence":null,"between":null,"provider":"microsoft","resource":"ml_buildings","version":"2025-02-25"}],"is_underground":false,"has_parts":false,"version":3}},
{"id":"413b1780-4e15-4f45-9eed-c9fa5762e8aa","type":"Feature","geometry":{"type":"Polygon","coordinates":[[[41.0793651,19.1280879],[41.0793502,19.1280349],[41.0794829,19.1280015],[41.0794979,19.1280545],[41.0793651,19.1280879]]]},"properties":{"sources":[{"property":"","dataset":"Microsoft ML Buildings","license":"ODbL-1.0","record_id":null,"update_time":"2018-09-01T00:00:00.000Z","confidence":null,"between":null,"provider":"microsoft","resource":"ml_buildings","version":"2025-02-25"}],"is_underground":false,"has_parts":false,"version":3}},
{"id":"d254dcea-71ac-45c9-811c-dfae50c57cb4","type":"Feature","geometry":{"type":"Polygon","coordinates":[[[41.0793364,19.1280636],[41.07934,19.1281222],[41.0793076,19.128124],[41.079209,19.128166],[41.0791817,19.1281675],[41.0790862,19.1282082],[41.0790717,19.1281777],[41.0790338,19.1281799],[41.0790311,19.1281379],[41.0790748,19.1281193],[41.0791348,19.1281159],[41.079159,19.1281665],[41.0791556,19.1281127],[41.0791727,19.1281054],[41.0791685,19.128039],[41.0792344,19.1280353],[41.0792678,19.1281054],[41.0792634,19.1280352],[41.0793213,19.128032],[41.0793364,19.1280636]]]},"properties":{"sources":[{"property":"","dataset":"Microsoft ML Buildings","license":"ODbL-1.0","record_id":null,"update_time":"2018-09-01T00:00:00.000Z","confidence":null,"between":null,"provider":"microsoft","resource":"ml_buildings","version":"2025-02-25"}],"is_underground":false,"has_parts":false,"version":3}},
{"id":"0e8d9698-889e-4c4d-aa88-11cc7db975a1","type":"Feature","geometry":{"type":"Polygon","coordinates":[[[41.0794151,19.1284486],[41.0794089,19.1284882],[41.0793314,19.1284774],[41.0793376,19.1284378],[41.0794151,19.1284486]]]},"properties":{"sources":[{"property":"","dataset":"Microsoft ML Buildings","license":"ODbL-1.0","record_id":null,"update_time":"2018-09-01T00:00:00.000Z","confidence":null,"between":null,"provider":"microsoft","resource":"ml_buildings","version":"2025-02-25"}],"is_underground":false,"has_parts":false,"version":3}},
{"id":"75a7a771-e29f-48af-ac68-a5a75143113a","type":"Feature","geometry":{"type":"Polygon","coordinates":[[[41.0795152,19.1285722],[41.0795138,19.1286497],[41.0794361,19.1286485],[41.0794355,19.1286839],[41.0793067,19.1286819],[41.0793094,19.128535],[41.0794729,19.1285376],[41.0794723,19.1285715],[41.0795152,19.1285722]]]},"properties":{"sources":[{"property":"","dataset":"Microsoft ML Buildings","license":"ODbL-1.0","record_id":null,"update_time":"2018-09-01T00:00:00.000Z","confidence":null,"between":null,"provider":"microsoft","resource":"ml_buildings","version":"2025-02-25"}],"is_underground":false,"has_parts":false,"version":3}},
{"id":"0d22930b-effb-4429-aa65-b1ce00d8a2c3","type":"Feature","geometry":{"type":"Polygon","coordinates":[[[41.0792632,19.1284343],[41.079277,19.128626],[41.0791568,19.1286337],[41.0791431,19.128442],[41.0792632,19.1284343]]]},"properties":{"sources":[{"property":"","dataset":"Microsoft ML Buildings","license":"ODbL-1.0","record_id":null,"update_time":"2018-09-01T00:00:00.000Z","confidence":null,"between":null,"provider":"microsoft","resource":"ml_buildings","version":"2025-02-25"}],"is_underground":false,"has_parts":false,"version":3}},
{"id":"20511c99-5190-4d7c-a6e4-4a808e9897e2","type":"Feature","geometry":{"type":"Polygon","coordinates":[[[41.078828,19.1284868],[41.0789478,19.1284365],[41.0789886,19.1285233],[41.0789696,19.1285313],[41.0789948,19.128585],[41.0789052,19.1286226],[41.078873,19.1285541],[41.0788618,19.1285588],[41.078828,19.1284868]]]},"properties":{"sources":[{"property":"","dataset":"Microsoft ML Buildings","license":"ODbL-1.0","record_id":null,"update_time":"2018-09-01T00:00:00.000Z","confidence":null,"between":null,"provider":"microsoft","resource":"ml_buildings","version":"2025-02-25"}],"is_underground":false,"has_parts":false,"version":3}},
{"id":"17e95c66-3304-4df2-b159-5613569e45c1","type":"Feature","geometry":{"type":"Polygon","coordinates":[[[41.0787437,19.1285968],[41.078816,19.1285834],[41.0788325,19.1286631],[41.0787602,19.1286764],[41.0787437,19.1285968]]]},"properties":{"sources":[{"property":"","dataset":"Microsoft ML Buildings","license":"ODbL-1.0","record_id":null,"update_time":"2018-09-01T00:00:00.000Z","confidence":null,"between":null,"provider":"microsoft","resource":"ml_buildings","version":"2025-02-25"}],"is_underground":false,"has_parts":false,"version":3}},
{"id":"c2c5aa1a-29b1-4849-b134-3e72397257de","type":"Feature","geometry":{"type":"Polygon","coordinates":[[[41.0786351,19.1285656],[41.078611,19.1284962],[41.0786957,19.1284699],[41.0787199,19.1285393],[41.0786351,19.1285656]]]},"properties":{"sources":[{"property":"","dataset":"Microsoft ML Buildings","license":"ODbL-1.0","record_id":null,"update_time":"2018-09-01T00:00:00.000Z","confidence":null,"between":null,"provider":"microsoft","resource":"ml_buildings","version":"2025-02-25"}],"is_underground":false,"has_parts":false,"version":3}},
{"id":"495ac974-355b-433d-80c9-37ea2117d68c","type":"Feature","geometry":{"type":"Polygon","coordinates":[[[41.078616,19.128659],[41.0784995,19.1286715],[41.0784812,19.1285199],[41.0786068,19.1285063],[41.0786159,19.1285814],[41.078698,19.1285725],[41.0787207,19.1287601],[41.0786294,19.12877],[41.078616,19.128659]]]},"properties":{"sources":[{"property":"","dataset":"Microsoft ML Buildings","license":"ODbL-1.0","record_id":null,"update_time":"2018-09-01T00:00:00.000Z","confidence":null,"between":null,"provider":"microsoft","resource":"ml_buildings","version":"2025-02-25"}],"is_underground":false,"has_parts":false,"version":3}},
{"id":"fb8c4b67-dcd1-4735-b095-7e57ac23227b","type":"Feature","geometry":{"type":"Polygon","coordinates":[[[41.078569,19.1283837],[41.0785742,19.1284107],[41.0785263,19.128419],[41.0785211,19.128392],[41.078569,19.1283837]]]},"properties":{"sources":[{"property":"","dataset":"Microsoft ML Buildings","license":"ODbL-1.0","record_id":null,"update_time":"2018-09-01T00:00:00.000Z","confidence":null,"between":null,"provider":"microsoft","resource":"ml_buildings","version":"2025-02-25"}],"is_underground":false,"has_parts":false,"version":3}},
{"id":"e0237b99-a075-4942-a4f7-03270a3730dd","type":"Feature","geometry":{"type":"Polygon","coordinates":[[[41.0785614,19.1283313],[41.0786606,19.1283123],[41.0786768,19.1283877],[41.0785775,19.1284067],[41.0785614,19.1283313]]]},"properties":{"sources":[{"property":"","dataset":"Microsoft ML Buildings","license":"ODbL-1.0","record_id":null,"update_time":"2018-09-01T00:00:00.000Z","confidence":null,"between":null,"provider":"microsoft","resource":"ml_buildings","version":"2025-02-25"}],"is_underground":false,"has_parts":false,"version":3}},
{"id":"683c8e99-51bc-4bc0-bcb5-89db462b4b1f","type":"Feature","geometry":{"type":"Polygon","coordinates":[[[41.0785768,19.128033],[41.0787616,19.1279752],[41.0788752,19.1282995],[41.0788088,19.1283203],[41.0787808,19.1282403],[41.0786623,19.1282774],[41.0785768,19.128033]]]},"properties":{"sources":[{"property":"","dataset":"Microsoft ML Buildings","license":"ODbL-1.0","record_id":null,"update_time":"2018-09-01T00:00:00.000Z","confidence":null,"between":null,"provider":"microsoft","resource":"ml_buildings","version":"2025-02-25"}],"is_underground":false,"has_parts":false,"version":3}},
{"id":"a333757d-4224-4b33-91a2-3e9859571a9a","type":"Feature","geometry":{"type":"Polygon","coordinates":[[[41.0787184,19.1282887],[41.0787695,19.1282816],[41.0787784,19.1283387],[41.0787273,19.1283458],[41.0787184,19.1282887]]]},"properties":{"sources":[{"property":"","dataset":"Microsoft ML Buildings","license":"ODbL-1.0","record_id":null,"update_time":"2018-09-01T00:00:00.000Z","confidence":null,"between":null,"provider":"microsoft","resource":"ml_buildings","version":"2025-02-25"}],"is_underground":false,"has_parts":false,"version":3}},
{"id":"a3afb1bc-a4dc-40e2-a092-09fa2fcfb905","type":"Feature","geometry":{"type":"Polygon","coordinates":[[[41.0789956,19.128112],[41.0789523,19.1279382],[41.0790069,19.1279261],[41.0790206,19.1279813],[41.0791274,19.1279576],[41.0791417,19.1280152],[41.0791163,19.1280209],[41.0791314,19.1280819],[41.0789956,19.128112]]]},"properties":{"sources":[{"property":"","dataset":"Microsoft ML Buildings","license":"ODbL-1.0","record_id":null,"update_time":"2018-09-01T00:00:00.000Z","confidence":null,"between":null,"provider":"microsoft","resource":"ml_buildings","version":"2025-02-25"}],"is_underground":false,"has_parts":false,"version":3}},
{"id":"f758ee32-d131-4986-ab51-a0db8371c749","type":"Feature","geometry":{"type":"Polygon","coordinates":[[[41.0787294,19.1279131],[41.0787207,19.1278585],[41.0787665,19.1278521],[41.0787751,19.1279066],[41.0787294,19.1279131]]]},"properties":{"sources":[{"property":"","dataset":"Microsoft ML Buildings","license":"ODbL-1.0","record_id":null,"update_time":"2018-09-01T00:00:00.000Z","confidence":null,"between":null,"provider":"microsoft","resource":"ml_buildings","version":"2025-02-25"}],"is_underground":false,"has_parts":false,"version":3}},
{"id":"703e72e6-baf3-460a-a3c7-ef9c9767b13b","type":"Feature","geometry":{"type":"Polygon","coordinates":[[[41.0788285,19.1275909],[41.078831,19.1274617],[41.0789141,19.1274631],[41.0789116,19.1275923],[41.0788285,19.1275909]]]},"properties":{"sources":[{"property":"","dataset":"Microsoft ML Buildings","license":"ODbL-1.0","record_id":null,"update_time":"2018-09-01T00:00:00.000Z","confidence":null,"between":null,"provider":"microsoft","resource":"ml_buildings","version":"2025-02-25"}],"is_underground":false,"has_parts":false,"version":3}},
{"id":"71bad50e-5a01-4564-9e02-a43782d9cf34","type":"Feature","geometry":{"type":"Polygon","coordinates":[[[41.0783876,19.1273383],[41.0785644,19.1272798],[41.0786188,19.1274265],[41.0785185,19.1274597],[41.0785009,19.1274123],[41.0784245,19.1274376],[41.0783876,19.1273383]]]},"properties":{"sources":[{"property":"","dataset":"Microsoft ML Buildings","license":"ODbL-1.0","record_id":null,"update_time":"2018-09-01T00:00:00.000Z","confidence":null,"between":null,"provider":"microsoft","resource":"ml_buildings","version":"2025-02-25"}],"is_underground":false,"has_parts":false,"version":3}},
{"id":"4deab87f-1481-4cb2-bfcd-bdb34f92636b","type":"Feature","geometry":{"type":"Polygon","coordinates":[[[41.0786772,19.1278157],[41.0787171,19.1279594],[41.0785855,19.127992],[41.0785456,19.1278483],[41.0786772,19.1278157]]]},"properties":{"sources":[{"property":"","dataset":"Microsoft ML Buildings","license":"ODbL-1.0","record_id":null,"update_time":"2018-09-01T00:00:00.000Z","confidence":null,"between":null,"provider":"microsoft","resource":"ml_buildings","version":"2025-02-25"}],"is_underground":false,"has_parts":false,"version":3}},
{"id":"db4054b4-5e6a-40af-ac39-d868c4059a89","type":"Feature","geometry":{"type":"Polygon","coordinates":[[[41.0784419,19.1279952],[41.0784008,19.1278994],[41.0785206,19.1278535],[41.0785804,19.1279928],[41.078501,19.1280232],[41.0784824,19.1279797],[41.0784419,19.1279952]]]},"properties":{"sources":[{"property":"","dataset":"Microsoft ML Buildings","license":"ODbL-1.0","record_id":null,"update_time":"2018-09-01T00:00:00.000Z","confidence":null,"between":null,"provider":"microsoft","resource":"ml_buildings","version":"2025-02-25"}],"is_underground":false,"has_parts":false,"version":3}},
{"id":"e30b2194-548e-41c6-ab92-19f98ae92f43","type":"Feature","geometry":{"type":"Polygon","coordinates":[[[41.0782866,19.1283883],[41.0783455,19.1283906],[41.0783425,19.1284589],[41.0782836,19.1284566],[41.0782866,19.1283883]]]},"properties":{"sources":[{"property":"","dataset":"Microsoft ML Buildings","license":"ODbL-1.0","record_id":null,"update_time":"2018-09-01T00:00:00.000Z","confidence":null,"between":null,"provider":"microsoft","resource":"ml_buildings","version":"2025-02-25"}],"is_underground":false,"has_parts":false,"version":3}},
{"id":"bdc99f70-470d-4822-8339-2387266c19e4","type":"Feature","geometry":{"type":"Polygon","coordinates":[[[41.0783294,19.1284917],[41.0783267,19.12856],[41.0781273,19.1286359],[41.0781057,19.1285854],[41.0781066,19.1285626],[41.0781437,19.1285486],[41.0780951,19.1285469],[41.0781026,19.1283554],[41.0782821,19.1283617],[41.0782771,19.1284899],[41.0783294,19.1284917]]]},"properties":{"sources":[{"property":"","dataset":"Microsoft ML Buildings","license":"ODbL-1.0","record_id":null,"update_time":"2018-09-01T00:00:00.000Z","confidence":null,"between":null,"provider":"microsoft","resource":"ml_buildings","version":"2025-02-25"}],"is_underground":false,"has_parts":false,"version":3}},
{"id":"6b63ec1f-8ece-4d4a-b0ec-ba75b8fe5bb7","type":"Feature","geometry":{"type":"Polygon","coordinates":[[[41.0780956,19.1285971],[41.0781137,19.1286429],[41.0779796,19.1286903],[41.0779395,19.1285889],[41.0779477,19.1287092],[41.0778182,19.1287549],[41.077814,19.1287552],[41.0778121,19.128728],[41.0778089,19.1287198],[41.0777977,19.1285559],[41.0778355,19.1285536],[41.0778844,19.1285364],[41.0779197,19.1285342],[41.0779259,19.1286255],[41.0779438,19.1286707],[41.0779318,19.1284951],[41.0779669,19.1285837],[41.0780942,19.1285759],[41.0780956,19.1285971]]]},"properties":{"sources":[{"property":"","dataset":"Microsoft ML Buildings","license":"ODbL-1.0","record_id":null,"update_time":"2018-09-01T00:00:00.000Z","confidence":null,"between":null,"provider":"microsoft","resource":"ml_buildings","version":"2025-02-25"}],"is_underground":false,"has_parts":false,"version":3}},
{"id":"db62a92b-928a-45fc-9869-ba959b8df5ac","type":"Feature","geometry":{"type":"Polygon","coordinates":[[[41.0778224,19.1285083],[41.0778196,19.1284451],[41.0778758,19.1284428],[41.0778786,19.128506],[41.0778224,19.1285083]]]},"properties":{"sources":[{"property":"","dataset":"Microsoft ML Buildings","license":"ODbL-1.0","record_id":null,"update_time":"2018-09-01T00:00:00.000Z","confidence":null,"between":null,"provider":"microsoft","resource":"ml_buildings","version":"2025-02-25"}],"is_underground":false,"has_parts":false,"version":3}},
{"id":"526eeba3-6ca8-4a22-abbd-ec885febf839","type":"Feature","geometry":{"type":"Polygon","coordinates":[[[41.0778361,19.1282711],[41.0778589,19.128421],[41.0777263,19.128439],[41.0777035,19.1282891],[41.0778361,19.1282711]]]},"properties":{"sources":[{"property":"","dataset":"Microsoft ML Buildings","license":"ODbL-1.0","record_id":null,"update_time":"2018-09-01T00:00:00.000Z","confidence":null,"between":null,"provider":"microsoft","resource":"ml_buildings","version":"2025-02-25"}],"is_underground":false,"has_parts":false,"version":3}},
{"id":"f4a23bc7-4d32-4ef4-a23b-53a100d199e7","type":"Feature","geometry":{"type":"Polygon","coordinates":[[[41.0776878,19.1283532],[41.0776862,19.1284571],[41.0776501,19.1284566],[41.0776508,19.1284135],[41.0776172,19.1284131],[41.0776181,19.1283523],[41.0776878,19.1283532]]]},"properties":{"sources":[{"property":"","dataset":"Microsoft ML Buildings","license":"ODbL-1.0","record_id":null,"update_time":"2018-09-01T00:00:00.000Z","confidence":null,"between":null,"provider":"microsoft","resource":"ml_buildings","version":"2025-02-25"}],"is_underground":false,"has_parts":false,"version":3}},
{"id":"4dc2084b-3d5b-4f0e-9999-19bb10ce19e6","type":"Feature","geometry":{"type":"Polygon","coordinates":[[[41.0773849,19.128401],[41.0775475,19.1283597],[41.0776033,19.1285559],[41.0775782,19.1285623],[41.0775823,19.1285765],[41.0777037,19.1285457],[41.0777352,19.1286568],[41.0777414,19.1286552],[41.077777,19.1287805],[41.0774868,19.1288541],[41.0774436,19.1287019],[41.0774561,19.1286988],[41.0774225,19.1285806],[41.0774125,19.1285831],[41.0774033,19.1285509],[41.0774259,19.1285452],[41.0773849,19.128401]]]},"properties":{"sources":[{"property":"","dataset":"Microsoft ML Buildings","license":"ODbL-1.0","record_id":null,"update_time":"2018-09-01T00:00:00.000Z","confidence":null,"between":null,"provider":"microsoft","resource":"ml_buildings","version":"2025-02-25"}],"is_underground":false,"has_parts":false,"version":3}},
{"id":"d644b527-58f6-43f0-b386-01d27c2e10e6","type":"Feature","geometry":{"type":"Polygon","coordinates":[[[41.0773667,19.1281842],[41.0775126,19.1281793],[41.0775181,19.1283261],[41.0773722,19.128331],[41.0773667,19.1281842]]]},"properties":{"sources":[{"property":"","dataset":"Microsoft ML Buildings","license":"ODbL-1.0","record_id":null,"update_time":"2018-09-01T00:00:00.000Z","confidence":null,"between":null,"provider":"microsoft","resource":"ml_buildings","version":"2025-02-25"}],"is_underground":false,"has_parts":false,"version":3}},
{"id":"56529e7f-7140-459b-a43e-08eead9492b6","type":"Feature","geometry":{"type":"Polygon","coordinates":[[[41.0773014,19.1280028],[41.0773194,19.1282916],[41.0771524,19.1283009],[41.0771304,19.1279473],[41.0770996,19.127949],[41.0770934,19.1278496],[41.0772739,19.1278396],[41.077281,19.1279532],[41.0772475,19.1279551],[41.0772506,19.1280056],[41.0773014,19.1280028]]]},"properties":{"sources":[{"property":"","dataset":"Microsoft ML Buildings","license":"ODbL-1.0","record_id":null,"update_time":"2018-09-01T00:00:00.000Z","confidence":null,"between":null,"provider":"microsoft","resource":"ml_buildings","version":"2025-02-25"}],"is_underground":false,"has_parts":false,"version":3}},
{"id":"163c0069-e65d-423d-8cbc-5fa7fe5a0327","type":"Feature","geometry":{"type":"Polygon","coordinates":[[[41.0770663,19.1284457],[41.0770511,19.128349],[41.0773214,19.128311],[41.0773366,19.1284077],[41.0770663,19.1284457]]]},"properties":{"sources":[{"property":"","dataset":"Microsoft ML Buildings","license":"ODbL-1.0","record_id":null,"update_time":"2018-09-01T00:00:00.000Z","confidence":null,"between":null,"provider":"microsoft","resource":"ml_buildings","version":"2025-02-25"}],"is_underground":false,"has_parts":false,"version":3}},
{"id":"adaab38f-189c-4a31-a06b-094a3cbc8c2f","type":"Feature","geometry":{"type":"Polygon","coordinates":[[[41.07687,19.1282865],[41.0768777,19.1284763],[41.0766956,19.1284829],[41.0766879,19.1282931],[41.07687,19.1282865]]]},"properties":{"sources":[{"property":"","dataset":"Microsoft ML Buildings","license":"ODbL-1.0","record_id":null,"update_time":"2018-09-01T00:00:00.000Z","confidence":null,"between":null,"provider":"microsoft","resource":"ml_buildings","version":"2025-02-25"}],"is_underground":false,"has_parts":false,"version":3}},
{"id":"034c143d-e1bf-4820-91e7-624c9e26f298","type":"Feature","geometry":{"type":"Polygon","coordinates":[[[41.0765256,19.1285732],[41.0766675,19.1285678],[41.0766746,19.1287348],[41.0765327,19.1287402],[41.0765256,19.1285732]]]},"properties":{"sources":[{"property":"","dataset":"Microsoft ML Buildings","license":"ODbL-1.0","record_id":null,"update_time":"2018-09-01T00:00:00.000Z","confidence":null,"between":null,"provider":"microsoft","resource":"ml_buildings","version":"2025-02-25"}],"is_underground":false,"has_parts":false,"version":3}},
{"id":"3ed1aef4-1d53-4773-a569-eebf278518ef","type":"Feature","geometry":{"type":"Polygon","coordinates":[[[41.0764963,19.1281235],[41.0764709,19.1279546],[41.0766327,19.1279329],[41.0766581,19.1281018],[41.0764963,19.1281235]]]},"properties":{"sources":[{"property":"","dataset":"Microsoft ML Buildings","license":"ODbL-1.0","record_id":null,"update_time":"2018-09-01T00:00:00.000Z","confidence":null,"between":null,"provider":"microsoft","resource":"ml_buildings","version":"2025-02-25"}],"is_underground":false,"has_parts":false,"version":3}},
{"id":"9e047f8f-0db0-43d5-ac93-dbe34951586c","type":"Feature","geometry":{"type":"Polygon","coordinates":[[[41.0765041,19.1283274],[41.0764963,19.1281316],[41.0766651,19.1281256],[41.0766728,19.1283214],[41.0765041,19.1283274]]]},"properties":{"sources":[{"property":"","dataset":"Microsoft ML Buildings","license":"ODbL-1.0","record_id":null,"update_time":"2018-09-01T00:00:00.000Z","confidence":null,"between":null,"provider":"microsoft","resource":"ml_buildings","version":"2025-02-25"}],"is_underground":false,"has_parts":false,"version":3}},
{"id":"dd45b94b-306e-4054-9fd2-457e6dc46e94","type":"Feature","geometry":{"type":"Polygon","coordinates":[[[41.0768428,19.128212],[41.0768439,19.1282601],[41.0766938,19.1282634],[41.0766898,19.1280987],[41.0768602,19.128095],[41.076863,19.1282115],[41.0768428,19.128212]]]},"properties":{"sources":[{"property":"","dataset":"Microsoft ML Buildings","license":"ODbL-1.0","record_id":null,"update_time":"2018-09-01T00:00:00.000Z","confidence":null,"between":null,"provider":"microsoft","resource":"ml_buildings","version":"2025-02-25"}],"is_underground":false,"has_parts":false,"version":3}},
{"id":"75892668-9098-4a20-a558-d4eea46d0069","type":"Feature","geometry":{"type":"Polygon","coordinates":[[[41.0770929,19.1277402],[41.0770854,19.1276241],[41.0775049,19.1275998],[41.0775148,19.1277529],[41.0775415,19.1277514],[41.0775484,19.1278584],[41.0773133,19.1278719],[41.077304,19.127728],[41.0770929,19.1277402]]]},"properties":{"sources":[{"property":"","dataset":"Microsoft ML Buildings","license":"ODbL-1.0","record_id":null,"update_time":"2018-09-01T00:00:00.000Z","confidence":null,"between":null,"provider":"microsoft","resource":"ml_buildings","version":"2025-02-25"}],"is_underground":false,"has_parts":false,"version":3}},
{"id":"3ff11ea9-0a53-4a9d-a14e-ee76b8703e92","type":"Feature","geometry":{"type":"Polygon","coordinates":[[[41.0769786,19.1271999],[41.0770588,19.1272042],[41.077053,19.1272992],[41.0769728,19.1272949],[41.0769786,19.1271999]]]},"properties":{"sources":[{"property":"","dataset":"Microsoft ML Buildings","license":"ODbL-1.0","record_id":null,"update_time":"2018-09-01T00:00:00.000Z","confidence":null,"between":null,"provider":"microsoft","resource":"ml_buildings","version":"2025-02-25"}],"is_underground":false,"has_parts":false,"version":3}},
{"id":"36d4aa4b-4f89-4097-ad4b-ef6128676426","type":"Feature","geometry":{"type":"Polygon","coordinates":[[[41.0770465,19.1268081],[41.0770447,19.1267271],[41.0773546,19.1267211],[41.0773563,19.1268031],[41.0774191,19.1268019],[41.0774277,19.127197],[41.0770685,19.127204],[41.0770679,19.1271786],[41.0770185,19.1271796],[41.0770105,19.1268088],[41.0770465,19.1268081]]]},"properties":{"sources":[{"property":"","dataset":"Microsoft ML Buildings","license":"ODbL-1.0","record_id":null,"update_time":"2018-09-01T00:00:00.000Z","confidence":null,"between":null,"provider":"microsoft","resource":"ml_buildings","version":"2025-02-25"}],"is_underground":false,"has_parts":false,"version":3}},
{"id":"8f7849ae-e02c-46ca-89f3-dd1e09bc93bc","type":"Feature","geometry":{"type":"Polygon","coordinates":[[[41.077015,19.1266759],[41.0770127,19.1266228],[41.0770915,19.1266198],[41.0770937,19.1266729],[41.077015,19.1266759]]]},"properties":{"sources":[{"property":"","dataset":"Microsoft ML Buildings","license":"ODbL-1.0","record_id":null,"update_time":"2018-09-01T00:00:00.000Z","confidence":null,"between":null,"provider":"microsoft","resource":"ml_buildings","version":"2025-02-25"}],"is_underground":false,"has_parts":false,"version":3}},
{"id":"726a9b22-5734-447c-9e09-799253d9e29e","type":"Feature","geometry":{"type":"Polygon","coordinates":[[[41.0770057,19.1263386],[41.0771747,19.1263362],[41.0771778,19.1265313],[41.0770088,19.1265336],[41.0770057,19.1263386]]]},"properties":{"sources":[{"property":"","dataset":"Microsoft ML Buildings","license":"ODbL-1.0","record_id":null,"update_time":"2018-09-01T00:00:00.000Z","confidence":null,"between":null,"provider":"microsoft","resource":"ml_buildings","version":"2025-02-25"}],"is_underground":false,"has_parts":false,"version":3}},
{"id":"cb3c3765-5125-4c3b-8dc2-2e29194421ed","type":"Feature","geometry":{"type":"Polygon","coordinates":[[[41.0768338,19.126398],[41.0768503,19.1266774],[41.0768048,19.1266798],[41.0767846,19.1263372],[41.0768702,19.1263327],[41.0768739,19.1263959],[41.0768338,19.126398]]]},"properties":{"sources":[{"property":"","dataset":"Microsoft ML Buildings","license":"ODbL-1.0","record_id":null,"update_time":"2018-09-01T00:00:00.000Z","confidence":null,"between":null,"provider":"microsoft","resource":"ml_buildings","version":"2025-02-25"}],"is_underground":false,"has_parts":false,"version":3}},
{"id":"7dde6238-5d05-4854-9f9d-8fcd1f16e12e","type":"Feature","geometry":{"type":"Polygon","coordinates":[[[41.0764189,19.1260424],[41.0765903,19.126048],[41.076589,19.126085],[41.0764175,19.1260794],[41.0764189,19.1260424]]]},"properties":{"sources":[{"property":"","dataset":"Microsoft ML Buildings","license":"ODbL-1.0","record_id":null,"update_time":"2018-09-01T00:00:00.000Z","confidence":null,"between":null,"provider":"microsoft","resource":"ml_buildings","version":"2025-02-25"}],"is_underground":false,"has_parts":false,"version":3}},
{"id":"73665341-1d0f-4ddf-847d-6f4bb132dd3c","type":"Feature","geometry":{"type":"Polygon","coordinates":[[[41.0764774,19.1265721],[41.0764007,19.126572],[41.0764012,19.1263515],[41.0767005,19.1263521],[41.0767001,19.1265507],[41.0766277,19.1265506],[41.0766274,19.1266636],[41.0764772,19.1266634],[41.0764774,19.1265721]]]},"properties":{"sources":[{"property":"","dataset":"Microsoft ML Buildings","license":"ODbL-1.0","record_id":null,"update_time":"2018-09-01T00:00:00.000Z","confidence":null,"between":null,"provider":"microsoft","resource":"ml_buildings","version":"2025-02-25"}],"is_underground":false,"has_parts":false,"version":3}},
{"id":"939ebf2c-71ad-4b66-8150-a416a95d0806","type":"Feature","geometry":{"type":"Polygon","coordinates":[[[41.0767563,19.126694],[41.0767579,19.1267411],[41.0764685,19.1267498],[41.0764669,19.1267027],[41.0767563,19.126694]]]},"properties":{"sources":[{"property":"","dataset":"Microsoft ML Buildings","license":"ODbL-1.0","record_id":null,"update_time":"2018-09-01T00:00:00.000Z","confidence":null,"between":null,"provider":"microsoft","resource":"ml_buildings","version":"2025-02-25"}],"is_underground":false,"has_parts":false,"version":3}},
{"id":"c20bb6d5-4d60-4b11-9397-80014a28dc74","type":"Feature","geometry":{"type":"Polygon","coordinates":[[[41.0760582,19.1272368],[41.0760479,19.126999],[41.076238,19.1269916],[41.0762483,19.1272295],[41.0760582,19.1272368]]]},"properties":{"sources":[{"property":"","dataset":"Microsoft ML Buildings","license":"ODbL-1.0","record_id":null,"update_time":"2018-09-01T00:00:00.000Z","confidence":null,"between":null,"provider":"microsoft","resource":"ml_buildings","version":"2025-02-25"}],"is_underground":false,"has_parts":false,"version":3}},
{"id":"3903a9e2-e5bf-4aa7-8576-69c2feadd9b8","type":"Feature","geometry":{"type":"Polygon","coordinates":[[[41.0758597,19.1260855],[41.0758614,19.1260146],[41.0759911,19.1260174],[41.0759894,19.1260883],[41.0758597,19.1260855]]]},"properties":{"sources":[{"property":"","dataset":"Microsoft ML Buildings","license":"ODbL-1.0","record_id":null,"update_time":"2018-09-01T00:00:00.000Z","confidence":null,"between":null,"provider":"microsoft","resource":"ml_buildings","version":"2025-02-25"}],"is_underground":false,"has_parts":false,"version":3}},
{"id":"f78ad716-e273-4403-9ae4-6492ef29a411","type":"Feature","geometry":{"type":"Polygon","coordinates":[[[41.0753034,19.1272765],[41.0754712,19.1272791],[41.0754672,19.1275132],[41.0753719,19.1275118],[41.0753714,19.1275386],[41.075299,19.1275375],[41.0753034,19.1272765]]]},"properties":{"sources":[{"property":"","dataset":"Microsoft ML Buildings","license":"ODbL-1.0","record_id":null,"update_time":"2018-09-01T00:00:00.000Z","confidence":null,"between":null,"provider":"microsoft","resource":"ml_buildings","version":"2025-02-25"}],"is_underground":false,"has_parts":false,"version":3}},
{"id":"743027ca-55b5-46d2-acea-12d6c3372218","type":"Feature","geometry":{"type":"Polygon","coordinates":[[[41.0761175,19.1280801],[41.0759169,19.1280902],[41.0758997,19.1277844],[41.0758982,19.1277845],[41.0758929,19.127691],[41.0762299,19.127674],[41.076232,19.1277104],[41.0762935,19.1277073],[41.0763013,19.1278453],[41.0763066,19.127845],[41.0763223,19.128123],[41.0762034,19.128129],[41.0762013,19.1280921],[41.0761184,19.1280963],[41.0761175,19.1280801]]]},"properties":{"sources":[{"property":"","dataset":"Microsoft ML Buildings","license":"ODbL-1.0","record_id":null,"update_time":"2018-09-01T00:00:00.000Z","confidence":null,"between":null,"provider":"microsoft","resource":"ml_buildings","version":"2025-02-25"}],"is_underground":false,"has_parts":false,"version":3}},
{"id":"02a7d5f8-0c7b-4d88-a541-24a0e74f217c","type":"Feature","geometry":{"type":"Polygon","coordinates":[[[41.0755429,19.1277358],[41.0758415,19.1277014],[41.0758625,19.1278637],[41.075836,19.1278668],[41.0758518,19.1279891],[41.0757223,19.128004],[41.0757062,19.1278792],[41.0756586,19.1278847],[41.0756628,19.1279171],[41.0755677,19.1279281],[41.0755429,19.1277358]]]},"properties":{"sources":[{"property":"","dataset":"Microsoft ML Buildings","license":"ODbL-1.0","record_id":null,"update_time":"2018-09-01T00:00:00.000Z","confidence":null,"between":null,"provider":"microsoft","resource":"ml_buildings","version":"2025-02-25"}],"is_underground":false,"has_parts":false,"version":3}},
{"id":"ad88a105-edca-4d62-9461-4a0e142cb41b","type":"Feature","geometry":{"type":"Polygon","coordinates":[[[41.0759882,19.1283075],[41.0759811,19.1281684],[41.0763156,19.1281532],[41.0763252,19.1283403],[41.076277,19.1283425],[41.0762793,19.128388],[41.076163,19.1283933],[41.076162,19.128373],[41.0760321,19.128379],[41.0760284,19.1283057],[41.0759882,19.1283075]]]},"properties":{"sources":[{"property":"","dataset":"Microsoft ML Buildings","license":"ODbL-1.0","record_id":null,"update_time":"2018-09-01T00:00:00.000Z","confidence":null,"between":null,"provider":"microsoft","resource":"ml_buildings","version":"2025-02-25"}],"is_underground":false,"has_parts":false,"version":3}},
{"id":"28ab43d1-b1f9-45fc-a09d-d5754e411335","type":"Feature","geometry":{"type":"Polygon","coordinates":[[[41.0761277,19.128468],[41.0761372,19.128543],[41.0758293,19.1285779],[41.0758198,19.128503],[41.0761277,19.128468]]]},"properties":{"sources":[{"property":"","dataset":"Microsoft ML Buildings","license":"ODbL-1.0","record_id":null,"update_time":"2018-09-01T00:00:00.000Z","confidence":null,"between":null,"provider":"microsoft","resource":"ml_buildings","version":"2025-02-25"}],"is_underground":false,"has_parts":false,"version":3}},
{"id":"61432f3d-0360-4f17-abde-9a0a897e1ec6","type":"Feature","geometry":{"type":"Polygon","coordinates":[[[41.0751913,19.1278868],[41.0754398,19.1278721],[41.075453,19.1280716],[41.0752232,19.1280851],[41.0752351,19.1282643],[41.0750026,19.1282781],[41.0749889,19.1280711],[41.0749595,19.1280728],[41.0749485,19.1279062],[41.0751596,19.1278938],[41.0751714,19.128073],[41.0752035,19.1280711],[41.0751913,19.1278868]]]},"properties":{"sources":[{"property":"","dataset":"Microsoft ML Buildings","license":"ODbL-1.0","record_id":null,"update_time":"2018-09-01T00:00:00.000Z","confidence":null,"between":null,"provider":"microsoft","resource":"ml_buildings","version":"2025-02-25"}],"is_underground":false,"has_parts":false,"version":3}},
{"id":"10a640c9-f8fe-400e-b21a-9a299dea8ae9","type":"Feature","geometry":{"type":"Polygon","coordinates":[[[41.0744957,19.1281001],[41.074499,19.1282079],[41.0744133,19.1282102],[41.07441,19.1281024],[41.0744957,19.1281001]]]},"properties":{"sources":[{"property":"","dataset":"Microsoft ML Buildings","license":"ODbL-1.0","record_id":null,"update_time":"2018-09-01T00:00:00.000Z","confidence":null,"between":null,"provider":"microsoft","resource":"ml_buildings","version":"2025-02-25"}],"is_underground":false,"has_parts":false,"version":3}},
{"id":"d5e30ecd-1231-42c6-a31b-6bce6bf23f3a","type":"Feature","geometry":{"type":"Polygon","coordinates":[[[41.073776,19.1274778],[41.0740564,19.1275091],[41.0740501,19.1275591],[41.0741533,19.1275706],[41.0741407,19.1276706],[41.073863,19.1276396],[41.0738599,19.1276645],[41.0737144,19.1276483],[41.0737304,19.1275208],[41.0738176,19.1275306],[41.0738211,19.1275031],[41.0737735,19.1274978],[41.073776,19.1274778]]]},"properties":{"sources":[{"property":"","dataset":"Microsoft ML Buildings","license":"ODbL-1.0","record_id":null,"update_time":"2018-09-01T00:00:00.000Z","confidence":null,"between":null,"provider":"microsoft","resource":"ml_buildings","version":"2025-02-25"}],"is_underground":false,"has_parts":false,"version":3}},
{"id":"6ec86251-6ee0-4c49-9d5a-786a139efd3c","type":"Feature","geometry":{"type":"Polygon","coordinates":[[[41.0729744,19.1266616],[41.0729763,19.126611],[41.0730647,19.1266139],[41.0730628,19.1266645],[41.0729744,19.1266616]]]},"properties":{"sources":[{"property":"","dataset":"Microsoft ML Buildings","license":"ODbL-1.0","record_id":null,"update_time":"2018-09-01T00:00:00.000Z","confidence":null,"between":null,"provider":"microsoft","resource":"ml_buildings","version":"2025-02-25"}],"is_underground":false,"has_parts":false,"version":3}},
{"id":"23deeda6-083b-437e-a881-c0e8b61bf472","type":"Feature","geometry":{"type":"Polygon","coordinates":[[[41.0729671,19.1268822],[41.0729533,19.1268033],[41.0730707,19.1267849],[41.0730846,19.1268638],[41.0729671,19.1268822]]]},"properties":{"sources":[{"property":"","dataset":"Microsoft ML Buildings","license":"ODbL-1.0","record_id":null,"update_time":"2018-09-01T00:00:00.000Z","confidence":null,"between":null,"provider":"microsoft","resource":"ml_buildings","version":"2025-02-25"}],"is_underground":false,"has_parts":false,"version":3}},
{"id":"69ef4e1b-4f0c-48c9-a4c8-963439345489","type":"Feature","geometry":{"type":"Polygon","coordinates":[[[41.0724362,19.1263874],[41.0724522,19.1264449],[41.0724177,19.1264535],[41.072398,19.1264216],[41.0723431,19.1264352],[41.0722869,19.126344],[41.0721408,19.1263802],[41.0721185,19.1263925],[41.0721371,19.1264596],[41.0721744,19.1265201],[41.0720984,19.1265619],[41.0721094,19.1266015],[41.0720404,19.1266395],[41.0718833,19.1266784],[41.0718726,19.126698],[41.0716905,19.1266093],[41.0716428,19.1264377],[41.0716761,19.1264294],[41.0717314,19.126399],[41.0717245,19.1263744],[41.0717657,19.1262988],[41.0718168,19.1263236],[41.071941,19.1262929],[41.0720297,19.1263361],[41.0720836,19.1262372],[41.072229,19.1262012],[41.0722387,19.1262363],[41.0722912,19.1262074],[41.0724061,19.1262634],[41.072458,19.1263475],[41.0724362,19.1263874]]]},"properties":{"sources":[{"property":"","dataset":"Microsoft ML Buildings","license":"ODbL-1.0","record_id":null,"update_time":"2018-09-01T00:00:00.000Z","confidence":null,"between":null,"provider":"microsoft","resource":"ml_buildings","version":"2025-02-25"}],"is_underground":false,"has_parts":false,"version":3}},
{"id":"7bb011e4-ae03-46e8-b3d2-3df7489781a6","type":"Feature","geometry":{"type":"Polygon","coordinates":[[[41.0728486,19.1259754],[41.0727789,19.1259735],[41.0727808,19.1259102],[41.0728505,19.1259121],[41.0728486,19.1259754]]]},"properties":{"sources":[{"property":"","dataset":"Microsoft ML Buildings","license":"ODbL-1.0","record_id":null,"update_time":"2018-09-01T00:00:00.000Z","confidence":null,"between":null,"provider":"microsoft","resource":"ml_buildings","version":"2025-02-25"}],"is_underground":false,"has_parts":false,"version":3}},
{"id":"e3d20ee8-cb6b-421b-9537-313602f58d85","type":"Feature","geometry":{"type":"Polygon","coordinates":[[[41.073757,19.1273093],[41.073751,19.1271625],[41.073782,19.1271614],[41.0737844,19.1272196],[41.0738486,19.1272173],[41.0738523,19.1273058],[41.073757,19.1273093]]]},"properties":{"sources":[{"property":"","dataset":"Microsoft ML Buildings","license":"ODbL-1.0","record_id":null,"update_time":"2018-09-01T00:00:00.000Z","confidence":null,"between":null,"provider":"microsoft","resource":"ml_buildings","version":"2025-02-25"}],"is_underground":false,"has_parts":false,"version":3}},
{"id":"f583f21a-9e3e-46c4-8aad-66e13b35d841","type":"Feature","geometry":{"type":"Polygon","coordinates":[[[41.0738291,19.1268484],[41.0735705,19.1268673],[41.0735445,19.1265511],[41.0736314,19.1265447],[41.0736244,19.1264591],[41.0737108,19.1264528],[41.0737036,19.1263646],[41.0741302,19.1263334],[41.0741362,19.1264064],[41.0740642,19.1264117],[41.0740712,19.1264973],[41.0741539,19.1264913],[41.0741807,19.1268188],[41.0740021,19.1268318],[41.0740159,19.1270006],[41.0738426,19.1270133],[41.0738291,19.1268484]]]},"properties":{"sources":[{"property":"","dataset":"Microsoft ML Buildings","license":"ODbL-1.0","record_id":null,"update_time":"2018-09-01T00:00:00.000Z","confidence":null,"between":null,"provider":"microsoft","resource":"ml_buildings","version":"2025-02-25"}],"is_underground":false,"has_parts":false,"version":3}},
{"id":"20f21722-4f46-48fa-a301-179af2a18454","type":"Feature","geometry":{"type":"Polygon","coordinates":[[[41.0736882,19.1258335],[41.0731948,19.1257192],[41.0733375,19.1251694],[41.0738308,19.1252837],[41.0736882,19.1258335]]]},"properties":{"sources":[{"property":"","dataset":"Microsoft ML Buildings","license":"ODbL-1.0","record_id":null,"update_time":"2018-09-01T00:00:00.000Z","confidence":null,"between":null,"provider":"microsoft","resource":"ml_buildings","version":"2025-02-25"}],"is_underground":false,"has_parts":false,"version":3}},
{"id":"9d743800-0f6b-4099-85f9-4acd40ee686d","type":"Feature","geometry":{"type":"Polygon","coordinates":[[[41.0737898,19.1251857],[41.0733568,19.1250137],[41.0734488,19.1248069],[41.0734821,19.1248202],[41.0734946,19.1247922],[41.0737028,19.1248749],[41.0736899,19.1249041],[41.0738813,19.1249801],[41.0737898,19.1251857]]]},"properties":{"sources":[{"property":"","dataset":"Microsoft ML Buildings","license":"ODbL-1.0","record_id":null,"update_time":"2018-09-01T00:00:00.000Z","confidence":null,"between":null,"provider":"microsoft","resource":"ml_buildings","version":"2025-02-25"}],"is_underground":false,"has_parts":false,"version":3}},
{"id":"6a08c103-e851-45aa-a5a3-0b30fbdcde2b","type":"Feature","geometry":{"type":"Polygon","coordinates":[[[41.0728107,19.1240577],[41.0729521,19.1240972],[41.072912,19.1242254],[41.0727705,19.1241858],[41.0728107,19.1240577]]]},"properties":{"sources":[{"property":"","dataset":"Microsoft ML Buildings","license":"ODbL-1.0","record_id":null,"update_time":"2018-09-01T00:00:00.000Z","confidence":null,"between":null,"provider":"microsoft","resource":"ml_buildings","version":"2025-02-25"}],"is_underground":false,"has_parts":false,"version":3}},
{"id":"0aed3257-72ee-4e6a-ba28-1a2bdc1ba505","type":"Feature","geometry":{"type":"Polygon","coordinates":[[[41.0731414,19.1232933],[41.0731952,19.1231838],[41.0732791,19.1232206],[41.0732253,19.12333],[41.0731414,19.1232933]]]},"properties":{"sources":[{"property":"","dataset":"Microsoft ML Buildings","license":"ODbL-1.0","record_id":null,"update_time":"2018-09-01T00:00:00.000Z","confidence":null,"between":null,"provider":"microsoft","resource":"ml_buildings","version":"2025-02-25"}],"is_underground":false,"has_parts":false,"version":3}},
{"id":"a8f2f29c-a647-4a92-a82c-3157fdc62cfd","type":"Feature","geometry":{"type":"Polygon","coordinates":[[[41.0727741,19.1235236],[41.0728248,19.1234188],[41.0731185,19.1235458],[41.0730677,19.1236505],[41.0727741,19.1235236]]]},"properties":{"sources":[{"property":"","dataset":"Microsoft ML Buildings","license":"ODbL-1.0","record_id":null,"update_time":"2018-09-01T00:00:00.000Z","confidence":null,"between":null,"provider":"microsoft","resource":"ml_buildings","version":"2025-02-25"}],"is_underground":false,"has_parts":false,"version":3}},
{"id":"be82330b-e5cb-49c9-aa84-88851a2cb797","type":"Feature","geometry":{"type":"Polygon","coordinates":[[[41.072625,19.1241139],[41.0722683,19.1239678],[41.0724435,19.123586],[41.0728002,19.1237321],[41.072625,19.1241139]]]},"properties":{"sources":[{"property":"","dataset":"Microsoft ML Buildings","license":"ODbL-1.0","record_id":null,"update_time":"2018-09-01T00:00:00.000Z","confidence":null,"between":null,"provider":"microsoft","resource":"ml_buildings","version":"2025-02-25"}],"is_underground":false,"has_parts":false,"version":3}},
{"id":"a2a17a4c-ad07-474a-aa84-47c9f1949cb9","type":"Feature","geometry":{"type":"Polygon","coordinates":[[[41.0733234,19.1250577],[41.0732438,19.125023],[41.0732652,19.1249791],[41.0733449,19.1250138],[41.0733234,19.1250577]]]},"properties":{"sources":[{"property":"","dataset":"Microsoft ML Buildings","license":"ODbL-1.0","record_id":null,"update_time":"2018-09-01T00:00:00.000Z","confidence":null,"between":null,"provider":"microsoft","resource":"ml_buildings","version":"2025-02-25"}],"is_underground":false,"has_parts":false,"version":3}},
{"id":"e17e7d64-92b4-4e6b-af23-49c0fe5ae2aa","type":"Feature","geometry":{"type":"Polygon","coordinates":[[[41.069531,19.125436],[41.0695004,19.1253835],[41.069589,19.1253374],[41.0696196,19.1253899],[41.069531,19.125436]]]},"properties":{"sources":[{"property":"","dataset":"Microsoft ML Buildings","license":"ODbL-1.0","record_id":null,"update_time":"2018-09-01T00:00:00.000Z","confidence":null,"between":null,"provider":"microsoft","resource":"ml_buildings","version":"2025-02-25"}],"is_underground":false,"has_parts":false,"version":3}},
{"id":"eaa2b9d5-1f55-4c1e-9dd6-e6ca3f5be7e0","type":"Feature","geometry":{"type":"Polygon","coordinates":[[[41.0699326,19.1264298],[41.0699344,19.1264753],[41.0698808,19.1264772],[41.069879,19.1264317],[41.0699326,19.1264298]]]},"properties":{"sources":[{"property":"","dataset":"Microsoft ML Buildings","license":"ODbL-1.0","record_id":null,"update_time":"2018-09-01T00:00:00.000Z","confidence":null,"between":null,"provider":"microsoft","resource":"ml_buildings","version":"2025-02-25"}],"is_underground":false,"has_parts":false,"version":3}},
{"id":"13bd4188-dc2b-4dee-94e9-9a44a33146ab","type":"Feature","geometry":{"type":"Polygon","coordinates":[[[41.0716849,19.1284289],[41.0716864,19.1283808],[41.07174,19.1283823],[41.0717385,19.1284304],[41.0716849,19.1284289]]]},"properties":{"sources":[{"property":"","dataset":"Microsoft ML Buildings","license":"ODbL-1.0","record_id":null,"update_time":"2018-09-01T00:00:00.000Z","confidence":null,"between":null,"provider":"microsoft","resource":"ml_buildings","version":"2025-02-25"}],"is_underground":false,"has_parts":false,"version":3}},
{"id":"80e32e35-2651-49d3-9eea-b9aaf4350782","type":"Feature","geometry":{"type":"Polygon","coordinates":[[[41.0716362,19.1286156],[41.0716829,19.1286418],[41.0716547,19.1286868],[41.071608,19.1286606],[41.0716362,19.1286156]]]},"properties":{"sources":[{"property":"","dataset":"Microsoft ML Buildings","license":"ODbL-1.0","record_id":null,"update_time":"2018-09-01T00:00:00.000Z","confidence":null,"between":null,"provider":"microsoft","resource":"ml_buildings","version":"2025-02-25"}],"is_underground":false,"has_parts":false,"version":3}},
{"id":"9bda5d32-98e5-4a13-91e9-12a47190df62","type":"Feature","geometry":{"type":"Polygon","coordinates":[[[41.0797931,19.1358199],[41.0797945,19.1358757],[41.0796471,19.135879],[41.0796457,19.1358233],[41.0797931,19.1358199]]]},"properties":{"sources":[{"property":"","dataset":"Microsoft ML Buildings","license":"ODbL-1.0","record_id":null,"update_time":"2018-09-01T00:00:00.000Z","confidence":null,"between":null,"provider":"microsoft","resource":"ml_buildings","version":"2025-02-25"}],"is_underground":false,"has_parts":false,"version":3}},
{"id":"04a0ac82-b0de-457c-9e44-63032726c408","type":"Feature","geometry":{"type":"Polygon","coordinates":[[[41.0793048,19.1358573],[41.0793567,19.1358599],[41.0793549,19.1358928],[41.079303,19.1358902],[41.0793048,19.1358573]]]},"properties":{"sources":[{"property":"","dataset":"Microsoft ML Buildings","license":"ODbL-1.0","record_id":null,"update_time":"2018-09-01T00:00:00.000Z","confidence":null,"between":null,"provider":"microsoft","resource":"ml_buildings","version":"2025-02-25"}],"is_underground":false,"has_parts":false,"version":3}},
{"id":"b1bb87cd-53b9-4ec9-bb89-e1c3d954d5ea","type":"Feature","geometry":{"type":"Polygon","coordinates":[[[41.079472,19.1358171],[41.0794622,19.1354474],[41.0798546,19.135438],[41.0798644,19.1358078],[41.079472,19.1358171]]]},"properties":{"sources":[{"property":"","dataset":"Microsoft ML Buildings","license":"ODbL-1.0","record_id":null,"update_time":"2018-09-01T00:00:00.000Z","confidence":null,"between":null,"provider":"microsoft","resource":"ml_buildings","version":"2025-02-25"}],"is_underground":false,"has_parts":false,"version":3}},
{"id":"40d9cfba-78d5-4592-b538-47fbeee011d4","type":"Feature","geometry":{"type":"Polygon","coordinates":[[[41.0800943,19.1356881],[41.080097,19.1357869],[41.0800444,19.1357881],[41.0800417,19.1356894],[41.0800943,19.1356881]]]},"properties":{"sources":[{"property":"","dataset":"Microsoft ML Buildings","license":"ODbL-1.0","record_id":null,"update_time":"2018-09-01T00:00:00.000Z","confidence":null,"between":null,"provider":"microsoft","resource":"ml_buildings","version":"2025-02-25"}],"is_underground":false,"has_parts":false,"version":3}},
{"id":"3c520eb4-a360-4c04-b374-87568d46264c","type":"Feature","geometry":{"type":"Polygon","coordinates":[[[41.079944,19.1357212],[41.0799469,19.1357935],[41.079888,19.1357956],[41.0798851,19.1357233],[41.079944,19.1357212]]]},"properties":{"sources":[{"property":"","dataset":"Microsoft ML Buildings","license":"ODbL-1.0","record_id":null,"update_time":"2018-09-01T00:00:00.000Z","confidence":null,"between":null,"provider":"microsoft","resource":"ml_buildings","version":"2025-02-25"}],"is_underground":false,"has_parts":false,"version":3}},
{"id":"324ed5ec-c544-4415-9d7d-6576774484c9","type":"Feature","geometry":{"type":"Polygon","coordinates":[[[41.0796796,19.1361528],[41.0796771,19.1359019],[41.0799721,19.1358993],[41.0799746,19.1361501],[41.0796796,19.1361528]]]},"properties":{"sources":[{"property":"","dataset":"Microsoft ML Buildings","license":"ODbL-1.0","record_id":null,"update_time":"2018-09-01T00:00:00.000Z","confidence":null,"between":null,"provider":"microsoft","resource":"ml_buildings","version":"2025-02-25"}],"is_underground":false,"has_parts":false,"version":3}},
{"id":"70180f5e-0b4f-4744-9978-cfa67f1a1aaa","type":"Feature","geometry":{"type":"Polygon","coordinates":[[[41.0798042,19.1352306],[41.079801,19.1351177],[41.0798841,19.1351156],[41.0798873,19.1352286],[41.0798042,19.1352306]]]},"properties":{"sources":[{"property":"","dataset":"Microsoft ML Buildings","license":"ODbL-1.0","record_id":null,"update_time":"2018-09-01T00:00:00.000Z","confidence":null,"between":null,"provider":"microsoft","resource":"ml_buildings","version":"2025-02-25"}],"is_underground":false,"has_parts":false,"version":3}},
{"id":"1da40438-3d32-4846-ae0c-c8af44f7688c","type":"Feature","geometry":{"type":"Polygon","coordinates":[[[41.0801944,19.135027],[41.0801962,19.1349764],[41.0802444,19.1349779],[41.0802426,19.1350285],[41.0801944,19.135027]]]},"properties":{"sources":[{"property":"","dataset":"Microsoft ML Buildings","license":"ODbL-1.0","record_id":null,"update_time":"2018-09-01T00:00:00.000Z","confidence":null,"between":null,"provider":"microsoft","resource":"ml_buildings","version":"2025-02-25"}],"is_underground":false,"has_parts":false,"version":3}},
{"id":"f2dbdf24-5a73-4a56-80f1-d5970ee6870d","type":"Feature","geometry":{"type":"Polygon","coordinates":[[[41.0799165,19.1345108],[41.0799148,19.1345827],[41.0798666,19.1345817],[41.0798683,19.1345098],[41.0799165,19.1345108]]]},"properties":{"sources":[{"property":"","dataset":"Microsoft ML Buildings","license":"ODbL-1.0","record_id":null,"update_time":"2018-09-01T00:00:00.000Z","confidence":null,"between":null,"provider":"microsoft","resource":"ml_buildings","version":"2025-02-25"}],"is_underground":false,"has_parts":false,"version":3}},
{"id":"7b77b5a3-7243-4ea4-878d-fe1bfd993c41","type":"Feature","geometry":{"type":"Polygon","coordinates":[[[41.0797215,19.1342529],[41.0797225,19.1342884],[41.0799182,19.1342834],[41.0799215,19.1343999],[41.0796615,19.1344065],[41.0796572,19.1342546],[41.0797215,19.1342529]]]},"properties":{"sources":[{"property":"","dataset":"Microsoft ML Buildings","license":"ODbL-1.0","record_id":null,"update_time":"2018-09-01T00:00:00.000Z","confidence":null,"between":null,"provider":"microsoft","resource":"ml_buildings","version":"2025-02-25"}],"is_underground":false,"has_parts":false,"version":3}},
{"id":"8bc346f4-b0cb-426e-88cb-5130e562d58f","type":"Feature","geometry":{"type":"Polygon","coordinates":[[[41.0797264,19.1342838],[41.0797262,19.1342559],[41.0798361,19.134255],[41.0798364,19.1342829],[41.0797264,19.1342838]]]},"properties":{"sources":[{"property":"","dataset":"Microsoft ML Buildings","license":"ODbL-1.0","record_id":null,"update_time":"2018-09-01T00:00:00.000Z","confidence":null,"between":null,"provider":"microsoft","resource":"ml_buildings","version":"2025-02-25"}],"is_underground":false,"has_parts":false,"version":3}},
{"id":"194cc9d3-ede1-4d42-a11c-e54dac917161","type":"Feature","geometry":{"type":"Polygon","coordinates":[[[41.0794852,19.1345414],[41.0794777,19.1342983],[41.0795662,19.1342959],[41.0795736,19.134539],[41.0794852,19.1345414]]]},"properties":{"sources":[{"property":"","dataset":"Microsoft ML Buildings","license":"ODbL-1.0","record_id":null,"update_time":"2018-09-01T00:00:00.000Z","confidence":null,"between":null,"provider":"microsoft","resource":"ml_buildings","version":"2025-02-25"}],"is_underground":false,"has_parts":false,"version":3}},
{"id":"655a2488-a396-48f5-b9cc-0421c6d1ea2c","type":"Feature","geometry":{"type":"Polygon","coordinates":[[[41.0790684,19.1342725],[41.0792265,19.1342684],[41.0792278,19.1343129],[41.0790697,19.1343171],[41.0790684,19.1342725]]]},"properties":{"sources":[{"property":"","dataset":"Microsoft ML Buildings","license":"ODbL-1.0","record_id":null,"update_time":"2018-09-01T00:00:00.000Z","confidence":null,"between":null,"provider":"microsoft","resource":"ml_buildings","version":"2025-02-25"}],"is_underground":false,"has_parts":false,"version":3}},
{"id":"e3e86e6a-3b7b-456a-8c7f-1fc4634176a6","type":"Feature","geometry":{"type":"Polygon","coordinates":[[[41.0790708,19.1343216],[41.0792326,19.1343173],[41.0792384,19.1345148],[41.0790766,19.1345191],[41.0790708,19.1343216]]]},"properties":{"sources":[{"property":"","dataset":"Microsoft ML Buildings","license":"ODbL-1.0","record_id":null,"update_time":"2018-09-01T00:00:00.000Z","confidence":null,"between":null,"provider":"microsoft","resource":"ml_buildings","version":"2025-02-25"}],"is_underground":false,"has_parts":false,"version":3}},
{"id":"449d434b-7045-4232-a953-3f4b5a610796","type":"Feature","geometry":{"type":"Polygon","coordinates":[[[41.0792483,19.1347319],[41.079245,19.1345764],[41.0796294,19.1345691],[41.0796327,19.1347246],[41.0792483,19.1347319]]]},"properties":{"sources":[{"property":"","dataset":"Microsoft ML Buildings","license":"ODbL-1.0","record_id":null,"update_time":"2018-09-01T00:00:00.000Z","confidence":null,"between":null,"provider":"microsoft","resource":"ml_buildings","version":"2025-02-25"}],"is_underground":false,"has_parts":false,"version":3}},
{"id":"4245dcac-7e15-4948-a067-f6a0c066c221","type":"Feature","geometry":{"type":"Polygon","coordinates":[[[41.0791864,19.1352673],[41.0791757,19.1349026],[41.0793097,19.1348991],[41.0793204,19.1352638],[41.0791864,19.1352673]]]},"properties":{"sources":[{"property":"","dataset":"Microsoft ML Buildings","license":"ODbL-1.0","record_id":null,"update_time":"2018-09-01T00:00:00.000Z","confidence":null,"between":null,"provider":"microsoft","resource":"ml_buildings","version":"2025-02-25"}],"is_underground":false,"has_parts":false,"version":3}},
{"id":"97b544e0-10a3-4f71-8eba-a602f872b020","type":"Feature","geometry":{"type":"Polygon","coordinates":[[[41.0794167,19.1352736],[41.079415,19.1351748],[41.0796134,19.1351717],[41.0796151,19.1352705],[41.0794167,19.1352736]]]},"properties":{"sources":[{"property":"","dataset":"Microsoft ML Buildings","license":"ODbL-1.0","record_id":null,"update_time":"2018-09-01T00:00:00.000Z","confidence":null,"between":null,"provider":"microsoft","resource":"ml_buildings","version":"2025-02-25"}],"is_underground":false,"has_parts":false,"version":3}},
{"id":"71d27985-00f3-434e-8ebf-fc2c2a7250d1","type":"Feature","geometry":{"type":"Polygon","coordinates":[[[41.0787626,19.1352654],[41.0785338,19.1352705],[41.078531,19.1351625],[41.0789288,19.1351536],[41.078932,19.1352828],[41.0787631,19.1352866],[41.0787626,19.1352654]]]},"properties":{"sources":[{"property":"","dataset":"Microsoft ML Buildings","license":"ODbL-1.0","record_id":null,"update_time":"2018-09-01T00:00:00.000Z","confidence":null,"between":null,"provider":"microsoft","resource":"ml_buildings","version":"2025-02-25"}],"is_underground":false,"has_parts":false,"version":3}},
{"id":"2c9b6422-ad99-48ff-b37f-f33e52347abf","type":"Feature","geometry":{"type":"Polygon","coordinates":[[[41.0786094,19.1354404],[41.0786935,19.1354384],[41.0786944,19.1354714],[41.0786103,19.1354734],[41.0786094,19.1354404]]]},"properties":{"sources":[{"property":"","dataset":"Microsoft ML Buildings","license":"ODbL-1.0","record_id":null,"update_time":"2018-09-01T00:00:00.000Z","confidence":null,"between":null,"provider":"microsoft","resource":"ml_buildings","version":"2025-02-25"}],"is_underground":false,"has_parts":false,"version":3}},
{"id":"bcff2bfc-60b8-42f7-8499-fc34f0314886","type":"Feature","geometry":{"type":"Polygon","coordinates":[[[41.0785176,19.1349206],[41.0785153,19.1348092],[41.0786913,19.1348058],[41.0786908,19.1347856],[41.0789134,19.1347813],[41.0789156,19.1348887],[41.0787718,19.1348914],[41.0787723,19.1349158],[41.0785176,19.1349206]]]},"properties":{"sources":[{"property":"","dataset":"Microsoft ML Buildings","license":"ODbL-1.0","record_id":null,"update_time":"2018-09-01T00:00:00.000Z","confidence":null,"between":null,"provider":"microsoft","resource":"ml_buildings","version":"2025-02-25"}],"is_underground":false,"has_parts":false,"version":3}},
{"id":"ca9eb012-9f24-4994-adf6-527caf9bb5d9","type":"Feature","geometry":{"type":"Polygon","coordinates":[[[41.0789037,19.1344343],[41.0789061,19.1345584],[41.0787399,19.1345613],[41.0787395,19.1345435],[41.0785063,19.1345476],[41.0785042,19.1344412],[41.0789037,19.1344343]]]},"properties":{"sources":[{"property":"","dataset":"Microsoft ML Buildings","license":"ODbL-1.0","record_id":null,"update_time":"2018-09-01T00:00:00.000Z","confidence":null,"between":null,"provider":"microsoft","resource":"ml_buildings","version":"2025-02-25"}],"is_underground":false,"has_parts":false,"version":3}},
{"id":"f1c102a1-008f-46e2-9c17-3247652e7d49","type":"Feature","geometry":{"type":"Polygon","coordinates":[[[41.0777428,19.1351713],[41.0777791,19.1350365],[41.0778345,19.1350498],[41.0778399,19.1350299],[41.0779381,19.1350535],[41.0778965,19.1352082],[41.0777428,19.1351713]]]},"properties":{"sources":[{"property":"","dataset":"Microsoft ML Buildings","license":"ODbL-1.0","record_id":null,"update_time":"2018-09-01T00:00:00.000Z","confidence":null,"between":null,"provider":"microsoft","resource":"ml_buildings","version":"2025-02-25"}],"is_underground":false,"has_parts":false,"version":3}},
{"id":"b11ec6fd-54d7-42d9-bdde-64336696d4d8","type":"Feature","geometry":{"type":"Polygon","coordinates":[[[41.0779399,19.1350288],[41.0777791,19.1350007],[41.0778193,19.1347949],[41.0778868,19.1348066],[41.0778914,19.134783],[41.0778266,19.1347717],[41.0778387,19.1347096],[41.0778802,19.1347168],[41.0778744,19.1347462],[41.0779367,19.1347571],[41.0779308,19.1347873],[41.0779749,19.134795],[41.077965,19.1348456],[41.0779131,19.1348366],[41.0779079,19.1348635],[41.0779701,19.1348744],[41.0779399,19.1350288]]]},"properties":{"sources":[{"property":"","dataset":"Microsoft ML Buildings","license":"ODbL-1.0","record_id":null,"update_time":"2018-09-01T00:00:00.000Z","confidence":null,"between":null,"provider":"microsoft","resource":"ml_buildings","version":"2025-02-25"}],"is_underground":false,"has_parts":false,"version":3}},
{"id":"a8110371-a14b-44be-83d8-11d49a59a103","type":"Feature","geometry":{"type":"Polygon","coordinates":[[[41.078103,19.1351876],[41.0779477,19.1351672],[41.0780185,19.1346865],[41.0781737,19.1347069],[41.078103,19.1351876]]]},"properties":{"sources":[{"property":"","dataset":"Microsoft ML Buildings","license":"ODbL-1.0","record_id":null,"update_time":"2018-09-01T00:00:00.000Z","confidence":null,"between":null,"provider":"microsoft","resource":"ml_buildings","version":"2025-02-25"}],"is_underground":false,"has_parts":false,"version":3}},
{"id":"7548f4af-e10c-4520-a845-80391f03bc5f","type":"Feature","geometry":{"type":"Polygon","coordinates":[[[41.0779078,19.1352345],[41.07807,19.1352587],[41.0780485,19.1353873],[41.0778862,19.135363],[41.0779078,19.1352345]]]},"properties":{"sources":[{"property":"","dataset":"Microsoft ML Buildings","license":"ODbL-1.0","record_id":null,"update_time":"2018-09-01T00:00:00.000Z","confidence":null,"between":null,"provider":"microsoft","resource":"ml_buildings","version":"2025-02-25"}],"is_underground":false,"has_parts":false,"version":3}},
{"id":"287d00fc-eec7-41fe-ae50-56f5a591f26e","type":"Feature","geometry":{"type":"Polygon","coordinates":[[[41.0777253,19.1352132],[41.0778755,19.1352149],[41.0778732,19.1353998],[41.077672,19.1353976],[41.0776734,19.1352911],[41.0777243,19.1352917],[41.0777253,19.1352132]]]},"properties":{"sources":[{"property":"","dataset":"Microsoft ML Buildings","license":"ODbL-1.0","record_id":null,"update_time":"2018-09-01T00:00:00.000Z","confidence":null,"between":null,"provider":"microsoft","resource":"ml_buildings","version":"2025-02-25"}],"is_underground":false,"has_parts":false,"version":3}},
{"id":"2d26e973-d10b-4b5d-8e7b-7e0251909b9d","type":"Feature","geometry":{"type":"Polygon","coordinates":[[[41.0778033,19.1357152],[41.0776048,19.1357136],[41.0776064,19.1355438],[41.0778049,19.1355455],[41.0778033,19.1357152]]]},"properties":{"sources":[{"property":"","dataset":"Microsoft ML Buildings","license":"ODbL-1.0","record_id":null,"update_time":"2018-09-01T00:00:00.000Z","confidence":null,"between":null,"provider":"microsoft","resource":"ml_buildings","version":"2025-02-25"}],"is_underground":false,"has_parts":false,"version":3}},
{"id":"a73c5b35-c1a1-405b-aa80-c2edea9f4ca9","type":"Feature","geometry":{"type":"Polygon","coordinates":[[[41.0786929,19.1355502],[41.0786899,19.1356591],[41.0785317,19.1356552],[41.0785347,19.1355463],[41.0786929,19.1355502]]]},"properties":{"sources":[{"property":"","dataset":"Microsoft ML Buildings","license":"ODbL-1.0","record_id":null,"update_time":"2018-09-01T00:00:00.000Z","confidence":null,"between":null,"provider":"microsoft","resource":"ml_buildings","version":"2025-02-25"}],"is_underground":false,"has_parts":false,"version":3}},
{"id":"4d009645-fcf5-4b80-b607-f3b10d20f5c8","type":"Feature","geometry":{"type":"Polygon","coordinates":[[[41.0788518,19.1355358],[41.079006,19.1355297],[41.0790111,19.1356451],[41.0788568,19.1356512],[41.0788518,19.1355358]]]},"properties":{"sources":[{"property":"","dataset":"Microsoft ML Buildings","license":"ODbL-1.0","record_id":null,"update_time":"2018-09-01T00:00:00.000Z","confidence":null,"between":null,"provider":"microsoft","resource":"ml_buildings","version":"2025-02-25"}],"is_underground":false,"has_parts":false,"version":3}},
{"id":"8fa5fbf3-fab2-40f5-b322-cf91b245d48a","type":"Feature","geometry":{"type":"Polygon","coordinates":[[[41.0788581,19.1356834],[41.0788557,19.1357923],[41.0786949,19.1357891],[41.0786973,19.1356802],[41.0788581,19.1356834]]]},"properties":{"sources":[{"property":"","dataset":"Microsoft ML Buildings","license":"ODbL-1.0","record_id":null,"update_time":"2018-09-01T00:00:00.000Z","confidence":null,"between":null,"provider":"microsoft","resource":"ml_buildings","version":"2025-02-25"}],"is_underground":false,"has_parts":false,"version":3}},
{"id":"e3b136d0-d0f1-4b1a-ba62-db49c08b5aef","type":"Feature","geometry":{"type":"Polygon","coordinates":[[[41.0791066,19.1359123],[41.0791092,19.1360947],[41.0789457,19.1360968],[41.078943,19.1359144],[41.0791066,19.1359123]]]},"properties":{"sources":[{"property":"","dataset":"Microsoft ML Buildings","license":"ODbL-1.0","record_id":null,"update_time":"2018-09-01T00:00:00.000Z","confidence":null,"between":null,"provider":"microsoft","resource":"ml_buildings","version":"2025-02-25"}],"is_underground":false,"has_parts":false,"version":3}},
{"id":"e581ca62-edcf-4c3d-81f6-09ecf0719144","type":"Feature","geometry":{"type":"Polygon","coordinates":[[[41.0762648,19.1358828],[41.0762695,19.1357553],[41.0764142,19.13576],[41.0764095,19.1358875],[41.0762648,19.1358828]]]},"properties":{"sources":[{"property":"","dataset":"Microsoft ML Buildings","license":"ODbL-1.0","record_id":null,"update_time":"2018-09-01T00:00:00.000Z","confidence":null,"between":null,"provider":"microsoft","resource":"ml_buildings","version":"2025-02-25"}],"is_underground":false,"has_parts":false,"version":3}},
{"id":"fe321708-6e0a-4463-8c72-19e22c78ffba","type":"Feature","geometry":{"type":"Polygon","coordinates":[[[41.0763704,19.1354748],[41.0764698,19.1354861],[41.0764366,19.1357459],[41.0763372,19.1357345],[41.0763704,19.1354748]]]},"properties":{"sources":[{"property":"","dataset":"Microsoft ML Buildings","license":"ODbL-1.0","record_id":null,"update_time":"2018-09-01T00:00:00.000Z","confidence":null,"between":null,"provider":"microsoft","resource":"ml_buildings","version":"2025-02-25"}],"is_underground":false,"has_parts":false,"version":3}},
{"id":"109643d5-a3a8-4205-8cf4-81a7f925d0a0","type":"Feature","geometry":{"type":"Polygon","coordinates":[[[41.0766201,19.1355512],[41.0768239,19.1355794],[41.0767711,19.1359193],[41.0767212,19.1359123],[41.0767443,19.1357635],[41.0767181,19.1357599],[41.0766895,19.1359434],[41.0765619,19.1359257],[41.0766201,19.1355512]]]},"properties":{"sources":[{"property":"","dataset":"Microsoft ML Buildings","license":"ODbL-1.0","record_id":null,"update_time":"2018-09-01T00:00:00.000Z","confidence":null,"between":null,"provider":"microsoft","resource":"ml_buildings","version":"2025-02-25"}],"is_underground":false,"has_parts":false,"version":3}},
{"id":"6cea762c-3607-4ce7-b3a6-8a83854b3cd4","type":"Feature","geometry":{"type":"Polygon","coordinates":[[[41.077083,19.1359101],[41.0770864,19.135858],[41.0771585,19.1358622],[41.0771552,19.1359142],[41.077083,19.1359101]]]},"properties":{"sources":[{"property":"","dataset":"Microsoft ML Buildings","license":"ODbL-1.0","record_id":null,"update_time":"2018-09-01T00:00:00.000Z","confidence":null,"between":null,"provider":"microsoft","resource":"ml_buildings","version":"2025-02-25"}],"is_underground":false,"has_parts":false,"version":3}},
{"id":"13acb6b4-dee2-4c54-91ef-27fec7e3f925","type":"Feature","geometry":{"type":"Polygon","coordinates":[[[41.0773783,19.1356942],[41.0773797,19.1358851],[41.0772268,19.1358861],[41.0772247,19.1355871],[41.0774194,19.1355859],[41.0774202,19.1356939],[41.0773783,19.1356942]]]},"properties":{"sources":[{"property":"","dataset":"Microsoft ML Buildings","license":"ODbL-1.0","record_id":null,"update_time":"2018-09-01T00:00:00.000Z","confidence":null,"between":null,"provider":"microsoft","resource":"ml_buildings","version":"2025-02-25"}],"is_underground":false,"has_parts":false,"version":3}},
{"id":"2b4c13f8-77aa-44f9-82e7-4ec67f85efad","type":"Feature","geometry":{"type":"Polygon","coordinates":[[[41.0770999,19.1343256],[41.0769311,19.1343205],[41.0769364,19.1341652],[41.0771052,19.1341703],[41.0770999,19.1343256]]]},"properties":{"sources":[{"property":"","dataset":"Microsoft ML Buildings","license":"ODbL-1.0","record_id":null,"update_time":"2018-09-01T00:00:00.000Z","confidence":null,"between":null,"provider":"microsoft","resource":"ml_buildings","version":"2025-02-25"}],"is_underground":false,"has_parts":false,"version":3}},
{"id":"622a6bfc-a19b-4fdf-98c8-b2bc7b8c2069","type":"Feature","geometry":{"type":"Polygon","coordinates":[[[41.0768884,19.1345026],[41.0768943,19.1343542],[41.0770614,19.1343602],[41.0770554,19.1345086],[41.0768884,19.1345026]]]},"properties":{"sources":[{"property":"","dataset":"Microsoft ML Buildings","license":"ODbL-1.0","record_id":null,"update_time":"2018-09-01T00:00:00.000Z","confidence":null,"between":null,"provider":"microsoft","resource":"ml_buildings","version":"2025-02-25"}],"is_underground":false,"has_parts":false,"version":3}},
{"id":"f4709413-aaca-4fc5-9ec9-a06158bab604","type":"Feature","geometry":{"type":"Polygon","coordinates":[[[41.0764197,19.1342433],[41.0764409,19.1341173],[41.0767627,19.1341654],[41.0767416,19.1342915],[41.0764197,19.1342433]]]},"properties":{"sources":[{"property":"","dataset":"Microsoft ML Buildings","license":"ODbL-1.0","record_id":null,"update_time":"2018-09-01T00:00:00.000Z","confidence":null,"between":null,"provider":"microsoft","resource":"ml_buildings","version":"2025-02-25"}],"is_underground":false,"has_parts":false,"version":3}},
{"id":"0281d45f-b28f-4e9a-841b-a69d90d1e197","type":"Feature","geometry":{"type":"Polygon","coordinates":[[[41.0767238,19.1343228],[41.0764132,19.1342926],[41.0764171,19.1342575],[41.0767276,19.1342877],[41.0767238,19.1343228]]]},"properties":{"sources":[{"property":"","dataset":"Microsoft ML Buildings","license":"ODbL-1.0","record_id":null,"update_time":"2018-09-01T00:00:00.000Z","confidence":null,"between":null,"provider":"microsoft","resource":"ml_buildings","version":"2025-02-25"}],"is_underground":false,"has_parts":false,"version":3}},
{"id":"61d2c730-5d64-4568-bb27-5412cf56ed5c","type":"Feature","geometry":{"type":"Polygon","coordinates":[[[41.0764519,19.1347926],[41.0764728,19.1347956],[41.0765224,19.1344922],[41.0766744,19.1345143],[41.0766173,19.1348633],[41.0764444,19.1348381],[41.0764519,19.1347926]]]},"properties":{"sources":[{"property":"","dataset":"Microsoft ML Buildings","license":"ODbL-1.0","record_id":null,"update_time":"2018-09-01T00:00:00.000Z","confidence":null,"between":null,"provider":"microsoft","resource":"ml_buildings","version":"2025-02-25"}],"is_underground":false,"has_parts":false,"version":3}},
{"id":"6f62e24b-1d3f-46cd-8c13-9ffa3b092ff7","type":"Feature","geometry":{"type":"Polygon","coordinates":[[[41.0752115,19.1348495],[41.0753251,19.1348684],[41.0753177,19.1349077],[41.0752042,19.1348889],[41.0752115,19.1348495]]]},"properties":{"sources":[{"property":"","dataset":"Microsoft ML Buildings","license":"ODbL-1.0","record_id":null,"update_time":"2018-09-01T00:00:00.000Z","confidence":null,"between":null,"provider":"microsoft","resource":"ml_buildings","version":"2025-02-25"}],"is_underground":false,"has_parts":false,"version":3}},
{"id":"f5752f04-a917-497a-b041-8d21807d7161","type":"Feature","geometry":{"type":"Polygon","coordinates":[[[41.0753264,19.1349121],[41.0753277,19.1348727],[41.0754456,19.1348764],[41.0754442,19.1349158],[41.0753264,19.1349121]]]},"properties":{"sources":[{"property":"","dataset":"Microsoft ML Buildings","license":"ODbL-1.0","record_id":null,"update_time":"2018-09-01T00:00:00.000Z","confidence":null,"between":null,"provider":"microsoft","resource":"ml_buildings","version":"2025-02-25"}],"is_underground":false,"has_parts":false,"version":3}},
{"id":"0e4b45a2-f90e-43ee-9a09-18b895ebe864","type":"Feature","geometry":{"type":"Polygon","coordinates":[[[41.0752265,19.1351555],[41.0752016,19.135131],[41.0752812,19.1350588],[41.0753061,19.1350833],[41.0752265,19.1351555]]]},"properties":{"sources":[{"property":"","dataset":"Microsoft ML Buildings","license":"ODbL-1.0","record_id":null,"update_time":"2018-09-01T00:00:00.000Z","confidence":null,"between":null,"provider":"microsoft","resource":"ml_buildings","version":"2025-02-25"}],"is_underground":false,"has_parts":false,"version":3}},
{"id":"0941cae6-4063-4114-a67b-841aaaddb5e9","type":"Feature","geometry":{"type":"Polygon","coordinates":[[[41.075221,19.1352032],[41.0752283,19.1351639],[41.0753444,19.135183],[41.0753372,19.1352224],[41.075221,19.1352032]]]},"properties":{"sources":[{"property":"","dataset":"Microsoft ML Buildings","license":"ODbL-1.0","record_id":null,"update_time":"2018-09-01T00:00:00.000Z","confidence":null,"between":null,"provider":"microsoft","resource":"ml_buildings","version":"2025-02-25"}],"is_underground":false,"has_parts":false,"version":3}},
{"id":"cbea11d0-c215-4604-9670-783b2429d7c4","type":"Feature","geometry":{"type":"Polygon","coordinates":[[[41.0761605,19.1355976],[41.07622,19.1356107],[41.0762019,19.1356843],[41.0761424,19.1356712],[41.0761605,19.1355976]]]},"properties":{"sources":[{"property":"","dataset":"Microsoft ML Buildings","license":"ODbL-1.0","record_id":null,"update_time":"2018-09-01T00:00:00.000Z","confidence":null,"between":null,"provider":"microsoft","resource":"ml_buildings","version":"2025-02-25"}],"is_underground":false,"has_parts":false,"version":3}},
{"id":"43f7bc67-d1dc-4834-9a8f-efddf2cc4bda","type":"Feature","geometry":{"type":"Polygon","coordinates":[[[41.0760794,19.1358161],[41.0762397,19.1358408],[41.0762322,19.1358842],[41.0760718,19.1358595],[41.0760794,19.1358161]]]},"properties":{"sources":[{"property":"","dataset":"Microsoft ML Buildings","license":"ODbL-1.0","record_id":null,"update_time":"2018-09-01T00:00:00.000Z","confidence":null,"between":null,"provider":"microsoft","resource":"ml_buildings","version":"2025-02-25"}],"is_underground":false,"has_parts":false,"version":3}},
{"id":"3ce5f302-9252-4ee0-b523-157a80610597","type":"Feature","geometry":{"type":"Polygon","coordinates":[[[41.0715107,19.1351003],[41.0715022,19.1351406],[41.0714464,19.1351301],[41.0714549,19.1350898],[41.0715107,19.1351003]]]},"properties":{"sources":[{"property":"","dataset":"Microsoft ML Buildings","license":"ODbL-1.0","record_id":null,"update_time":"2018-09-01T00:00:00.000Z","confidence":null,"between":null,"provider":"microsoft","resource":"ml_buildings","version":"2025-02-25"}],"is_underground":false,"has_parts":false,"version":3}},
{"id":"44a63052-f149-4edf-a426-46507961c4fd","type":"Feature","geometry":{"type":"Polygon","coordinates":[[[41.0730301,19.1345558],[41.0724375,19.1345455],[41.0724406,19.1343885],[41.072395,19.1343877],[41.0723974,19.1342661],[41.0730355,19.1342772],[41.0730301,19.1345558]]]},"properties":{"sources":[{"property":"","dataset":"Microsoft ML Buildings","license":"ODbL-1.0","record_id":null,"update_time":"2018-09-01T00:00:00.000Z","confidence":null,"between":null,"provider":"microsoft","resource":"ml_buildings","version":"2025-02-25"}],"is_underground":false,"has_parts":false,"version":3}},
{"id":"ceb28cf2-78fa-4c81-83e4-e2f727201191","type":"Feature","geometry":{"type":"Polygon","coordinates":[[[41.0731518,19.1345611],[41.0730358,19.1345555],[41.0730498,19.1342952],[41.0731658,19.1343008],[41.0731518,19.1345611]]]},"properties":{"sources":[{"property":"","dataset":"Microsoft ML Buildings","license":"ODbL-1.0","record_id":null,"update_time":"2018-09-01T00:00:00.000Z","confidence":null,"between":null,"provider":"microsoft","resource":"ml_buildings","version":"2025-02-25"}],"is_underground":false,"has_parts":false,"version":3}},
{"id":"7b44e61e-0aab-4c2b-8a6f-78d9458513a0","type":"Feature","geometry":{"type":"Polygon","coordinates":[[[41.0741038,19.1344908],[41.0736493,19.1344088],[41.0738627,19.1333538],[41.0739396,19.1333676],[41.0739532,19.1333828],[41.0740918,19.1334078],[41.0740595,19.1334337],[41.0740135,19.1334254],[41.0739988,19.1334978],[41.0739683,19.1335223],[41.0741146,19.1335487],[41.0740812,19.1337139],[41.0740287,19.1337562],[41.0740198,19.1337546],[41.0739376,19.1338207],[41.0739668,19.133853],[41.0739194,19.1338911],[41.0738472,19.133878],[41.0738857,19.1339207],[41.0738589,19.1339423],[41.0739078,19.1339511],[41.0738603,19.1339894],[41.073958,19.134007],[41.0739861,19.1339844],[41.0739662,19.1339624],[41.0739812,19.1339504],[41.0740892,19.1339698],[41.0741151,19.133949],[41.0741954,19.1340381],[41.0741038,19.1344908]]]},"properties":{"sources":[{"property":"","dataset":"Microsoft ML Buildings","license":"ODbL-1.0","record_id":null,"update_time":"2018-09-01T00:00:00.000Z","confidence":null,"between":null,"provider":"microsoft","resource":"ml_buildings","version":"2025-02-25"}],"is_underground":false,"has_parts":false,"version":3}},
{"id":"95e95b13-4de1-47e0-832d-4e0473f2a7ec","type":"Feature","geometry":{"type":"Polygon","coordinates":[[[41.0744882,19.1328267],[41.0744874,19.1327507],[41.0745303,19.1327503],[41.0745311,19.1328263],[41.0744882,19.1328267]]]},"properties":{"sources":[{"property":"","dataset":"Microsoft ML Buildings","license":"ODbL-1.0","record_id":null,"update_time":"2018-09-01T00:00:00.000Z","confidence":null,"between":null,"provider":"microsoft","resource":"ml_buildings","version":"2025-02-25"}],"is_underground":false,"has_parts":false,"version":3}},
{"id":"e9ea70f5-59f2-42fd-a83b-d989c8b15e07","type":"Feature","geometry":{"type":"Polygon","coordinates":[[[41.0741642,19.132082],[41.0741931,19.1321479],[41.0741405,19.1321685],[41.0741116,19.1321026],[41.0741642,19.132082]]]},"properties":{"sources":[{"property":"","dataset":"Microsoft ML Buildings","license":"ODbL-1.0","record_id":null,"update_time":"2018-09-01T00:00:00.000Z","confidence":null,"between":null,"provider":"microsoft","resource":"ml_buildings","version":"2025-02-25"}],"is_underground":false,"has_parts":false,"version":3}},
{"id":"e9312660-ad3e-4649-b40a-dc38aab56a7c","type":"Feature","geometry":{"type":"Polygon","coordinates":[[[41.0744118,19.1318366],[41.0748978,19.1316756],[41.0749581,19.1318381],[41.0745812,19.131963],[41.0745375,19.1320379],[41.0745367,19.1320439],[41.0744089,19.1322633],[41.074326,19.1322908],[41.0742915,19.1325439],[41.0743469,19.1325507],[41.0743269,19.1326971],[41.0742932,19.1327082],[41.0742858,19.1327628],[41.074223,19.1327835],[41.0741887,19.1327657],[41.074118,19.1327571],[41.0740785,19.1326506],[41.074121,19.1323386],[41.0741445,19.1322982],[41.0741289,19.132256],[41.0742196,19.1321001],[41.0741905,19.132085],[41.074201,19.1320078],[41.0742468,19.1319292],[41.0743321,19.1319736],[41.0744118,19.1318366]]]},"properties":{"sources":[{"property":"","dataset":"Microsoft ML Buildings","license":"ODbL-1.0","record_id":null,"update_time":"2018-09-01T00:00:00.000Z","confidence":null,"between":null,"provider":"microsoft","resource":"ml_buildings","version":"2025-02-25"}],"is_underground":false,"has_parts":false,"version":3}},
{"id":"7e7928df-a68d-442f-b71d-354e31bccacd","type":"Feature","geometry":{"type":"Polygon","coordinates":[[[41.0736215,19.1315811],[41.0736143,19.1324553],[41.0734588,19.1324542],[41.0734654,19.1316434],[41.0731041,19.1314352],[41.0731876,19.1313059],[41.0733841,19.1314192],[41.0734032,19.1313896],[41.0734912,19.1314403],[41.0734626,19.1314846],[41.0736301,19.1315812],[41.0736215,19.1315811]]]},"properties":{"sources":[{"property":"","dataset":"Microsoft ML Buildings","license":"ODbL-1.0","record_id":null,"update_time":"2018-09-01T00:00:00.000Z","confidence":null,"between":null,"provider":"microsoft","resource":"ml_buildings","version":"2025-02-25"}],"is_underground":false,"has_parts":false,"version":3}},
{"id":"97fa8280-9722-461a-bf52-0febe2e41982","type":"Feature","geometry":{"type":"Polygon","coordinates":[[[41.0728515,19.1324416],[41.0728546,19.1322997],[41.0730649,19.1323038],[41.0730618,19.1324456],[41.0728515,19.1324416]]]},"properties":{"sources":[{"property":"","dataset":"Microsoft ML Buildings","license":"ODbL-1.0","record_id":null,"update_time":"2018-09-01T00:00:00.000Z","confidence":null,"between":null,"provider":"microsoft","resource":"ml_buildings","version":"2025-02-25"}],"is_underground":false,"has_parts":false,"version":3}},
{"id":"78ef2118-cceb-4493-9b1d-8f55a67fe905","type":"Feature","geometry":{"type":"Polygon","coordinates":[[[41.0722409,19.1316874],[41.0722765,19.1316914],[41.0722717,19.1317289],[41.0722362,19.1317248],[41.0722409,19.1316874]]]},"properties":{"sources":[{"property":"","dataset":"Microsoft ML Buildings","license":"ODbL-1.0","record_id":null,"update_time":"2018-09-01T00:00:00.000Z","confidence":null,"between":null,"provider":"microsoft","resource":"ml_buildings","version":"2025-02-25"}],"is_underground":false,"has_parts":false,"version":3}},
{"id":"2c8ebb55-c283-46e2-9a54-a970f1be9d36","type":"Feature","geometry":{"type":"Polygon","coordinates":[[[41.0720737,19.1317171],[41.0720771,19.131555],[41.0721871,19.1315571],[41.0721859,19.1316128],[41.072233,19.1316137],[41.0722307,19.1317201],[41.0720737,19.1317171]]]},"properties":{"sources":[{"property":"","dataset":"Microsoft ML Buildings","license":"ODbL-1.0","record_id":null,"update_time":"2018-09-01T00:00:00.000Z","confidence":null,"between":null,"provider":"microsoft","resource":"ml_buildings","version":"2025-02-25"}],"is_underground":false,"has_parts":false,"version":3}},
{"id":"4c1b89f5-4036-4f56-90ae-c9749ce62908","type":"Feature","geometry":{"type":"Polygon","coordinates":[[[41.0722674,19.1315695],[41.0722662,19.1316177],[41.0721912,19.131616],[41.0721924,19.1315679],[41.0722674,19.1315695]]]},"properties":{"sources":[{"property":"","dataset":"Microsoft ML Buildings","license":"ODbL-1.0","record_id":null,"update_time":"2018-09-01T00:00:00.000Z","confidence":null,"between":null,"provider":"microsoft","resource":"ml_buildings","version":"2025-02-25"}],"is_underground":false,"has_parts":false,"version":3}},
{"id":"311077e3-93c6-4402-a752-9d003541638f","type":"Feature","geometry":{"type":"Polygon","coordinates":[[[41.0727336,19.1337348],[41.0726872,19.133726],[41.0726981,19.1336749],[41.072644,19.1336646],[41.0726546,19.1336147],[41.0727551,19.1336337],[41.0727336,19.1337348]]]},"properties":{"sources":[{"property":"","dataset":"Microsoft ML Buildings","license":"ODbL-1.0","record_id":null,"update_time":"2018-09-01T00:00:00.000Z","confidence":null,"between":null,"provider":"microsoft","resource":"ml_buildings","version":"2025-02-25"}],"is_underground":false,"has_parts":false,"version":3}},
{"id":"cb7c1422-5c98-4ff1-a648-31b0b446324c","type":"Feature","geometry":{"type":"Polygon","coordinates":[[[41.0730313,19.134227],[41.0731903,19.1333064],[41.0735561,19.1333628],[41.0734499,19.1339774],[41.0734395,19.1339758],[41.0734211,19.1340819],[41.073476,19.1340904],[41.0734687,19.1341323],[41.0734217,19.1341251],[41.0734166,19.1341547],[41.0734297,19.1341567],[41.0733593,19.134564],[41.073166,19.1345342],[41.0732142,19.1342552],[41.0730313,19.134227]]]},"properties":{"sources":[{"property":"","dataset":"Microsoft ML Buildings","license":"ODbL-1.0","record_id":null,"update_time":"2018-09-01T00:00:00.000Z","confidence":null,"between":null,"provider":"microsoft","resource":"ml_buildings","version":"2025-02-25"}],"is_underground":false,"has_parts":false,"version":3}},
{"id":"365fb3e9-f404-486d-9a93-3c3880f7c791","type":"Feature","geometry":{"type":"Polygon","coordinates":[[[41.0720801,19.133346],[41.0723624,19.134439],[41.0719853,19.1345259],[41.0717029,19.133433],[41.0720801,19.133346]]]},"properties":{"sources":[{"property":"","dataset":"Microsoft ML Buildings","license":"ODbL-1.0","record_id":null,"update_time":"2018-09-01T00:00:00.000Z","confidence":null,"between":null,"provider":"microsoft","resource":"ml_buildings","version":"2025-02-25"}],"is_underground":false,"has_parts":false,"version":3}},
{"id":"266bf81f-3568-40bf-af06-0dbe421d82da","type":"Feature","geometry":{"type":"Polygon","coordinates":[[[41.0719474,19.1327927],[41.071946,19.1328788],[41.0717487,19.1328761],[41.07175,19.13279],[41.0719474,19.1327927]]]},"properties":{"sources":[{"property":"","dataset":"Microsoft ML Buildings","license":"ODbL-1.0","record_id":null,"update_time":"2018-09-01T00:00:00.000Z","confidence":null,"between":null,"provider":"microsoft","resource":"ml_buildings","version":"2025-02-25"}],"is_underground":false,"has_parts":false,"version":3}},
{"id":"e735c11c-78de-4ab6-9b9e-c532d55c20ab","type":"Feature","geometry":{"type":"Polygon","coordinates":[[[41.0717511,19.1326638],[41.0717465,19.132418],[41.0719476,19.1324146],[41.0719522,19.1326604],[41.0717511,19.1326638]]]},"properties":{"sources":[{"property":"","dataset":"Microsoft ML Buildings","license":"ODbL-1.0","record_id":null,"update_time":"2018-09-01T00:00:00.000Z","confidence":null,"between":null,"provider":"microsoft","resource":"ml_buildings","version":"2025-02-25"}],"is_underground":false,"has_parts":false,"version":3}},
{"id":"3ae34c67-08d1-469d-a5b4-c6a09742ad8a","type":"Feature","geometry":{"type":"Polygon","coordinates":[[[41.0717515,19.1322907],[41.0717457,19.1320539],[41.0719399,19.1320496],[41.0719457,19.1322864],[41.0717515,19.1322907]]]},"properties":{"sources":[{"property":"","dataset":"Microsoft ML Buildings","license":"ODbL-1.0","record_id":null,"update_time":"2018-09-01T00:00:00.000Z","confidence":null,"between":null,"provider":"microsoft","resource":"ml_buildings","version":"2025-02-25"}],"is_underground":false,"has_parts":false,"version":3}},
{"id":"fc72dd7d-bc26-461e-9192-ab3e6738f53d","type":"Feature","geometry":{"type":"Polygon","coordinates":[[[41.0717484,19.1315793],[41.0719495,19.1315743],[41.0719545,19.1317529],[41.0718365,19.1317558],[41.0718356,19.1317229],[41.0717525,19.131725],[41.0717484,19.1315793]]]},"properties":{"sources":[{"property":"","dataset":"Microsoft ML Buildings","license":"ODbL-1.0","record_id":null,"update_time":"2018-09-01T00:00:00.000Z","confidence":null,"between":null,"provider":"microsoft","resource":"ml_buildings","version":"2025-02-25"}],"is_underground":false,"has_parts":false,"version":3}},
{"id":"f9cf5036-bcdb-4f85-bd1e-09f36eb59ee7","type":"Feature","geometry":{"type":"Polygon","coordinates":[[[41.0719555,19.1311942],[41.0719611,19.1313715],[41.07185,19.1313746],[41.0718489,19.1313392],[41.0717631,19.1313416],[41.0717586,19.1311998],[41.0719555,19.1311942]]]},"properties":{"sources":[{"property":"","dataset":"Microsoft ML Buildings","license":"ODbL-1.0","record_id":null,"update_time":"2018-09-01T00:00:00.000Z","confidence":null,"between":null,"provider":"microsoft","resource":"ml_buildings","version":"2025-02-25"}],"is_underground":false,"has_parts":false,"version":3}},
{"id":"9bfca067-0f11-4115-bfde-06ba849c188b","type":"Feature","geometry":{"type":"Polygon","coordinates":[[[41.071125,19.130529],[41.0712093,19.130455],[41.0712622,19.1305088],[41.0711779,19.1305827],[41.071125,19.130529]]]},"properties":{"sources":[{"property":"","dataset":"Microsoft ML Buildings","license":"ODbL-1.0","record_id":null,"update_time":"2018-09-01T00:00:00.000Z","confidence":null,"between":null,"provider":"microsoft","resource":"ml_buildings","version":"2025-02-25"}],"is_underground":false,"has_parts":false,"version":3}},
{"id":"34941ff0-3a5b-4318-b4a7-452a1b15df59","type":"Feature","geometry":{"type":"Polygon","coordinates":[[[41.0723078,19.1300672],[41.072314,19.1300223],[41.0723536,19.1300273],[41.0723473,19.1300721],[41.0723078,19.1300672]]]},"properties":{"sources":[{"property":"","dataset":"Microsoft ML Buildings","license":"ODbL-1.0","record_id":null,"update_time":"2018-09-01T00:00:00.000Z","confidence":null,"between":null,"provider":"microsoft","resource":"ml_buildings","version":"2025-02-25"}],"is_underground":false,"has_parts":false,"version":3}},
{"id":"1b007f61-ef0d-46a6-84d3-8b5f55aafd31","type":"Feature","geometry":{"type":"Polygon","coordinates":[[[41.0747943,19.1291828],[41.0748065,19.1292292],[41.0747711,19.1292375],[41.0747589,19.1291911],[41.0747943,19.1291828]]]},"properties":{"sources":[{"property":"","dataset":"Microsoft ML Buildings","license":"ODbL-1.0","record_id":null,"update_time":"2018-09-01T00:00:00.000Z","confidence":null,"between":null,"provider":"microsoft","resource":"ml_buildings","version":"2025-02-25"}],"is_underground":false,"has_parts":false,"version":3}},
{"id":"7ddda786-9378-470d-81fd-005d51e7b43d","type":"Feature","geometry":{"type":"Polygon","coordinates":[[[41.0756114,19.129023],[41.0752294,19.1290842],[41.0751865,19.1288453],[41.0751813,19.1288461],[41.0751452,19.1286452],[41.0751295,19.1286477],[41.0751016,19.1284925],[41.0752033,19.1284762],[41.0752016,19.1284664],[41.0753267,19.1284463],[41.0753608,19.128636],[41.075353,19.1286372],[41.0753689,19.1287259],[41.0755658,19.1286943],[41.0755945,19.1288544],[41.0754211,19.1288822],[41.0754313,19.1289389],[41.0755917,19.1289131],[41.0756114,19.129023]]]},"properties":{"sources":[{"property":"","dataset":"Microsoft ML Buildings","license":"ODbL-1.0","record_id":null,"update_time":"2018-09-01T00:00:00.000Z","confidence":null,"between":null,"provider":"microsoft","resource":"ml_buildings","version":"2025-02-25"}],"is_underground":false,"has_parts":false,"version":3}},
{"id":"032dba7f-bee8-459c-acc8-e6bb4f2bd151","type":"Feature","geometry":{"type":"Polygon","coordinates":[[[41.075442,19.1296388],[41.0754385,19.1294184],[41.0755619,19.1294166],[41.0755604,19.1293204],[41.0757213,19.1293181],[41.0757227,19.1294118],[41.075708,19.129412],[41.0757115,19.129635],[41.075442,19.1296388]]]},"properties":{"sources":[{"property":"","dataset":"Microsoft ML Buildings","license":"ODbL-1.0","record_id":null,"update_time":"2018-09-01T00:00:00.000Z","confidence":null,"between":null,"provider":"microsoft","resource":"ml_buildings","version":"2025-02-25"}],"is_underground":false,"has_parts":false,"version":3}},
{"id":"f36cc69b-5690-44f4-b12b-00c08d843672","type":"Feature","geometry":{"type":"Polygon","coordinates":[[[41.0757752,19.1293394],[41.0757818,19.1293711],[41.0757379,19.1293792],[41.0757313,19.1293475],[41.0757752,19.1293394]]]},"properties":{"sources":[{"property":"","dataset":"Microsoft ML Buildings","license":"ODbL-1.0","record_id":null,"update_time":"2018-09-01T00:00:00.000Z","confidence":null,"between":null,"provider":"microsoft","resource":"ml_buildings","version":"2025-02-25"}],"is_underground":false,"has_parts":false,"version":3}},
{"id":"92f8306c-f9da-4afc-8199-ed99d5f1f9b6","type":"Feature","geometry":{"type":"Polygon","coordinates":[[[41.0762309,19.1296074],[41.0762358,19.1296474],[41.0761987,19.1296514],[41.0761939,19.1296114],[41.0762309,19.1296074]]]},"properties":{"sources":[{"property":"","dataset":"Microsoft ML Buildings","license":"ODbL-1.0","record_id":null,"update_time":"2018-09-01T00:00:00.000Z","confidence":null,"between":null,"provider":"microsoft","resource":"ml_buildings","version":"2025-02-25"}],"is_underground":false,"has_parts":false,"version":3}},
{"id":"6cab0b46-6ef2-45b8-b12f-3633b10c18ff","type":"Feature","geometry":{"type":"Polygon","coordinates":[[[41.0761133,19.1296877],[41.0758531,19.1296841],[41.0758583,19.1293507],[41.075987,19.1293525],[41.0759837,19.1295693],[41.0761151,19.1295711],[41.0761133,19.1296877]]]},"properties":{"sources":[{"property":"","dataset":"Microsoft ML Buildings","license":"ODbL-1.0","record_id":null,"update_time":"2018-09-01T00:00:00.000Z","confidence":null,"between":null,"provider":"microsoft","resource":"ml_buildings","version":"2025-02-25"}],"is_underground":false,"has_parts":false,"version":3}},
{"id":"ad7b2b5f-8d07-43e2-b066-eccbe85d5c71","type":"Feature","geometry":{"type":"Polygon","coordinates":[[[41.0765386,19.1290903],[41.0765295,19.1288423],[41.0765831,19.1288406],[41.0765799,19.128753],[41.0766803,19.1287497],[41.0766926,19.1290853],[41.0765386,19.1290903]]]},"properties":{"sources":[{"property":"","dataset":"Microsoft ML Buildings","license":"ODbL-1.0","record_id":null,"update_time":"2018-09-01T00:00:00.000Z","confidence":null,"between":null,"provider":"microsoft","resource":"ml_buildings","version":"2025-02-25"}],"is_underground":false,"has_parts":false,"version":3}},
{"id":"d4fbc578-c3ae-4666-ad52-9dbf9fe35804","type":"Feature","geometry":{"type":"Polygon","coordinates":[[[41.0768865,19.1285212],[41.076898,19.1288072],[41.0768927,19.1288074],[41.0768959,19.1288868],[41.0769066,19.1288864],[41.0769146,19.1290838],[41.0767311,19.1290904],[41.0767083,19.1285277],[41.0768865,19.1285212]]]},"properties":{"sources":[{"property":"","dataset":"Microsoft ML Buildings","license":"ODbL-1.0","record_id":null,"update_time":"2018-09-01T00:00:00.000Z","confidence":null,"between":null,"provider":"microsoft","resource":"ml_buildings","version":"2025-02-25"}],"is_underground":false,"has_parts":false,"version":3}},
{"id":"aa4989fe-21c0-416c-81a1-33e2f58f4f97","type":"Feature","geometry":{"type":"Polygon","coordinates":[[[41.0772363,19.1288578],[41.0772616,19.1290294],[41.0770722,19.1290543],[41.0770468,19.1288828],[41.0772363,19.1288578]]]},"properties":{"sources":[{"property":"","dataset":"Microsoft ML Buildings","license":"ODbL-1.0","record_id":null,"update_time":"2018-09-01T00:00:00.000Z","confidence":null,"between":null,"provider":"microsoft","resource":"ml_buildings","version":"2025-02-25"}],"is_underground":false,"has_parts":false,"version":3}},
{"id":"4fa2c439-dd5c-427f-900d-07fbd7be88c7","type":"Feature","geometry":{"type":"Polygon","coordinates":[[[41.077379,19.1288244],[41.0774238,19.1288127],[41.0774622,19.1289447],[41.0773039,19.1289858],[41.0772553,19.1288185],[41.0773687,19.1287891],[41.077379,19.1288244]]]},"properties":{"sources":[{"property":"","dataset":"Microsoft ML Buildings","license":"ODbL-1.0","record_id":null,"update_time":"2018-09-01T00:00:00.000Z","confidence":null,"between":null,"provider":"microsoft","resource":"ml_buildings","version":"2025-02-25"}],"is_underground":false,"has_parts":false,"version":3}},
{"id":"ddca5d00-69e9-4dcd-a8ff-b854e5cbe060","type":"Feature","geometry":{"type":"Polygon","coordinates":[[[41.0769562,19.1295613],[41.0770552,19.1295567],[41.0770593,19.129636],[41.0769603,19.1296406],[41.0769562,19.1295613]]]},"properties":{"sources":[{"property":"","dataset":"Microsoft ML Buildings","license":"ODbL-1.0","record_id":null,"update_time":"2018-09-01T00:00:00.000Z","confidence":null,"between":null,"provider":"microsoft","resource":"ml_buildings","version":"2025-02-25"}],"is_underground":false,"has_parts":false,"version":3}},
{"id":"e0a3ec5a-57cd-408a-9922-27ea79eb99c7","type":"Feature","geometry":{"type":"Polygon","coordinates":[[[41.0770671,19.1295541],[41.0772139,19.1295202],[41.0772356,19.1296039],[41.0770888,19.1296378],[41.0770671,19.1295541]]]},"properties":{"sources":[{"property":"","dataset":"Microsoft ML Buildings","license":"ODbL-1.0","record_id":null,"update_time":"2018-09-01T00:00:00.000Z","confidence":null,"between":null,"provider":"microsoft","resource":"ml_buildings","version":"2025-02-25"}],"is_underground":false,"has_parts":false,"version":3}},
{"id":"8b38983c-e7ef-46c9-a9ab-542a4a5c987a","type":"Feature","geometry":{"type":"Polygon","coordinates":[[[41.0775476,19.1296832],[41.0775872,19.1296784],[41.0775967,19.1297482],[41.0773697,19.1297758],[41.0773455,19.1295972],[41.0773534,19.1295962],[41.0773429,19.1295189],[41.0774563,19.1295052],[41.0774648,19.1295675],[41.0775308,19.1295595],[41.0775476,19.1296832]]]},"properties":{"sources":[{"property":"","dataset":"Microsoft ML Buildings","license":"ODbL-1.0","record_id":null,"update_time":"2018-09-01T00:00:00.000Z","confidence":null,"between":null,"provider":"microsoft","resource":"ml_buildings","version":"2025-02-25"}],"is_underground":false,"has_parts":false,"version":3}},
{"id":"b22904ba-898f-47d2-935d-802e1a97c9ce","type":"Feature","geometry":{"type":"Polygon","coordinates":[[[41.0775395,19.1299377],[41.0775434,19.1300719],[41.0774041,19.1300756],[41.0774001,19.1299414],[41.0775395,19.1299377]]]},"properties":{"sources":[{"property":"","dataset":"Microsoft ML Buildings","license":"ODbL-1.0","record_id":null,"update_time":"2018-09-01T00:00:00.000Z","confidence":null,"between":null,"provider":"microsoft","resource":"ml_buildings","version":"2025-02-25"}],"is_underground":false,"has_parts":false,"version":3}},
{"id":"0e99bcfc-a9cd-447e-b392-a6269627cd94","type":"Feature","geometry":{"type":"Polygon","coordinates":[[[41.0772088,19.1297446],[41.0772284,19.1298266],[41.0771328,19.129847],[41.0771131,19.129765],[41.0772088,19.1297446]]]},"properties":{"sources":[{"property":"","dataset":"Microsoft ML Buildings","license":"ODbL-1.0","record_id":null,"update_time":"2018-09-01T00:00:00.000Z","confidence":null,"between":null,"provider":"microsoft","resource":"ml_buildings","version":"2025-02-25"}],"is_underground":false,"has_parts":false,"version":3}},
{"id":"619c65ce-e58f-43e6-84b8-ecc479fc9e4a","type":"Feature","geometry":{"type":"Polygon","coordinates":[[[41.0767556,19.1298675],[41.07672,19.1296032],[41.0769338,19.1295775],[41.0769667,19.1298219],[41.077071,19.1298093],[41.077078,19.1298617],[41.0769975,19.1298714],[41.0770092,19.1299587],[41.0767532,19.1299895],[41.0767552,19.1300044],[41.0765916,19.1300241],[41.0765587,19.1297797],[41.0767144,19.129761],[41.0767292,19.1298707],[41.0767556,19.1298675]]]},"properties":{"sources":[{"property":"","dataset":"Microsoft ML Buildings","license":"ODbL-1.0","record_id":null,"update_time":"2018-09-01T00:00:00.000Z","confidence":null,"between":null,"provider":"microsoft","resource":"ml_buildings","version":"2025-02-25"}],"is_underground":false,"has_parts":false,"version":3}},
{"id":"f9035a2c-1157-4ac1-9bb9-769e43317050","type":"Feature","geometry":{"type":"Polygon","coordinates":[[[41.0769419,19.1292621],[41.0769896,19.1294836],[41.0768144,19.1295172],[41.0768123,19.1295075],[41.0766011,19.1295481],[41.0765532,19.1293251],[41.0767386,19.1292895],[41.076741,19.1293007],[41.0769419,19.1292621]]]},"properties":{"sources":[{"property":"","dataset":"Microsoft ML Buildings","license":"ODbL-1.0","record_id":null,"update_time":"2018-09-01T00:00:00.000Z","confidence":null,"between":null,"provider":"microsoft","resource":"ml_buildings","version":"2025-02-25"}],"is_underground":false,"has_parts":false,"version":3}},
{"id":"b04468f7-aad3-4f64-8aab-777c5486403a","type":"Feature","geometry":{"type":"Polygon","coordinates":[[[41.0763452,19.1294257],[41.0763493,19.1293677],[41.076397299999996,19.1293707],[41.0763933,19.1294287],[41.0763452,19.1294257]]]},"properties":{"sources":[{"property":"","dataset":"Microsoft ML Buildings","license":"ODbL-1.0","record_id":null,"update_time":"2018-09-01T00:00:00.000Z","confidence":null,"between":null,"provider":"microsoft","resource":"ml_buildings","version":"2025-02-25"}],"is_underground":false,"has_parts":false,"version":3}},
{"id":"5c2b1f9f-5ca0-4ab0-8d4e-8d4853c0bc8f","type":"Feature","geometry":{"type":"Polygon","coordinates":[[[41.0761467,19.1300052],[41.0763477,19.1299987],[41.0763488,19.1300317],[41.0761479,19.1300381],[41.0761467,19.1300052]]]},"properties":{"sources":[{"property":"","dataset":"Microsoft ML Buildings","license":"ODbL-1.0","record_id":null,"update_time":"2018-09-01T00:00:00.000Z","confidence":null,"between":null,"provider":"microsoft","resource":"ml_buildings","version":"2025-02-25"}],"is_underground":false,"has_parts":false,"version":3}},
{"id":"0bfaced0-9707-49aa-bf5d-77f1c23bb68b","type":"Feature","geometry":{"type":"Polygon","coordinates":[[[41.0764072,19.1302358],[41.076411,19.1303827],[41.0761671,19.1303883],[41.0761633,19.1302414],[41.0764072,19.1302358]]]},"properties":{"sources":[{"property":"","dataset":"Microsoft ML Buildings","license":"ODbL-1.0","record_id":null,"update_time":"2018-09-01T00:00:00.000Z","confidence":null,"between":null,"provider":"microsoft","resource":"ml_buildings","version":"2025-02-25"}],"is_underground":false,"has_parts":false,"version":3}},
{"id":"f706e340-1530-4e38-aa5c-9a215a73d1e3","type":"Feature","geometry":{"type":"Polygon","coordinates":[[[41.0763886,19.1304219],[41.0763854,19.1307716],[41.0761601,19.1307697],[41.0761634,19.13042],[41.0763886,19.1304219]]]},"properties":{"sources":[{"property":"","dataset":"Microsoft ML Buildings","license":"ODbL-1.0","record_id":null,"update_time":"2018-09-01T00:00:00.000Z","confidence":null,"between":null,"provider":"microsoft","resource":"ml_buildings","version":"2025-02-25"}],"is_underground":false,"has_parts":false,"version":3}},
{"id":"5d3fa1fa-395d-4866-be27-4b6d1eb753c0","type":"Feature","geometry":{"type":"Polygon","coordinates":[[[41.076596,19.1307214],[41.0765965,19.1302947],[41.0767602,19.1302949],[41.0767597,19.1306937],[41.0766819,19.1306936],[41.0766818,19.1307215],[41.076596,19.1307214]]]},"properties":{"sources":[{"property":"","dataset":"Microsoft ML Buildings","license":"ODbL-1.0","record_id":null,"update_time":"2018-09-01T00:00:00.000Z","confidence":null,"between":null,"provider":"microsoft","resource":"ml_buildings","version":"2025-02-25"}],"is_underground":false,"has_parts":false,"version":3}},
{"id":"9fc00de8-5fb4-474d-a3c2-e1bff959f202","type":"Feature","geometry":{"type":"Polygon","coordinates":[[[41.0767619,19.1302812],[41.0767633,19.1302254],[41.0770126,19.1302313],[41.0770112,19.130287],[41.0767619,19.1302812]]]},"properties":{"sources":[{"property":"","dataset":"Microsoft ML Buildings","license":"ODbL-1.0","record_id":null,"update_time":"2018-09-01T00:00:00.000Z","confidence":null,"between":null,"provider":"microsoft","resource":"ml_buildings","version":"2025-02-25"}],"is_underground":false,"has_parts":false,"version":3}},
{"id":"b4b9ccaf-3915-46ea-a7c7-e6954c23e950","type":"Feature","geometry":{"type":"Polygon","coordinates":[[[41.076779,19.1303461],[41.0767778,19.1302945],[41.0768555,19.1302928],[41.0768568,19.1303444],[41.076779,19.1303461]]]},"properties":{"sources":[{"property":"","dataset":"Microsoft ML Buildings","license":"ODbL-1.0","record_id":null,"update_time":"2018-09-01T00:00:00.000Z","confidence":null,"between":null,"provider":"microsoft","resource":"ml_buildings","version":"2025-02-25"}],"is_underground":false,"has_parts":false,"version":3}},
{"id":"073795cb-a24c-42da-850d-26a589057d8e","type":"Feature","geometry":{"type":"Polygon","coordinates":[[[41.076582,19.1302421],[41.0765782,19.1300714],[41.0767405,19.1300682],[41.0767442,19.1302389],[41.076582,19.1302421]]]},"properties":{"sources":[{"property":"","dataset":"Microsoft ML Buildings","license":"ODbL-1.0","record_id":null,"update_time":"2018-09-01T00:00:00.000Z","confidence":null,"between":null,"provider":"microsoft","resource":"ml_buildings","version":"2025-02-25"}],"is_underground":false,"has_parts":false,"version":3}},
{"id":"3adea004-3b2d-421f-86a1-51ae928968ce","type":"Feature","geometry":{"type":"Polygon","coordinates":[[[41.0769761,19.1300951],[41.0769708,19.1300603],[41.0770641,19.1300477],[41.0770694,19.1300824],[41.0769761,19.1300951]]]},"properties":{"sources":[{"property":"","dataset":"Microsoft ML Buildings","license":"ODbL-1.0","record_id":null,"update_time":"2018-09-01T00:00:00.000Z","confidence":null,"between":null,"provider":"microsoft","resource":"ml_buildings","version":"2025-02-25"}],"is_underground":false,"has_parts":false,"version":3}},
{"id":"a187f070-7fb1-4427-8d46-709fc50aaba1","type":"Feature","geometry":{"type":"Polygon","coordinates":[[[41.0772667,19.1301397],[41.077269,19.1302775],[41.0771323,19.1302796],[41.0771299,19.1301418],[41.0772667,19.1301397]]]},"properties":{"sources":[{"property":"","dataset":"Microsoft ML Buildings","license":"ODbL-1.0","record_id":null,"update_time":"2018-09-01T00:00:00.000Z","confidence":null,"between":null,"provider":"microsoft","resource":"ml_buildings","version":"2025-02-25"}],"is_underground":false,"has_parts":false,"version":3}},
{"id":"66fc372f-492c-4d7a-95cb-0de3406e248a","type":"Feature","geometry":{"type":"Polygon","coordinates":[[[41.0771219,19.1300911],[41.0771195,19.1300288],[41.0772454,19.1300244],[41.0772478,19.1300868],[41.0771219,19.1300911]]]},"properties":{"sources":[{"property":"","dataset":"Microsoft ML Buildings","license":"ODbL-1.0","record_id":null,"update_time":"2018-09-01T00:00:00.000Z","confidence":null,"between":null,"provider":"microsoft","resource":"ml_buildings","version":"2025-02-25"}],"is_underground":false,"has_parts":false,"version":3}},
{"id":"ec95adbe-294b-48f7-8442-772a8b04ca3e","type":"Feature","geometry":{"type":"Polygon","coordinates":[[[41.0771876,19.130642],[41.0771886,19.130567],[41.0772718,19.130568],[41.0772707,19.1306431],[41.0771876,19.130642]]]},"properties":{"sources":[{"property":"","dataset":"Microsoft ML Buildings","license":"ODbL-1.0","record_id":null,"update_time":"2018-09-01T00:00:00.000Z","confidence":null,"between":null,"provider":"microsoft","resource":"ml_buildings","version":"2025-02-25"}],"is_underground":false,"has_parts":false,"version":3}},
{"id":"5a4e8f84-fe5d-4cde-95e3-2e7aec73d8d1","type":"Feature","geometry":{"type":"Polygon","coordinates":[[[41.0771785,19.1305187],[41.0771774,19.1304858],[41.0772644,19.1304831],[41.0772655,19.130516],[41.0771785,19.1305187]]]},"properties":{"sources":[{"property":"","dataset":"Microsoft ML Buildings","license":"ODbL-1.0","record_id":null,"update_time":"2018-09-01T00:00:00.000Z","confidence":null,"between":null,"provider":"microsoft","resource":"ml_buildings","version":"2025-02-25"}],"is_underground":false,"has_parts":false,"version":3}},
{"id":"0e759d47-d001-49f2-96a9-04fca601826a","type":"Feature","geometry":{"type":"Polygon","coordinates":[[[41.0770041,19.1304676],[41.0770091,19.1302954],[41.0772342,19.1303013],[41.0772292,19.1304734],[41.0770041,19.1304676]]]},"properties":{"sources":[{"property":"","dataset":"Microsoft ML Buildings","license":"ODbL-1.0","record_id":null,"update_time":"2018-09-01T00:00:00.000Z","confidence":null,"between":null,"provider":"microsoft","resource":"ml_buildings","version":"2025-02-25"}],"is_underground":false,"has_parts":false,"version":3}},
{"id":"6be2af19-b40e-418e-91bd-27ffc399629f","type":"Feature","geometry":{"type":"Polygon","coordinates":[[[41.0769155,19.1305187],[41.0769124,19.1303084],[41.0769727,19.1303076],[41.0769759,19.1305179],[41.0769155,19.1305187]]]},"properties":{"sources":[{"property":"","dataset":"Microsoft ML Buildings","license":"ODbL-1.0","record_id":null,"update_time":"2018-09-01T00:00:00.000Z","confidence":null,"between":null,"provider":"microsoft","resource":"ml_buildings","version":"2025-02-25"}],"is_underground":false,"has_parts":false,"version":3}},
{"id":"93d93563-7ab7-42df-b9c6-747d1dc74f76","type":"Feature","geometry":{"type":"Polygon","coordinates":[[[41.0770586,19.1306454],[41.0770477,19.130511],[41.0771651,19.1305025],[41.0771759,19.130637],[41.0770586,19.1306454]]]},"properties":{"sources":[{"property":"","dataset":"Microsoft ML Buildings","license":"ODbL-1.0","record_id":null,"update_time":"2018-09-01T00:00:00.000Z","confidence":null,"between":null,"provider":"microsoft","resource":"ml_buildings","version":"2025-02-25"}],"is_underground":false,"has_parts":false,"version":3}},
{"id":"d4f6ab1a-82e4-48b3-8389-9487a3fc5c7d","type":"Feature","geometry":{"type":"Polygon","coordinates":[[[41.0769111,19.1311284],[41.0768727,19.1309219],[41.0771317,19.1308789],[41.077134,19.1308912],[41.0772355,19.1308744],[41.0772457,19.1309294],[41.0771494,19.1309454],[41.0771572,19.1309872],[41.0772743,19.1309677],[41.0772924,19.1310651],[41.0769111,19.1311284]]]},"properties":{"sources":[{"property":"","dataset":"Microsoft ML Buildings","license":"ODbL-1.0","record_id":null,"update_time":"2018-09-01T00:00:00.000Z","confidence":null,"between":null,"provider":"microsoft","resource":"ml_buildings","version":"2025-02-25"}],"is_underground":false,"has_parts":false,"version":3}},
{"id":"2f41f524-9195-47a4-962c-a8d4afc79da4","type":"Feature","geometry":{"type":"Polygon","coordinates":[[[41.0771695,19.1307631],[41.0772034,19.1307549],[41.0772188,19.130812],[41.0771849,19.1308202],[41.0771695,19.1307631]]]},"properties":{"sources":[{"property":"","dataset":"Microsoft ML Buildings","license":"ODbL-1.0","record_id":null,"update_time":"2018-09-01T00:00:00.000Z","confidence":null,"between":null,"provider":"microsoft","resource":"ml_buildings","version":"2025-02-25"}],"is_underground":false,"has_parts":false,"version":3}},
{"id":"040349ae-6ad3-4708-92b7-f5189b7d0539","type":"Feature","geometry":{"type":"Polygon","coordinates":[[[41.0771679,19.1307483],[41.0771523,19.1306832],[41.0772748,19.1306571],[41.0772858,19.1307029],[41.0772271,19.1307154],[41.0772363,19.130754],[41.0772822,19.1307442],[41.0772937,19.1307925],[41.0772274,19.1308066],[41.0772112,19.1307391],[41.0771679,19.1307483]]]},"properties":{"sources":[{"property":"","dataset":"Microsoft ML Buildings","license":"ODbL-1.0","record_id":null,"update_time":"2018-09-01T00:00:00.000Z","confidence":null,"between":null,"provider":"microsoft","resource":"ml_buildings","version":"2025-02-25"}],"is_underground":false,"has_parts":false,"version":3}},
{"id":"54af8fa1-95c6-4fa2-a206-6a858756396f","type":"Feature","geometry":{"type":"Polygon","coordinates":[[[41.0773033,19.1308577],[41.0773022,19.1308477],[41.0773738,19.1308405],[41.0773803,19.1308982],[41.0772597,19.1309103],[41.0772544,19.1308626],[41.0773033,19.1308577]]]},"properties":{"sources":[{"property":"","dataset":"Microsoft ML Buildings","license":"ODbL-1.0","record_id":null,"update_time":"2018-09-01T00:00:00.000Z","confidence":null,"between":null,"provider":"microsoft","resource":"ml_buildings","version":"2025-02-25"}],"is_underground":false,"has_parts":false,"version":3}},
{"id":"b643263c-d73c-4fd8-a77e-ba9b2ddb1218","type":"Feature","geometry":{"type":"Polygon","coordinates":[[[41.077745,19.1310517],[41.077756,19.131152],[41.0774004,19.1311868],[41.0774017,19.1311984],[41.0773392,19.1312045],[41.0773242,19.1310676],[41.0774132,19.1310589],[41.0774,19.1309385],[41.0775513,19.1309237],[41.0775406,19.1308259],[41.0777157,19.1308088],[41.0777259,19.1309016],[41.0777577,19.1308985],[41.0777517,19.1308433],[41.0778393,19.1308347],[41.0778574,19.1310002],[41.0776663,19.1310189],[41.0776707,19.131059],[41.077745,19.1310517]]]},"properties":{"sources":[{"property":"","dataset":"Microsoft ML Buildings","license":"ODbL-1.0","record_id":null,"update_time":"2018-09-01T00:00:00.000Z","confidence":null,"between":null,"provider":"microsoft","resource":"ml_buildings","version":"2025-02-25"}],"is_underground":false,"has_parts":false,"version":3}},
{"id":"945f3c94-72d4-4d23-b29e-0f4ed456325e","type":"Feature","geometry":{"type":"Polygon","coordinates":[[[41.0772958,19.1309298],[41.0773861,19.1309213],[41.077399,19.1310443],[41.0773087,19.1310528],[41.0772958,19.1309298]]]},"properties":{"sources":[{"property":"","dataset":"Microsoft ML Buildings","license":"ODbL-1.0","record_id":null,"update_time":"2018-09-01T00:00:00.000Z","confidence":null,"between":null,"provider":"microsoft","resource":"ml_buildings","version":"2025-02-25"}],"is_underground":false,"has_parts":false,"version":3}},
{"id":"256c169e-f502-406a-a9eb-7713782dd147","type":"Feature","geometry":{"type":"Polygon","coordinates":[[[41.0765715,19.1310006],[41.0767511,19.1309963],[41.0767559,19.1311761],[41.0765763,19.1311804],[41.0765715,19.1310006]]]},"properties":{"sources":[{"property":"","dataset":"Microsoft ML Buildings","license":"ODbL-1.0","record_id":null,"update_time":"2018-09-01T00:00:00.000Z","confidence":null,"between":null,"provider":"microsoft","resource":"ml_buildings","version":"2025-02-25"}],"is_underground":false,"has_parts":false,"version":3}},
{"id":"3259eeba-a63e-4b5e-bf37-0c6aba943859","type":"Feature","geometry":{"type":"Polygon","coordinates":[[[41.0762041,19.1309287],[41.0762001,19.130791],[41.0764011,19.1307858],[41.0764051,19.1309235],[41.0762041,19.1309287]]]},"properties":{"sources":[{"property":"","dataset":"Microsoft ML Buildings","license":"ODbL-1.0","record_id":null,"update_time":"2018-09-01T00:00:00.000Z","confidence":null,"between":null,"provider":"microsoft","resource":"ml_buildings","version":"2025-02-25"}],"is_underground":false,"has_parts":false,"version":3}},
{"id":"dc7f9e49-cfac-4cda-9331-7f5921569086","type":"Feature","geometry":{"type":"Polygon","coordinates":[[[41.0761874,19.1311301],[41.0761794,19.1311303],[41.0761754,19.1309454],[41.076398,19.1309412],[41.0764052,19.1312831],[41.0761907,19.1312872],[41.0761874,19.1311301]]]},"properties":{"sources":[{"property":"","dataset":"Microsoft ML Buildings","license":"ODbL-1.0","record_id":null,"update_time":"2018-09-01T00:00:00.000Z","confidence":null,"between":null,"provider":"microsoft","resource":"ml_buildings","version":"2025-02-25"}],"is_underground":false,"has_parts":false,"version":3}},
{"id":"4233961c-50a2-40eb-90cc-853c6ace5d46","type":"Feature","geometry":{"type":"Polygon","coordinates":[[[41.0761891,19.1314786],[41.0761835,19.13131],[41.0764032,19.1313035],[41.0764049,19.1313557],[41.0763716,19.1313566],[41.0763727,19.1313896],[41.0764355,19.1313877],[41.0764367,19.1314231],[41.076359,19.1314254],[41.0763606,19.1314735],[41.0761891,19.1314786]]]},"properties":{"sources":[{"property":"","dataset":"Microsoft ML Buildings","license":"ODbL-1.0","record_id":null,"update_time":"2018-09-01T00:00:00.000Z","confidence":null,"between":null,"provider":"microsoft","resource":"ml_buildings","version":"2025-02-25"}],"is_underground":false,"has_parts":false,"version":3}},
{"id":"bbbb063c-d06f-4181-bcd3-fc15da98d4ab","type":"Feature","geometry":{"type":"Polygon","coordinates":[[[41.0759357,19.1313236],[41.0759311,19.1311564],[41.0760437,19.1311536],[41.0760483,19.1313208],[41.0759357,19.1313236]]]},"properties":{"sources":[{"property":"","dataset":"Microsoft ML Buildings","license":"ODbL-1.0","record_id":null,"update_time":"2018-09-01T00:00:00.000Z","confidence":null,"between":null,"provider":"microsoft","resource":"ml_buildings","version":"2025-02-25"}],"is_underground":false,"has_parts":false,"version":3}},
{"id":"8434d3e0-5867-408e-90c4-ccbda713e242","type":"Feature","geometry":{"type":"Polygon","coordinates":[[[41.0755702,19.1313237],[41.0755668,19.1311605],[41.0758522,19.1311552],[41.0758556,19.1313158],[41.0756533,19.1313196],[41.0756533,19.1313221],[41.0755702,19.1313237]]]},"properties":{"sources":[{"property":"","dataset":"Microsoft ML Buildings","license":"ODbL-1.0","record_id":null,"update_time":"2018-09-01T00:00:00.000Z","confidence":null,"between":null,"provider":"microsoft","resource":"ml_buildings","version":"2025-02-25"}],"is_underground":false,"has_parts":false,"version":3}},
{"id":"b25dedb2-0d93-4518-8143-0d88164ae2f1","type":"Feature","geometry":{"type":"Polygon","coordinates":[[[41.0756248,19.1310627],[41.0756276,19.1311387],[41.0755579,19.1311409],[41.0755518,19.1309739],[41.0756845,19.1309696],[41.0756879,19.1310607],[41.0756248,19.1310627]]]},"properties":{"sources":[{"property":"","dataset":"Microsoft ML Buildings","license":"ODbL-1.0","record_id":null,"update_time":"2018-09-01T00:00:00.000Z","confidence":null,"between":null,"provider":"microsoft","resource":"ml_buildings","version":"2025-02-25"}],"is_underground":false,"has_parts":false,"version":3}},
{"id":"5f64e2a3-87dc-4802-8136-01d8a7a7c4a7","type":"Feature","geometry":{"type":"Polygon","coordinates":[[[41.0756317,19.1311348],[41.0756345,19.1310791],[41.075696,19.1310818],[41.0756933,19.1311374],[41.0756317,19.1311348]]]},"properties":{"sources":[{"property":"","dataset":"Microsoft ML Buildings","license":"ODbL-1.0","record_id":null,"update_time":"2018-09-01T00:00:00.000Z","confidence":null,"between":null,"provider":"microsoft","resource":"ml_buildings","version":"2025-02-25"}],"is_underground":false,"has_parts":false,"version":3}},
{"id":"7c5b4a80-d137-4bcb-9f7a-ceef9f067dc7","type":"Feature","geometry":{"type":"Polygon","coordinates":[[[41.0758332,19.1309691],[41.0758353,19.1310603],[41.0756985,19.131063],[41.0756965,19.1309719],[41.0758332,19.1309691]]]},"properties":{"sources":[{"property":"","dataset":"Microsoft ML Buildings","license":"ODbL-1.0","record_id":null,"update_time":"2018-09-01T00:00:00.000Z","confidence":null,"between":null,"provider":"microsoft","resource":"ml_buildings","version":"2025-02-25"}],"is_underground":false,"has_parts":false,"version":3}},
{"id":"0c825001-21f8-4705-be9b-7162f163e9e7","type":"Feature","geometry":{"type":"Polygon","coordinates":[[[41.0759162,19.1308047],[41.0760287,19.1308017],[41.076031,19.1308751],[41.0759532,19.1308772],[41.0759545,19.1309202],[41.0759197,19.1309212],[41.0759162,19.1308047]]]},"properties":{"sources":[{"property":"","dataset":"Microsoft ML Buildings","license":"ODbL-1.0","record_id":null,"update_time":"2018-09-01T00:00:00.000Z","confidence":null,"between":null,"provider":"microsoft","resource":"ml_buildings","version":"2025-02-25"}],"is_underground":false,"has_parts":false,"version":3}},
{"id":"a1a65b71-1288-4e85-95b0-b20a168d4fa6","type":"Feature","geometry":{"type":"Polygon","coordinates":[[[41.0759349,19.1309652],[41.0760529,19.1309632],[41.0760547,19.1310569],[41.0761393,19.1310554],[41.0761407,19.1311289],[41.0759382,19.1311324],[41.0759349,19.1309652]]]},"properties":{"sources":[{"property":"","dataset":"Microsoft ML Buildings","license":"ODbL-1.0","record_id":null,"update_time":"2018-09-01T00:00:00.000Z","confidence":null,"between":null,"provider":"microsoft","resource":"ml_buildings","version":"2025-02-25"}],"is_underground":false,"has_parts":false,"version":3}},
{"id":"57b5cd56-12f5-45b2-9b61-45be2c6b7ba7","type":"Feature","geometry":{"type":"Polygon","coordinates":[[[41.0761505,19.1308846],[41.0761526,19.1309529],[41.0760682,19.1309552],[41.0760662,19.1308868],[41.0761505,19.1308846]]]},"properties":{"sources":[{"property":"","dataset":"Microsoft ML Buildings","license":"ODbL-1.0","record_id":null,"update_time":"2018-09-01T00:00:00.000Z","confidence":null,"between":null,"provider":"microsoft","resource":"ml_buildings","version":"2025-02-25"}],"is_underground":false,"has_parts":false,"version":3}},
{"id":"0fba396e-2b77-47e2-824d-2ad531ef930f","type":"Feature","geometry":{"type":"Polygon","coordinates":[[[41.0760975,19.130848],[41.0760588,19.1308465],[41.0760609,19.1307984],[41.0761184,19.1308007],[41.0761166,19.1308412],[41.0760978,19.1308404],[41.0760975,19.130848]]]},"properties":{"sources":[{"property":"","dataset":"Microsoft ML Buildings","license":"ODbL-1.0","record_id":null,"update_time":"2018-09-01T00:00:00.000Z","confidence":null,"between":null,"provider":"microsoft","resource":"ml_buildings","version":"2025-02-25"}],"is_underground":false,"has_parts":false,"version":3}},
{"id":"69f569da-b83d-4332-9517-86ef4ff7ea72","type":"Feature","geometry":{"type":"Polygon","coordinates":[[[41.0759012,19.130527],[41.0761196,19.13052],[41.0761225,19.130601],[41.0759041,19.130608],[41.0759012,19.130527]]]},"properties":{"sources":[{"property":"","dataset":"Microsoft ML Buildings","license":"ODbL-1.0","record_id":null,"update_time":"2018-09-01T00:00:00.000Z","confidence":null,"between":null,"provider":"microsoft","resource":"ml_buildings","version":"2025-02-25"}],"is_underground":false,"has_parts":false,"version":3}},
{"id":"af54696b-2ccc-42e8-b0ac-d35517bc0611","type":"Feature","geometry":{"type":"Polygon","coordinates":[[[41.0761547,19.1302255],[41.0761528,19.130043],[41.076244,19.1300422],[41.0762446,19.130103],[41.0762849,19.1301026],[41.0762862,19.1302242],[41.0761547,19.1302255]]]},"properties":{"sources":[{"property":"","dataset":"Microsoft ML Buildings","license":"ODbL-1.0","record_id":null,"update_time":"2018-09-01T00:00:00.000Z","confidence":null,"between":null,"provider":"microsoft","resource":"ml_buildings","version":"2025-02-25"}],"is_underground":false,"has_parts":false,"version":3}},
{"id":"5b0966f7-82ef-4fe2-ab0e-2b1357dad4ae","type":"Feature","geometry":{"type":"Polygon","coordinates":[[[41.0759338,19.1302301],[41.0759328,19.1298413],[41.076142,19.1298409],[41.076143,19.1302296],[41.0759338,19.1302301]]]},"properties":{"sources":[{"property":"","dataset":"Microsoft ML Buildings","license":"ODbL-1.0","record_id":null,"update_time":"2018-09-01T00:00:00.000Z","confidence":null,"between":null,"provider":"microsoft","resource":"ml_buildings","version":"2025-02-25"}],"is_underground":false,"has_parts":false,"version":3}},
{"id":"ea6a6985-c9ed-406b-bc8b-da36ecabc089","type":"Feature","geometry":{"type":"Polygon","coordinates":[[[41.0761303,19.1302628],[41.0761312,19.1304224],[41.0758952,19.1304236],[41.0758947,19.1303273],[41.0761092,19.1303263],[41.0761089,19.1302629],[41.0761303,19.1302628]]]},"properties":{"sources":[{"property":"","dataset":"Microsoft ML Buildings","license":"ODbL-1.0","record_id":null,"update_time":"2018-09-01T00:00:00.000Z","confidence":null,"between":null,"provider":"microsoft","resource":"ml_buildings","version":"2025-02-25"}],"is_underground":false,"has_parts":false,"version":3}},
{"id":"8a54d533-581c-47f2-a4b4-c6783d60f847","type":"Feature","geometry":{"type":"Polygon","coordinates":[[[41.0755254,19.1302197],[41.0755323,19.1303994],[41.0752537,19.1304089],[41.0752474,19.1302444],[41.0752876,19.130243],[41.0752725,19.1298482],[41.0753931,19.1298441],[41.075395,19.1298947],[41.0755075,19.1298908],[41.0755134,19.1300452],[41.0757974,19.1300355],[41.0758045,19.1302228],[41.0756197,19.1302291],[41.0756192,19.1302165],[41.0755254,19.1302197]]]},"properties":{"sources":[{"property":"","dataset":"Microsoft ML Buildings","license":"ODbL-1.0","record_id":null,"update_time":"2018-09-01T00:00:00.000Z","confidence":null,"between":null,"provider":"microsoft","resource":"ml_buildings","version":"2025-02-25"}],"is_underground":false,"has_parts":false,"version":3}},
{"id":"fd813814-78d0-4424-8a48-e0e721b1189d","type":"Feature","geometry":{"type":"Polygon","coordinates":[[[41.0752759,19.1304537],[41.0757936,19.1304547],[41.0757933,19.1305915],[41.0752756,19.1305905],[41.0752759,19.1304537]]]},"properties":{"sources":[{"property":"","dataset":"Microsoft ML Buildings","license":"ODbL-1.0","record_id":null,"update_time":"2018-09-01T00:00:00.000Z","confidence":null,"between":null,"provider":"microsoft","resource":"ml_buildings","version":"2025-02-25"}],"is_underground":false,"has_parts":false,"version":3}},
{"id":"0df19793-c25f-4b01-a9ce-2724e54d23af","type":"Feature","geometry":{"type":"Polygon","coordinates":[[[41.0758324,19.1306043],[41.0758368,19.1307562],[41.0757109,19.1307595],[41.0757065,19.1306075],[41.0758324,19.1306043]]]},"properties":{"sources":[{"property":"","dataset":"Microsoft ML Buildings","license":"ODbL-1.0","record_id":null,"update_time":"2018-09-01T00:00:00.000Z","confidence":null,"between":null,"provider":"microsoft","resource":"ml_buildings","version":"2025-02-25"}],"is_underground":false,"has_parts":false,"version":3}},
{"id":"6c747450-82f0-421c-ae66-a0916e026974","type":"Feature","geometry":{"type":"Polygon","coordinates":[[[41.0754669,19.1306148],[41.075542,19.1306138],[41.0755427,19.1306569],[41.0754676,19.1306578],[41.0754669,19.1306148]]]},"properties":{"sources":[{"property":"","dataset":"Microsoft ML Buildings","license":"ODbL-1.0","record_id":null,"update_time":"2018-09-01T00:00:00.000Z","confidence":null,"between":null,"provider":"microsoft","resource":"ml_buildings","version":"2025-02-25"}],"is_underground":false,"has_parts":false,"version":3}},
{"id":"2e865655-7fd2-4ea1-9c21-c59c23505812","type":"Feature","geometry":{"type":"Polygon","coordinates":[[[41.0752498,19.1306413],[41.0753183,19.1306424],[41.075316,19.1307828],[41.0752475,19.1307818],[41.0752498,19.1306413]]]},"properties":{"sources":[{"property":"","dataset":"Microsoft ML Buildings","license":"ODbL-1.0","record_id":null,"update_time":"2018-09-01T00:00:00.000Z","confidence":null,"between":null,"provider":"microsoft","resource":"ml_buildings","version":"2025-02-25"}],"is_underground":false,"has_parts":false,"version":3}},
{"id":"51ab76c8-b2f0-4c73-a40f-441af4c5bfe7","type":"Feature","geometry":{"type":"Polygon","coordinates":[[[41.0755334,19.1309626],[41.0755343,19.1311349],[41.0752888,19.1311361],[41.0752878,19.1309663],[41.07532,19.1309662],[41.075319,19.13077],[41.075366,19.1307697],[41.0753658,19.1307328],[41.0754409,19.1307324],[41.0754411,19.1307755],[41.0755565,19.130775],[41.0755573,19.1309194],[41.075478,19.1309198],[41.0754783,19.1309629],[41.0755334,19.1309626]]]},"properties":{"sources":[{"property":"","dataset":"Microsoft ML Buildings","license":"ODbL-1.0","record_id":null,"update_time":"2018-09-01T00:00:00.000Z","confidence":null,"between":null,"provider":"microsoft","resource":"ml_buildings","version":"2025-02-25"}],"is_underground":false,"has_parts":false,"version":3}},
{"id":"5c9d5cf6-8184-40d1-9129-83bedf8cebc9","type":"Feature","geometry":{"type":"Polygon","coordinates":[[[41.0754003,19.1311601],[41.0755553,19.1311517],[41.0755763,19.1314977],[41.075611,19.1314959],[41.0756136,19.1315388],[41.0757125,19.1315335],[41.0757165,19.1315991],[41.0756122,19.1316048],[41.0756162,19.1316704],[41.0753809,19.1316831],[41.0753699,19.1315013],[41.0753459,19.1315026],[41.0753358,19.1313359],[41.075269,19.1313395],[41.075259,19.1311753],[41.0754007,19.1311676],[41.0754003,19.1311601]]]},"properties":{"sources":[{"property":"","dataset":"Microsoft ML Buildings","license":"ODbL-1.0","record_id":null,"update_time":"2018-09-01T00:00:00.000Z","confidence":null,"between":null,"provider":"microsoft","resource":"ml_buildings","version":"2025-02-25"}],"is_underground":false,"has_parts":false,"version":3}},
{"id":"9bbdc458-82e1-435a-954c-d6ad0aadcce7","type":"Feature","geometry":{"type":"Polygon","coordinates":[[[41.0758617,19.131501],[41.0758638,19.1315947],[41.0757312,19.1315973],[41.0757291,19.1315036],[41.0758617,19.131501]]]},"properties":{"sources":[{"property":"","dataset":"Microsoft ML Buildings","license":"ODbL-1.0","record_id":null,"update_time":"2018-09-01T00:00:00.000Z","confidence":null,"between":null,"provider":"microsoft","resource":"ml_buildings","version":"2025-02-25"}],"is_underground":false,"has_parts":false,"version":3}},
{"id":"229551f8-880d-488b-8909-cb7576bf3c7a","type":"Feature","geometry":{"type":"Polygon","coordinates":[[[41.0755788,19.1313425],[41.0757262,19.1313392],[41.0757282,19.1314167],[41.0758166,19.1314147],[41.0758183,19.1314806],[41.0755824,19.1314858],[41.0755788,19.1313425]]]},"properties":{"sources":[{"property":"","dataset":"Microsoft ML Buildings","license":"ODbL-1.0","record_id":null,"update_time":"2018-09-01T00:00:00.000Z","confidence":null,"between":null,"provider":"microsoft","resource":"ml_buildings","version":"2025-02-25"}],"is_underground":false,"has_parts":false,"version":3}},
{"id":"54022766-5c25-4985-93f0-93ec15842304","type":"Feature","geometry":{"type":"Polygon","coordinates":[[[41.0759719,19.1316856],[41.0759714,19.1315184],[41.0761726,19.1315179],[41.0761736,19.1318549],[41.0759912,19.1318554],[41.0759907,19.1316856],[41.0759719,19.1316856]]]},"properties":{"sources":[{"property":"","dataset":"Microsoft ML Buildings","license":"ODbL-1.0","record_id":null,"update_time":"2018-09-01T00:00:00.000Z","confidence":null,"between":null,"provider":"microsoft","resource":"ml_buildings","version":"2025-02-25"}],"is_underground":false,"has_parts":false,"version":3}},
{"id":"152da1fe-d34c-480b-903e-28a1f818243d","type":"Feature","geometry":{"type":"Polygon","coordinates":[[[41.0756438,19.1318575],[41.075648,19.1316792],[41.0756089,19.1316784],[41.0756104,19.1316161],[41.0756977,19.1316179],[41.0756974,19.1316306],[41.0758594,19.1316339],[41.0758541,19.1318619],[41.0756438,19.1318575]]]},"properties":{"sources":[{"property":"","dataset":"Microsoft ML Buildings","license":"ODbL-1.0","record_id":null,"update_time":"2018-09-01T00:00:00.000Z","confidence":null,"between":null,"provider":"microsoft","resource":"ml_buildings","version":"2025-02-25"}],"is_underground":false,"has_parts":false,"version":3}},
{"id":"8458a002-6c6a-4d6d-bbb0-cbee456149ef","type":"Feature","geometry":{"type":"Polygon","coordinates":[[[41.0759937,19.1320528],[41.0762069,19.1320467],[41.076212,19.1322062],[41.0759988,19.1322123],[41.0759937,19.1320528]]]},"properties":{"sources":[{"property":"","dataset":"Microsoft ML Buildings","license":"ODbL-1.0","record_id":null,"update_time":"2018-09-01T00:00:00.000Z","confidence":null,"between":null,"provider":"microsoft","resource":"ml_buildings","version":"2025-02-25"}],"is_underground":false,"has_parts":false,"version":3}},
{"id":"f4b88c13-ece2-4eef-b5d1-551e8f27b522","type":"Feature","geometry":{"type":"Polygon","coordinates":[[[41.0750871,19.1320899],[41.0751678,19.132068],[41.0753003,19.1325033],[41.0751552,19.1325427],[41.0750102,19.1320662],[41.0750746,19.1320488],[41.0750871,19.1320899]]]},"properties":{"sources":[{"property":"","dataset":"Microsoft ML Buildings","license":"ODbL-1.0","record_id":null,"update_time":"2018-09-01T00:00:00.000Z","confidence":null,"between":null,"provider":"microsoft","resource":"ml_buildings","version":"2025-02-25"}],"is_underground":false,"has_parts":false,"version":3}},
{"id":"a8aac4d8-74b5-41d9-a900-639842db24bd","type":"Feature","geometry":{"type":"Polygon","coordinates":[[[41.0745495,19.1327329],[41.0750321,19.1327239],[41.075035,19.1328581],[41.0745523,19.1328672],[41.0745495,19.1327329]]]},"properties":{"sources":[{"property":"","dataset":"Microsoft ML Buildings","license":"ODbL-1.0","record_id":null,"update_time":"2018-09-01T00:00:00.000Z","confidence":null,"between":null,"provider":"microsoft","resource":"ml_buildings","version":"2025-02-25"}],"is_underground":false,"has_parts":false,"version":3}},
{"id":"0f46df9f-1bef-4b66-8056-764b6f8a7477","type":"Feature","geometry":{"type":"Polygon","coordinates":[[[41.0768484,19.1332206],[41.0769379,19.1332738],[41.0769053,19.1333836],[41.0768867,19.1334116],[41.0769251,19.1334344],[41.0769036,19.1334667],[41.0768644,19.1335985],[41.0767421,19.133566],[41.076722,19.1335962],[41.076651,19.1335773],[41.0766231,19.1335608],[41.0765648,19.1335453],[41.0765686,19.1335324],[41.0767561,19.1332505],[41.0768177,19.1332668],[41.0768484,19.1332206]]]},"properties":{"sources":[{"property":"","dataset":"Microsoft ML Buildings","license":"ODbL-1.0","record_id":null,"update_time":"2018-09-01T00:00:00.000Z","confidence":null,"between":null,"provider":"microsoft","resource":"ml_buildings","version":"2025-02-25"}],"is_underground":false,"has_parts":false,"version":3}},
{"id":"62230a92-1d29-4d0c-8054-34a476ea16f9","type":"Feature","geometry":{"type":"Polygon","coordinates":[[[41.0772226,19.1338701],[41.0770189,19.1338752],[41.0770144,19.1337157],[41.0772181,19.1337106],[41.0772226,19.1338701]]]},"properties":{"sources":[{"property":"","dataset":"Microsoft ML Buildings","license":"ODbL-1.0","record_id":null,"update_time":"2018-09-01T00:00:00.000Z","confidence":null,"between":null,"provider":"microsoft","resource":"ml_buildings","version":"2025-02-25"}],"is_underground":false,"has_parts":false,"version":3}},
{"id":"56fa2549-7bb2-4f94-b6f0-0db1064294a1","type":"Feature","geometry":{"type":"Polygon","coordinates":[[[41.0772525,19.1338783],[41.0772508,19.1338252],[41.0775054,19.133818],[41.0775071,19.1338712],[41.0772525,19.1338783]]]},"properties":{"sources":[{"property":"","dataset":"Microsoft ML Buildings","license":"ODbL-1.0","record_id":null,"update_time":"2018-09-01T00:00:00.000Z","confidence":null,"between":null,"provider":"microsoft","resource":"ml_buildings","version":"2025-02-25"}],"is_underground":false,"has_parts":false,"version":3}},
{"id":"f21981d4-f74c-42a0-ab13-3026ed7c8001","type":"Feature","geometry":{"type":"Polygon","coordinates":[[[41.0775194,19.1336873],[41.0775784,19.1336863],[41.0775817,19.1338671],[41.0775227,19.1338681],[41.0775194,19.1336873]]]},"properties":{"sources":[{"property":"","dataset":"Microsoft ML Buildings","license":"ODbL-1.0","record_id":null,"update_time":"2018-09-01T00:00:00.000Z","confidence":null,"between":null,"provider":"microsoft","resource":"ml_buildings","version":"2025-02-25"}],"is_underground":false,"has_parts":false,"version":3}},
{"id":"5e655f41-2a73-45e7-9a3b-748e4b870141","type":"Feature","geometry":{"type":"Polygon","coordinates":[[[41.0773206,19.1328959],[41.077243,19.1328925],[41.077246,19.1328318],[41.0773236,19.1328352],[41.0773206,19.1328959]]]},"properties":{"sources":[{"property":"","dataset":"Microsoft ML Buildings","license":"ODbL-1.0","record_id":null,"update_time":"2018-09-01T00:00:00.000Z","confidence":null,"between":null,"provider":"microsoft","resource":"ml_buildings","version":"2025-02-25"}],"is_underground":false,"has_parts":false,"version":3}},
{"id":"2a5ee5e4-3e5a-4704-a7f9-a794aff83602","type":"Feature","geometry":{"type":"Polygon","coordinates":[[[41.0777622,19.1327204],[41.0777578,19.1328571],[41.0775059,19.1328499],[41.0775103,19.1327132],[41.0777622,19.1327204]]]},"properties":{"sources":[{"property":"","dataset":"Microsoft ML Buildings","license":"ODbL-1.0","record_id":null,"update_time":"2018-09-01T00:00:00.000Z","confidence":null,"between":null,"provider":"microsoft","resource":"ml_buildings","version":"2025-02-25"}],"is_underground":false,"has_parts":false,"version":3}},
{"id":"7a632f0a-945e-4604-9cef-71396c8f9b18","type":"Feature","geometry":{"type":"Polygon","coordinates":[[[41.0774025,19.1325942],[41.0775119,19.1326088],[41.0774833,19.1328001],[41.0772598,19.1327703],[41.0772874,19.1325855],[41.0774016,19.1326008],[41.0774025,19.1325942]]]},"properties":{"sources":[{"property":"","dataset":"Microsoft ML Buildings","license":"ODbL-1.0","record_id":null,"update_time":"2018-09-01T00:00:00.000Z","confidence":null,"between":null,"provider":"microsoft","resource":"ml_buildings","version":"2025-02-25"}],"is_underground":false,"has_parts":false,"version":3}},
{"id":"01a6ddbf-d591-474c-8768-3457cb690c51","type":"Feature","geometry":{"type":"Polygon","coordinates":[[[41.0772833,19.1324034],[41.0775278,19.1324166],[41.0775191,19.132559],[41.0772747,19.1325458],[41.0772833,19.1324034]]]},"properties":{"sources":[{"property":"","dataset":"Microsoft ML Buildings","license":"ODbL-1.0","record_id":null,"update_time":"2018-09-01T00:00:00.000Z","confidence":null,"between":null,"provider":"microsoft","resource":"ml_buildings","version":"2025-02-25"}],"is_underground":false,"has_parts":false,"version":3}},
{"id":"1fe9c617-11e8-44b2-ae1a-8e77939aaafe","type":"Feature","geometry":{"type":"Polygon","coordinates":[[[41.0774815,19.1323997],[41.0775014,19.1322629],[41.0775461,19.1322687],[41.0775262,19.1324055],[41.0774815,19.1323997]]]},"properties":{"sources":[{"property":"","dataset":"Microsoft ML Buildings","license":"ODbL-1.0","record_id":null,"update_time":"2018-09-01T00:00:00.000Z","confidence":null,"between":null,"provider":"microsoft","resource":"ml_buildings","version":"2025-02-25"}],"is_underground":false,"has_parts":false,"version":3}},
{"id":"153af8b2-e485-4e14-b681-2b76e93b569a","type":"Feature","geometry":{"type":"Polygon","coordinates":[[[41.0773372,19.1321993],[41.0773284,19.1323839],[41.0772721,19.1323815],[41.0772735,19.1323536],[41.0772494,19.1323526],[41.0772569,19.1321958],[41.0773372,19.1321993]]]},"properties":{"sources":[{"property":"","dataset":"Microsoft ML Buildings","license":"ODbL-1.0","record_id":null,"update_time":"2018-09-01T00:00:00.000Z","confidence":null,"between":null,"provider":"microsoft","resource":"ml_buildings","version":"2025-02-25"}],"is_underground":false,"has_parts":false,"version":3}},
{"id":"0d5269ef-22ac-445c-8ae3-9c2808aad808","type":"Feature","geometry":{"type":"Polygon","coordinates":[[[41.0771871,19.1321657],[41.0772631,19.1321859],[41.0772495,19.1322314],[41.0771736,19.1322112],[41.0771871,19.1321657]]]},"properties":{"sources":[{"property":"","dataset":"Microsoft ML Buildings","license":"ODbL-1.0","record_id":null,"update_time":"2018-09-01T00:00:00.000Z","confidence":null,"between":null,"provider":"microsoft","resource":"ml_buildings","version":"2025-02-25"}],"is_underground":false,"has_parts":false,"version":3}},
{"id":"b9fbc342-c820-49d3-981c-9abf338c2fd2","type":"Feature","geometry":{"type":"Polygon","coordinates":[[[41.0770951,19.1321947],[41.0770216,19.1321844],[41.0770292,19.1321363],[41.0771026,19.1321467],[41.0770951,19.1321947]]]},"properties":{"sources":[{"property":"","dataset":"Microsoft ML Buildings","license":"ODbL-1.0","record_id":null,"update_time":"2018-09-01T00:00:00.000Z","confidence":null,"between":null,"provider":"microsoft","resource":"ml_buildings","version":"2025-02-25"}],"is_underground":false,"has_parts":false,"version":3}},
{"id":"79055699-9b4b-4c0d-a21e-001fb37f51ec","type":"Feature","geometry":{"type":"Polygon","coordinates":[[[41.0770007,19.1324936],[41.0770095,19.1323522],[41.0772474,19.1323654],[41.0772386,19.1325068],[41.0770007,19.1324936]]]},"properties":{"sources":[{"property":"","dataset":"Microsoft ML Buildings","license":"ODbL-1.0","record_id":null,"update_time":"2018-09-01T00:00:00.000Z","confidence":null,"between":null,"provider":"microsoft","resource":"ml_buildings","version":"2025-02-25"}],"is_underground":false,"has_parts":false,"version":3}},
{"id":"f95977af-9175-4338-80e1-3e08daf50579","type":"Feature","geometry":{"type":"Polygon","coordinates":[[[41.0763432,19.1321229],[41.0763432,19.1321751],[41.0764076,19.1321751],[41.0764076,19.1322106],[41.0762386,19.1322106],[41.0762386,19.1320864],[41.0763352,19.1320864],[41.0763352,19.1320712],[41.0763915,19.1320712],[41.0763915,19.1321229],[41.0763432,19.1321229]]]},"properties":{"sources":[{"property":"","dataset":"Microsoft ML Buildings","license":"ODbL-1.0","record_id":null,"update_time":"2018-09-01T00:00:00.000Z","confidence":null,"between":null,"provider":"microsoft","resource":"ml_buildings","version":"2025-02-25"}],"is_underground":false,"has_parts":false,"version":3}},
{"id":"f0d2b649-bf98-4ad1-a900-480e72908900","type":"Feature","geometry":{"type":"Polygon","coordinates":[[[41.076824,19.1320604],[41.0768207,19.1321058],[41.0770129,19.1321183],[41.0770037,19.1322444],[41.0765995,19.1322181],[41.076612,19.1320466],[41.076824,19.1320604]]]},"properties":{"sources":[{"property":"","dataset":"Microsoft ML Buildings","license":"ODbL-1.0","record_id":null,"update_time":"2018-09-01T00:00:00.000Z","confidence":null,"between":null,"provider":"microsoft","resource":"ml_buildings","version":"2025-02-25"}],"is_underground":false,"has_parts":false,"version":3}},
{"id":"701ad297-414f-481c-8d46-c2b8abbd547e","type":"Feature","geometry":{"type":"Polygon","coordinates":[[[41.0762101,19.1320305],[41.076204,19.1318685],[41.076421,19.1318612],[41.0764271,19.1320232],[41.0762101,19.1320305]]]},"properties":{"sources":[{"property":"","dataset":"Microsoft ML Buildings","license":"ODbL-1.0","record_id":null,"update_time":"2018-09-01T00:00:00.000Z","confidence":null,"between":null,"provider":"microsoft","resource":"ml_buildings","version":"2025-02-25"}],"is_underground":false,"has_parts":false,"version":3}},
{"id":"ad6b98d9-86cd-47a5-8f26-dde98a0cf57f","type":"Feature","geometry":{"type":"Polygon","coordinates":[[[41.0762057,19.1316634],[41.0764015,19.1316602],[41.0764034,19.1317641],[41.0764087,19.131764],[41.0764101,19.131839],[41.076209,19.1318423],[41.0762057,19.1316634]]]},"properties":{"sources":[{"property":"","dataset":"Microsoft ML Buildings","license":"ODbL-1.0","record_id":null,"update_time":"2018-09-01T00:00:00.000Z","confidence":null,"between":null,"provider":"microsoft","resource":"ml_buildings","version":"2025-02-25"}],"is_underground":false,"has_parts":false,"version":3}},
{"id":"ff98bfd1-17e5-4e5f-8226-ab512397da6f","type":"Feature","geometry":{"type":"Polygon","coordinates":[[[41.0761904,19.1315731],[41.0761888,19.1315088],[41.0763416,19.1315054],[41.0763432,19.1315697],[41.0761904,19.1315731]]]},"properties":{"sources":[{"property":"","dataset":"Microsoft ML Buildings","license":"ODbL-1.0","record_id":null,"update_time":"2018-09-01T00:00:00.000Z","confidence":null,"between":null,"provider":"microsoft","resource":"ml_buildings","version":"2025-02-25"}],"is_underground":false,"has_parts":false,"version":3}},
{"id":"1e90bf2c-edad-4c68-8f8e-e15bf3df328d","type":"Feature","geometry":{"type":"Polygon","coordinates":[[[41.0765483,19.131581],[41.0765404,19.1313547],[41.0766797,19.1313504],[41.0766797,19.1313489],[41.0767868,19.1313455],[41.0767882,19.1313851],[41.0766918,19.1313881],[41.0767005,19.1316387],[41.0767261,19.1316379],[41.0767287,19.1317138],[41.076687,19.1317151],[41.0766894,19.1317835],[41.0766492,19.1317847],[41.076642,19.1315781],[41.0765483,19.131581]]]},"properties":{"sources":[{"property":"","dataset":"Microsoft ML Buildings","license":"ODbL-1.0","record_id":null,"update_time":"2018-09-01T00:00:00.000Z","confidence":null,"between":null,"provider":"microsoft","resource":"ml_buildings","version":"2025-02-25"}],"is_underground":false,"has_parts":false,"version":3}},
{"id":"aee2db13-8330-42a4-83f6-b6f0b9233f03","type":"Feature","geometry":{"type":"Polygon","coordinates":[[[41.0771798,19.1315057],[41.077311,19.1315015],[41.077316,19.1316407],[41.0771847,19.1316449],[41.0771798,19.1315057]]]},"properties":{"sources":[{"property":"","dataset":"Microsoft ML Buildings","license":"ODbL-1.0","record_id":null,"update_time":"2018-09-01T00:00:00.000Z","confidence":null,"between":null,"provider":"microsoft","resource":"ml_buildings","version":"2025-02-25"}],"is_underground":false,"has_parts":false,"version":3}},
{"id":"810e1b15-1666-4b57-a796-81ab2bee6a46","type":"Feature","geometry":{"type":"Polygon","coordinates":[[[41.0770514,19.1316663],[41.0770418,19.131612],[41.0770888,19.1316046],[41.0770984,19.1316589],[41.0770514,19.1316663]]]},"properties":{"sources":[{"property":"","dataset":"Microsoft ML Buildings","license":"ODbL-1.0","record_id":null,"update_time":"2018-09-01T00:00:00.000Z","confidence":null,"between":null,"provider":"microsoft","resource":"ml_buildings","version":"2025-02-25"}],"is_underground":false,"has_parts":false,"version":3}},
{"id":"85d47f4b-67f3-490d-95da-8354a1959279","type":"Feature","geometry":{"type":"Polygon","coordinates":[[[41.0774111,19.131756],[41.0774171,19.1317922],[41.0773045,19.1318088],[41.0772985,19.1317726],[41.0774111,19.131756]]]},"properties":{"sources":[{"property":"","dataset":"Microsoft ML Buildings","license":"ODbL-1.0","record_id":null,"update_time":"2018-09-01T00:00:00.000Z","confidence":null,"between":null,"provider":"microsoft","resource":"ml_buildings","version":"2025-02-25"}],"is_underground":false,"has_parts":false,"version":3}},
{"id":"027372af-d05e-4447-98d5-5555320bfa64","type":"Feature","geometry":{"type":"Polygon","coordinates":[[[41.0773566,19.132051],[41.0773658,19.1320071],[41.0774215,19.1320176],[41.0774123,19.1320615],[41.0773566,19.132051]]]},"properties":{"sources":[{"property":"","dataset":"Microsoft ML Buildings","license":"ODbL-1.0","record_id":null,"update_time":"2018-09-01T00:00:00.000Z","confidence":null,"between":null,"provider":"microsoft","resource":"ml_buildings","version":"2025-02-25"}],"is_underground":false,"has_parts":false,"version":3}},
{"id":"93854de1-535c-4c3b-b16d-ae88c2c2cc84","type":"Feature","geometry":{"type":"Polygon","coordinates":[[[41.0775566,19.1318859],[41.0775746,19.131987],[41.0775381,19.1319928],[41.0775201,19.1318917],[41.0775566,19.1318859]]]},"properties":{"sources":[{"property":"","dataset":"Microsoft ML Buildings","license":"ODbL-1.0","record_id":null,"update_time":"2018-09-01T00:00:00.000Z","confidence":null,"between":null,"provider":"microsoft","resource":"ml_buildings","version":"2025-02-25"}],"is_underground":false,"has_parts":false,"version":3}},
{"id":"a6708dfe-7ce5-402f-9fa1-f8f7a4c83318","type":"Feature","geometry":{"type":"Polygon","coordinates":[[[41.077419,19.1320628],[41.0774279,19.1320241],[41.0775406,19.1320471],[41.0775317,19.1320859],[41.077419,19.1320628]]]},"properties":{"sources":[{"property":"","dataset":"Microsoft ML Buildings","license":"ODbL-1.0","record_id":null,"update_time":"2018-09-01T00:00:00.000Z","confidence":null,"between":null,"provider":"microsoft","resource":"ml_buildings","version":"2025-02-25"}],"is_underground":false,"has_parts":false,"version":3}},
{"id":"6c9395e8-888b-4e8d-a9d6-ff40f92ce328","type":"Feature","geometry":{"type":"Polygon","coordinates":[[[41.0773573,19.1315737],[41.0774929,19.1315614],[41.0774982,19.1316141],[41.0773627,19.1316264],[41.0773573,19.1315737]]]},"properties":{"sources":[{"property":"","dataset":"Microsoft ML Buildings","license":"ODbL-1.0","record_id":null,"update_time":"2018-09-01T00:00:00.000Z","confidence":null,"between":null,"provider":"microsoft","resource":"ml_buildings","version":"2025-02-25"}],"is_underground":false,"has_parts":false,"version":3}},
{"id":"edd3dd41-a2c7-48a1-9586-e3606743c570","type":"Feature","geometry":{"type":"Polygon","coordinates":[[[41.0778799,19.1321275],[41.0777195,19.1321364],[41.0777037,19.1318813],[41.0778305,19.1318743],[41.0778317,19.1318945],[41.0778947,19.131891],[41.0778952,19.1318986],[41.0778937,19.1318987],[41.0778985,19.1319769],[41.0779214,19.1319757],[41.0779192,19.1319403],[41.0779433,19.131939],[41.0779568,19.1321562],[41.077882,19.1321603],[41.0778799,19.1321275]]]},"properties":{"sources":[{"property":"","dataset":"Microsoft ML Buildings","license":"ODbL-1.0","record_id":null,"update_time":"2018-09-01T00:00:00.000Z","confidence":null,"between":null,"provider":"microsoft","resource":"ml_buildings","version":"2025-02-25"}],"is_underground":false,"has_parts":false,"version":3}},
{"id":"d73689d3-2bb3-4e1d-bb90-84d00479f821","type":"Feature","geometry":{"type":"Polygon","coordinates":[[[41.0780933,19.1319234],[41.0780874,19.1318173],[41.0782024,19.1318115],[41.0782083,19.1319176],[41.0780933,19.1319234]]]},"properties":{"sources":[{"property":"","dataset":"Microsoft ML Buildings","license":"ODbL-1.0","record_id":null,"update_time":"2018-09-01T00:00:00.000Z","confidence":null,"between":null,"provider":"microsoft","resource":"ml_buildings","version":"2025-02-25"}],"is_underground":false,"has_parts":false,"version":3}},
{"id":"e0ab3891-e9d5-4dfc-b768-5b6c26be0b4a","type":"Feature","geometry":{"type":"Polygon","coordinates":[[[41.0782153,19.1319956],[41.0783643,19.1319931],[41.078366,19.1320868],[41.078329600000004,19.1320874],[41.0783318,19.1322049],[41.0780985,19.1322088],[41.0780933,19.1319301],[41.0781792,19.1319287],[41.07818,19.1319759],[41.0782149,19.1319753],[41.0782153,19.1319956]]]},"properties":{"sources":[{"property":"","dataset":"Microsoft ML Buildings","license":"ODbL-1.0","record_id":null,"update_time":"2018-09-01T00:00:00.000Z","confidence":null,"between":null,"provider":"microsoft","resource":"ml_buildings","version":"2025-02-25"}],"is_underground":false,"has_parts":false,"version":3}},
{"id":"7d925170-71cb-4ac0-8ec6-58b88715334f","type":"Feature","geometry":{"type":"Polygon","coordinates":[[[41.0783504,19.1317716],[41.0783566,19.1318955],[41.0782228,19.1319015],[41.0782166,19.1317776],[41.0783504,19.1317716]]]},"properties":{"sources":[{"property":"","dataset":"Microsoft ML Buildings","license":"ODbL-1.0","record_id":null,"update_time":"2018-09-01T00:00:00.000Z","confidence":null,"between":null,"provider":"microsoft","resource":"ml_buildings","version":"2025-02-25"}],"is_underground":false,"has_parts":false,"version":3}},
{"id":"05badf66-c727-4c2a-84d6-83d758f8175e","type":"Feature","geometry":{"type":"Polygon","coordinates":[[[41.078075,19.1315548],[41.0781144,19.1315495],[41.0781277,19.1316373],[41.0779911,19.1316558],[41.0779595,19.1314472],[41.0780567,19.131434],[41.078075,19.1315548]]]},"properties":{"sources":[{"property":"","dataset":"Microsoft ML Buildings","license":"ODbL-1.0","record_id":null,"update_time":"2018-09-01T00:00:00.000Z","confidence":null,"between":null,"provider":"microsoft","resource":"ml_buildings","version":"2025-02-25"}],"is_underground":false,"has_parts":false,"version":3}},
{"id":"f618b230-bc01-434a-b08a-c57b922f250a","type":"Feature","geometry":{"type":"Polygon","coordinates":[[[41.0781122,19.1314718],[41.0780737,19.1314761],[41.0780678,19.1314286],[41.0781062,19.1314243],[41.0781122,19.1314718]]]},"properties":{"sources":[{"property":"","dataset":"Microsoft ML Buildings","license":"ODbL-1.0","record_id":null,"update_time":"2018-09-01T00:00:00.000Z","confidence":null,"between":null,"provider":"microsoft","resource":"ml_buildings","version":"2025-02-25"}],"is_underground":false,"has_parts":false,"version":3}},
{"id":"98b22eb1-4159-4104-af00-b3bc89a16ec0","type":"Feature","geometry":{"type":"Polygon","coordinates":[[[41.0781779,19.1314593],[41.0781827,19.1314847],[41.0781281,19.1314939],[41.0781233,19.1314685],[41.0781779,19.1314593]]]},"properties":{"sources":[{"property":"","dataset":"Microsoft ML Buildings","license":"ODbL-1.0","record_id":null,"update_time":"2018-09-01T00:00:00.000Z","confidence":null,"between":null,"provider":"microsoft","resource":"ml_buildings","version":"2025-02-25"}],"is_underground":false,"has_parts":false,"version":3}},
{"id":"e2aba80f-c392-4189-9c77-6b50f57f0d97","type":"Feature","geometry":{"type":"Polygon","coordinates":[[[41.078543,19.1314692],[41.078355,19.1314569],[41.0783607,19.1313787],[41.0785007,19.1313878],[41.0784992,19.131408],[41.0785473,19.1314112],[41.078543,19.1314692]]]},"properties":{"sources":[{"property":"","dataset":"Microsoft ML Buildings","license":"ODbL-1.0","record_id":null,"update_time":"2018-09-01T00:00:00.000Z","confidence":null,"between":null,"provider":"microsoft","resource":"ml_buildings","version":"2025-02-25"}],"is_underground":false,"has_parts":false,"version":3}},
{"id":"39084bfa-5d1d-46c3-8d8e-d522806730e1","type":"Feature","geometry":{"type":"Polygon","coordinates":[[[41.0783275,19.1316303],[41.0783323,19.1315342],[41.0784887,19.1315411],[41.078486,19.1315958],[41.078458,19.1315946],[41.078456,19.1316359],[41.0783275,19.1316303]]]},"properties":{"sources":[{"property":"","dataset":"Microsoft ML Buildings","license":"ODbL-1.0","record_id":null,"update_time":"2018-09-01T00:00:00.000Z","confidence":null,"between":null,"provider":"microsoft","resource":"ml_buildings","version":"2025-02-25"}],"is_underground":false,"has_parts":false,"version":3}},
{"id":"280825e3-9633-4444-bd12-e5d52ee977bb","type":"Feature","geometry":{"type":"Polygon","coordinates":[[[41.0785672,19.1315196],[41.078692,19.1315177],[41.0786935,19.1316073],[41.0785687,19.1316092],[41.0785672,19.1315196]]]},"properties":{"sources":[{"property":"","dataset":"Microsoft ML Buildings","license":"ODbL-1.0","record_id":null,"update_time":"2018-09-01T00:00:00.000Z","confidence":null,"between":null,"provider":"microsoft","resource":"ml_buildings","version":"2025-02-25"}],"is_underground":false,"has_parts":false,"version":3}},
{"id":"af9d57c6-ed38-4209-bac1-6ad33e7eeff1","type":"Feature","geometry":{"type":"Polygon","coordinates":[[[41.0786024,19.1314815],[41.0785532,19.1314653],[41.078566,19.1314306],[41.0786152,19.1314467],[41.0786024,19.1314815]]]},"properties":{"sources":[{"property":"","dataset":"Microsoft ML Buildings","license":"ODbL-1.0","record_id":null,"update_time":"2018-09-01T00:00:00.000Z","confidence":null,"between":null,"provider":"microsoft","resource":"ml_buildings","version":"2025-02-25"}],"is_underground":false,"has_parts":false,"version":3}},
{"id":"169e7fb6-4235-4af8-986e-244e017e35bb","type":"Feature","geometry":{"type":"Polygon","coordinates":[[[41.0788671,19.1316638],[41.0788043,19.1316663],[41.0787979,19.1315288],[41.0790374,19.1315189],[41.0790485,19.1317576],[41.0788718,19.1317649],[41.0788671,19.1316638]]]},"properties":{"sources":[{"property":"","dataset":"Microsoft ML Buildings","license":"ODbL-1.0","record_id":null,"update_time":"2018-09-01T00:00:00.000Z","confidence":null,"between":null,"provider":"microsoft","resource":"ml_buildings","version":"2025-02-25"}],"is_underground":false,"has_parts":false,"version":3}},
{"id":"8a9d4e72-2409-4329-b13d-cc6485054a0e","type":"Feature","geometry":{"type":"Polygon","coordinates":[[[41.0789261,19.1319102],[41.0788821,19.1318098],[41.0790538,19.1317426],[41.0790978,19.131843],[41.0789261,19.1319102]]]},"properties":{"sources":[{"property":"","dataset":"Microsoft ML Buildings","license":"ODbL-1.0","record_id":null,"update_time":"2018-09-01T00:00:00.000Z","confidence":null,"between":null,"provider":"microsoft","resource":"ml_buildings","version":"2025-02-25"}],"is_underground":false,"has_parts":false,"version":3}},
{"id":"71a891f4-4a05-4e1b-9762-0cfe87e22507","type":"Feature","geometry":{"type":"Polygon","coordinates":[[[41.079198,19.1318987],[41.0791928,19.1320226],[41.0791687,19.1320217],[41.0791649,19.1321128],[41.0792131,19.1321146],[41.0792096,19.1321981],[41.0791308,19.1321952],[41.0791338,19.1321218],[41.0790895,19.1321201],[41.0790903,19.1320999],[41.0789457,19.1320945],[41.0789528,19.131925],[41.0790599,19.131929],[41.0790614,19.1318936],[41.079198,19.1318987]]]},"properties":{"sources":[{"property":"","dataset":"Microsoft ML Buildings","license":"ODbL-1.0","record_id":null,"update_time":"2018-09-01T00:00:00.000Z","confidence":null,"between":null,"provider":"microsoft","resource":"ml_buildings","version":"2025-02-25"}],"is_underground":false,"has_parts":false,"version":3}},
{"id":"107648a4-ee02-4883-a9eb-642c1532cb41","type":"Feature","geometry":{"type":"Polygon","coordinates":[[[41.0786909,19.1322526],[41.0786971,19.1321541],[41.0787864,19.1321591],[41.0787765,19.132118],[41.0787221,19.132115],[41.0787272,19.1320342],[41.0786791,19.1320315],[41.0786827,19.1319734],[41.0786453,19.1319713],[41.0786496,19.131904],[41.0788157,19.1318683],[41.0788431,19.1319823],[41.0788415,19.1320087],[41.0787801,19.1320219],[41.0788511,19.1320259],[41.0788472,19.1320884],[41.0788493,19.1320972],[41.0788391,19.1322609],[41.0786909,19.1322526]]]},"properties":{"sources":[{"property":"","dataset":"Microsoft ML Buildings","license":"ODbL-1.0","record_id":null,"update_time":"2018-09-01T00:00:00.000Z","confidence":null,"between":null,"provider":"microsoft","resource":"ml_buildings","version":"2025-02-25"}],"is_underground":false,"has_parts":false,"version":3}},
{"id":"db1e77ed-6d29-4083-b82d-3bb57daf5365","type":"Feature","geometry":{"type":"Polygon","coordinates":[[[41.0789567,19.1322794],[41.0789514,19.1322395],[41.0789989,19.1322338],[41.0790042,19.1322737],[41.0789567,19.1322794]]]},"properties":{"sources":[{"property":"","dataset":"Microsoft ML Buildings","license":"ODbL-1.0","record_id":null,"update_time":"2018-09-01T00:00:00.000Z","confidence":null,"between":null,"provider":"microsoft","resource":"ml_buildings","version":"2025-02-25"}],"is_underground":false,"has_parts":false,"version":3}},
{"id":"946ce016-e784-44b2-877b-56c4f1fa691c","type":"Feature","geometry":{"type":"Polygon","coordinates":[[[41.0784941,19.1326188],[41.0784887,19.1324948],[41.0790081,19.1324746],[41.0790222,19.1327984],[41.0786592,19.1328126],[41.0786604,19.1328404],[41.0784585,19.1328482],[41.07845,19.1326535],[41.0785437,19.1326498],[41.0785423,19.1326169],[41.0784941,19.1326188]]]},"properties":{"sources":[{"property":"","dataset":"Microsoft ML Buildings","license":"ODbL-1.0","record_id":null,"update_time":"2018-09-01T00:00:00.000Z","confidence":null,"between":null,"provider":"microsoft","resource":"ml_buildings","version":"2025-02-25"}],"is_underground":false,"has_parts":false,"version":3}},
{"id":"07b760d1-a551-478b-ab30-a0effd8cd974","type":"Feature","geometry":{"type":"Polygon","coordinates":[[[41.0782873,19.1328332],[41.0782803,19.1326875],[41.0784302,19.1326811],[41.0784372,19.1328268],[41.0782873,19.1328332]]]},"properties":{"sources":[{"property":"","dataset":"Microsoft ML Buildings","license":"ODbL-1.0","record_id":null,"update_time":"2018-09-01T00:00:00.000Z","confidence":null,"between":null,"provider":"microsoft","resource":"ml_buildings","version":"2025-02-25"}],"is_underground":false,"has_parts":false,"version":3}},
{"id":"f73785c7-8707-41b8-81cc-d8d8cc5bd472","type":"Feature","geometry":{"type":"Polygon","coordinates":[[[41.0780301,19.1326532],[41.0780322,19.1326052],[41.0780911,19.1326075],[41.078089,19.1326555],[41.0780301,19.1326532]]]},"properties":{"sources":[{"property":"","dataset":"Microsoft ML Buildings","license":"ODbL-1.0","record_id":null,"update_time":"2018-09-01T00:00:00.000Z","confidence":null,"between":null,"provider":"microsoft","resource":"ml_buildings","version":"2025-02-25"}],"is_underground":false,"has_parts":false,"version":3}},
{"id":"a9b470f6-4f4a-4a2f-9ffb-1e84db9e2b4e","type":"Feature","geometry":{"type":"Polygon","coordinates":[[[41.0782338,19.1326072],[41.0780381,19.1326034],[41.0780415,19.1324454],[41.0782372,19.1324492],[41.0782338,19.1326072]]]},"properties":{"sources":[{"property":"","dataset":"Microsoft ML Buildings","license":"ODbL-1.0","record_id":null,"update_time":"2018-09-01T00:00:00.000Z","confidence":null,"between":null,"provider":"microsoft","resource":"ml_buildings","version":"2025-02-25"}],"is_underground":false,"has_parts":false,"version":3}},
{"id":"9ad01155-7226-4af4-98f6-ebbd870b86ed","type":"Feature","geometry":{"type":"Polygon","coordinates":[[[41.0782933,19.1323664],[41.0784565,19.1323955],[41.0784106,19.1326246],[41.0782474,19.1325954],[41.0782933,19.1323664]]]},"properties":{"sources":[{"property":"","dataset":"Microsoft ML Buildings","license":"ODbL-1.0","record_id":null,"update_time":"2018-09-01T00:00:00.000Z","confidence":null,"between":null,"provider":"microsoft","resource":"ml_buildings","version":"2025-02-25"}],"is_underground":false,"has_parts":false,"version":3}},
{"id":"41828944-a03f-4471-a00d-50e62f8c1ae7","type":"Feature","geometry":{"type":"Polygon","coordinates":[[[41.0780387,19.1324211],[41.0780393,19.1323746],[41.0781182,19.1323755],[41.0781176,19.132422],[41.0780387,19.1324211]]]},"properties":{"sources":[{"property":"","dataset":"Microsoft ML Buildings","license":"ODbL-1.0","record_id":null,"update_time":"2018-09-01T00:00:00.000Z","confidence":null,"between":null,"provider":"microsoft","resource":"ml_buildings","version":"2025-02-25"}],"is_underground":false,"has_parts":false,"version":3}},
{"id":"a1120173-b4aa-4f45-b718-14737196a7be","type":"Feature","geometry":{"type":"Polygon","coordinates":[[[41.0775433,19.1326086],[41.0775782,19.1322553],[41.0778095,19.1322756],[41.0777686,19.1326892],[41.0776452,19.1326784],[41.0776512,19.1326181],[41.0775433,19.1326086]]]},"properties":{"sources":[{"property":"","dataset":"Microsoft ML Buildings","license":"ODbL-1.0","record_id":null,"update_time":"2018-09-01T00:00:00.000Z","confidence":null,"between":null,"provider":"microsoft","resource":"ml_buildings","version":"2025-02-25"}],"is_underground":false,"has_parts":false,"version":3}},
{"id":"4e381a33-a7dc-493b-8e9d-482fbc7bbfcd","type":"Feature","geometry":{"type":"Polygon","coordinates":[[[41.0778784,19.1325133],[41.0779882,19.1325169],[41.077984,19.1326333],[41.0778045,19.1326274],[41.0778164,19.1323018],[41.0778792,19.1323039],[41.0778765,19.1323764],[41.078004,19.1323806],[41.0780003,19.1324818],[41.0778797,19.1324779],[41.0778784,19.1325133]]]},"properties":{"sources":[{"property":"","dataset":"Microsoft ML Buildings","license":"ODbL-1.0","record_id":null,"update_time":"2018-09-01T00:00:00.000Z","confidence":null,"between":null,"provider":"microsoft","resource":"ml_buildings","version":"2025-02-25"}],"is_underground":false,"has_parts":false,"version":3}},
{"id":"a6d09238-7c49-4b70-96cd-7aef91497eb2","type":"Feature","geometry":{"type":"Polygon","coordinates":[[[41.0779256,19.1327567],[41.0779174,19.1327125],[41.0779695,19.1327039],[41.0779777,19.1327482],[41.0779256,19.1327567]]]},"properties":{"sources":[{"property":"","dataset":"Microsoft ML Buildings","license":"ODbL-1.0","record_id":null,"update_time":"2018-09-01T00:00:00.000Z","confidence":null,"between":null,"provider":"microsoft","resource":"ml_buildings","version":"2025-02-25"}],"is_underground":false,"has_parts":false,"version":3}},
{"id":"19733a48-4834-4ead-b67c-b78ad0073ed4","type":"Feature","geometry":{"type":"Polygon","coordinates":[[[41.0778832,19.1328869],[41.0778801,19.1328466],[41.0779217,19.1328437],[41.0779248,19.132884],[41.0778832,19.1328869]]]},"properties":{"sources":[{"property":"","dataset":"Microsoft ML Buildings","license":"ODbL-1.0","record_id":null,"update_time":"2018-09-01T00:00:00.000Z","confidence":null,"between":null,"provider":"microsoft","resource":"ml_buildings","version":"2025-02-25"}],"is_underground":false,"has_parts":false,"version":3}},
{"id":"efe0dc2b-c0aa-41d8-875b-ec3884a7b392","type":"Feature","geometry":{"type":"Polygon","coordinates":[[[41.0777835,19.1326806],[41.0779084,19.1326776],[41.077913,19.132854],[41.0777882,19.1328569],[41.0777835,19.1326806]]]},"properties":{"sources":[{"property":"","dataset":"Microsoft ML Buildings","license":"ODbL-1.0","record_id":null,"update_time":"2018-09-01T00:00:00.000Z","confidence":null,"between":null,"provider":"microsoft","resource":"ml_buildings","version":"2025-02-25"}],"is_underground":false,"has_parts":false,"version":3}},
{"id":"fe3b0590-803b-402d-b3e4-85fe9d00f3c1","type":"Feature","geometry":{"type":"Polygon","coordinates":[[[41.0780487,19.1328413],[41.0780469,19.1326868],[41.0782453,19.1326847],[41.0782471,19.1328393],[41.0780487,19.1328413]]]},"properties":{"sources":[{"property":"","dataset":"Microsoft ML Buildings","license":"ODbL-1.0","record_id":null,"update_time":"2018-09-01T00:00:00.000Z","confidence":null,"between":null,"provider":"microsoft","resource":"ml_buildings","version":"2025-02-25"}],"is_underground":false,"has_parts":false,"version":3}},
{"id":"a7153247-6a57-4870-bb22-35497ecd5834","type":"Feature","geometry":{"type":"Polygon","coordinates":[[[41.0782455,19.1331452],[41.0784775,19.1331374],[41.0784823,19.133264],[41.0782503,19.1332718],[41.0782455,19.1331452]]]},"properties":{"sources":[{"property":"","dataset":"Microsoft ML Buildings","license":"ODbL-1.0","record_id":null,"update_time":"2018-09-01T00:00:00.000Z","confidence":null,"between":null,"provider":"microsoft","resource":"ml_buildings","version":"2025-02-25"}],"is_underground":false,"has_parts":false,"version":3}},
{"id":"0a8d0fc8-3715-470e-9805-43b7dcb79ac9","type":"Feature","geometry":{"type":"Polygon","coordinates":[[[41.0774457,19.1333384],[41.0774357,19.1331793],[41.0780291,19.133146],[41.0780294,19.133151],[41.078202,19.1331413],[41.0782046,19.1331817],[41.0782126,19.1331813],[41.0782224,19.1333369],[41.0784336,19.133325],[41.0784427,19.1334699],[41.0782128,19.1334828],[41.0782153,19.1335223],[41.0781148,19.133528],[41.078105,19.1333723],[41.0780275,19.1333767],[41.0780231,19.133306],[41.0774457,19.1333384]]]},"properties":{"sources":[{"property":"","dataset":"Microsoft ML Buildings","license":"ODbL-1.0","record_id":null,"update_time":"2018-09-01T00:00:00.000Z","confidence":null,"between":null,"provider":"microsoft","resource":"ml_buildings","version":"2025-02-25"}],"is_underground":false,"has_parts":false,"version":3}},
{"id":"db402ec4-ee04-45e6-b4c4-6c9fec82ba7d","type":"Feature","geometry":{"type":"Polygon","coordinates":[[[41.078238,19.1336418],[41.0783975,19.1336661],[41.0783425,19.1339881],[41.078183,19.1339638],[41.078238,19.1336418]]]},"properties":{"sources":[{"property":"","dataset":"Microsoft ML Buildings","license":"ODbL-1.0","record_id":null,"update_time":"2018-09-01T00:00:00.000Z","confidence":null,"between":null,"provider":"microsoft","resource":"ml_buildings","version":"2025-02-25"}],"is_underground":false,"has_parts":false,"version":3}},
{"id":"bb8271a6-980e-4e6d-a3d6-18a9bf749f77","type":"Feature","geometry":{"type":"Polygon","coordinates":[[[41.0786385,19.13363],[41.0787505,19.1336524],[41.0787175,19.1338004],[41.0786055,19.133778],[41.0786385,19.13363]]]},"properties":{"sources":[{"property":"","dataset":"Microsoft ML Buildings","license":"ODbL-1.0","record_id":null,"update_time":"2018-09-01T00:00:00.000Z","confidence":null,"between":null,"provider":"microsoft","resource":"ml_buildings","version":"2025-02-25"}],"is_underground":false,"has_parts":false,"version":3}},
{"id":"2aba91b9-0c19-4ae8-a429-d207b7c114d0","type":"Feature","geometry":{"type":"Polygon","coordinates":[[[41.0786776,19.1340008],[41.0788369,19.1338404],[41.079001,19.1339858],[41.078902,19.1340856],[41.0789348,19.1341146],[41.0788411,19.134209],[41.0787589,19.1341361],[41.0787923,19.1341024],[41.0786776,19.1340008]]]},"properties":{"sources":[{"property":"","dataset":"Microsoft ML Buildings","license":"ODbL-1.0","record_id":null,"update_time":"2018-09-01T00:00:00.000Z","confidence":null,"between":null,"provider":"microsoft","resource":"ml_buildings","version":"2025-02-25"}],"is_underground":false,"has_parts":false,"version":3}},
{"id":"d317b868-2727-4e68-8271-4a0f555460b8","type":"Feature","geometry":{"type":"Polygon","coordinates":[[[41.0788997,19.1335087],[41.0789014,19.1335939],[41.0788237,19.1335953],[41.0788219,19.1335102],[41.0788997,19.1335087]]]},"properties":{"sources":[{"property":"","dataset":"Microsoft ML Buildings","license":"ODbL-1.0","record_id":null,"update_time":"2018-09-01T00:00:00.000Z","confidence":null,"between":null,"provider":"microsoft","resource":"ml_buildings","version":"2025-02-25"}],"is_underground":false,"has_parts":false,"version":3}},
{"id":"2cb6d444-48c8-4655-a947-d524dd76d177","type":"Feature","geometry":{"type":"Polygon","coordinates":[[[41.0792208,19.1328413],[41.0790465,19.1328442],[41.0790443,19.1327251],[41.0791247,19.1327238],[41.0791242,19.1326934],[41.0792517,19.1326913],[41.0792552,19.1328762],[41.0792215,19.1328768],[41.0792208,19.1328413]]]},"properties":{"sources":[{"property":"","dataset":"Microsoft ML Buildings","license":"ODbL-1.0","record_id":null,"update_time":"2018-09-01T00:00:00.000Z","confidence":null,"between":null,"provider":"microsoft","resource":"ml_buildings","version":"2025-02-25"}],"is_underground":false,"has_parts":false,"version":3}},
{"id":"ad203a08-3557-431d-be61-23e0509007f7","type":"Feature","geometry":{"type":"Polygon","coordinates":[[[41.079159,19.1333781],[41.0794701,19.1333737],[41.0794761,19.1337476],[41.0792975,19.1337502],[41.0792945,19.1335627],[41.079162,19.1335646],[41.079159,19.1333781]]]},"properties":{"sources":[{"property":"","dataset":"Microsoft ML Buildings","license":"ODbL-1.0","record_id":null,"update_time":"2018-09-01T00:00:00.000Z","confidence":null,"between":null,"provider":"microsoft","resource":"ml_buildings","version":"2025-02-25"}],"is_underground":false,"has_parts":false,"version":3}},
{"id":"861a36f0-ebf1-40a9-a18b-1ff62bcd3bc3","type":"Feature","geometry":{"type":"Polygon","coordinates":[[[41.0791214,19.1338528],[41.0795101,19.1338447],[41.0795142,19.1340184],[41.0793533,19.1340218],[41.0793544,19.1340658],[41.0793061,19.1340668],[41.079309,19.1341909],[41.0791069,19.1341951],[41.0791037,19.1340558],[41.0791261,19.1340554],[41.0791214,19.1338528]]]},"properties":{"sources":[{"property":"","dataset":"Microsoft ML Buildings","license":"ODbL-1.0","record_id":null,"update_time":"2018-09-01T00:00:00.000Z","confidence":null,"between":null,"provider":"microsoft","resource":"ml_buildings","version":"2025-02-25"}],"is_underground":false,"has_parts":false,"version":3}},
{"id":"8c9ce935-5f9b-41a2-8d24-4607f63bd8a9","type":"Feature","geometry":{"type":"Polygon","coordinates":[[[41.0797146,19.133824099999998],[41.0797222,19.1341888],[41.079573,19.1341916],[41.0795655,19.1338268],[41.0797146,19.133824099999998]]]},"properties":{"sources":[{"property":"","dataset":"Microsoft ML Buildings","license":"ODbL-1.0","record_id":null,"update_time":"2018-09-01T00:00:00.000Z","confidence":null,"between":null,"provider":"microsoft","resource":"ml_buildings","version":"2025-02-25"}],"is_underground":false,"has_parts":false,"version":3}},
{"id":"c9b28a71-40de-4266-b764-c7c3f62b5adf","type":"Feature","geometry":{"type":"Polygon","coordinates":[[[41.0795895,19.1336771],[41.0796821,19.1336729],[41.0796838,19.1337058],[41.0795912,19.13371],[41.0795895,19.1336771]]]},"properties":{"sources":[{"property":"","dataset":"Microsoft ML Buildings","license":"ODbL-1.0","record_id":null,"update_time":"2018-09-01T00:00:00.000Z","confidence":null,"between":null,"provider":"microsoft","resource":"ml_buildings","version":"2025-02-25"}],"is_underground":false,"has_parts":false,"version":3}},
{"id":"a5a2954b-f684-43ed-9469-fe486f598f94","type":"Feature","geometry":{"type":"Polygon","coordinates":[[[41.0796011,19.1337867],[41.0796007,19.1337512],[41.0797134,19.1337502],[41.0797137,19.1337857],[41.0796011,19.1337867]]]},"properties":{"sources":[{"property":"","dataset":"Microsoft ML Buildings","license":"ODbL-1.0","record_id":null,"update_time":"2018-09-01T00:00:00.000Z","confidence":null,"between":null,"provider":"microsoft","resource":"ml_buildings","version":"2025-02-25"}],"is_underground":false,"has_parts":false,"version":3}},
{"id":"04fd9488-0be8-4ebd-a84a-b310775050eb","type":"Feature","geometry":{"type":"Polygon","coordinates":[[[41.0796574,19.1333815],[41.079876,19.1333973],[41.0798624,19.1335661],[41.0798197,19.133563],[41.079816,19.1336084],[41.0796747,19.1335982],[41.0796759,19.1335831],[41.0796412,19.1335806],[41.0796574,19.1333815]]]},"properties":{"sources":[{"property":"","dataset":"Microsoft ML Buildings","license":"ODbL-1.0","record_id":null,"update_time":"2018-09-01T00:00:00.000Z","confidence":null,"between":null,"provider":"microsoft","resource":"ml_buildings","version":"2025-02-25"}],"is_underground":false,"has_parts":false,"version":3}},
{"id":"fabc2fd7-6686-40c6-b4df-1ecff6f64dd9","type":"Feature","geometry":{"type":"Polygon","coordinates":[[[41.0800368,19.1337987],[41.0800451,19.134171],[41.0797609,19.1341767],[41.0797526,19.1338043],[41.0800368,19.1337987]]]},"properties":{"sources":[{"property":"","dataset":"Microsoft ML Buildings","license":"ODbL-1.0","record_id":null,"update_time":"2018-09-01T00:00:00.000Z","confidence":null,"between":null,"provider":"microsoft","resource":"ml_buildings","version":"2025-02-25"}],"is_underground":false,"has_parts":false,"version":3}},
{"id":"973d4692-424f-474e-a5ad-9d38399bd766","type":"Feature","geometry":{"type":"Polygon","coordinates":[[[41.0801593,19.1331448],[41.0801604,19.1330992],[41.0803186,19.1331026],[41.0803175,19.1331482],[41.0801593,19.1331448]]]},"properties":{"sources":[{"property":"","dataset":"Microsoft ML Buildings","license":"ODbL-1.0","record_id":null,"update_time":"2018-09-01T00:00:00.000Z","confidence":null,"between":null,"provider":"microsoft","resource":"ml_buildings","version":"2025-02-25"}],"is_underground":false,"has_parts":false,"version":3}},
{"id":"8e64e220-3422-49f1-930f-ae52dd9633ab","type":"Feature","geometry":{"type":"Polygon","coordinates":[[[41.0799525,19.1333509],[41.0798706,19.1333479],[41.079874,19.1332654],[41.079956,19.1332685],[41.0799525,19.1333509]]]},"properties":{"sources":[{"property":"","dataset":"Microsoft ML Buildings","license":"ODbL-1.0","record_id":null,"update_time":"2018-09-01T00:00:00.000Z","confidence":null,"between":null,"provider":"microsoft","resource":"ml_buildings","version":"2025-02-25"}],"is_underground":false,"has_parts":false,"version":3}},
{"id":"1cd3bfa4-5cc9-4cd3-915f-8c472ecb7fff","type":"Feature","geometry":{"type":"Polygon","coordinates":[[[41.0799059,19.13319],[41.079907,19.1331252],[41.0800072,19.1331266],[41.0800062,19.1331915],[41.0799059,19.13319]]]},"properties":{"sources":[{"property":"","dataset":"Microsoft ML Buildings","license":"ODbL-1.0","record_id":null,"update_time":"2018-09-01T00:00:00.000Z","confidence":null,"between":null,"provider":"microsoft","resource":"ml_buildings","version":"2025-02-25"}],"is_underground":false,"has_parts":false,"version":3}},
{"id":"2e79c202-0646-480f-8b6c-853f4f482109","type":"Feature","geometry":{"type":"Polygon","coordinates":[[[41.0803051,19.1324627],[41.0804251,19.1324541],[41.0804497,19.1327615],[41.0802097,19.1327787],[41.0801841,19.1324587],[41.0803041,19.1324501],[41.0803051,19.1324627]]]},"properties":{"sources":[{"property":"","dataset":"Microsoft ML Buildings","license":"ODbL-1.0","record_id":null,"update_time":"2018-09-01T00:00:00.000Z","confidence":null,"between":null,"provider":"microsoft","resource":"ml_buildings","version":"2025-02-25"}],"is_underground":false,"has_parts":false,"version":3}},
{"id":"41697805-a317-4965-ad1e-f937835901fc","type":"Feature","geometry":{"type":"Polygon","coordinates":[[[41.0802166,19.1324263],[41.0801935,19.1321406],[41.0803603,19.1321285],[41.0803835,19.1324143],[41.0802166,19.1324263]]]},"properties":{"sources":[{"property":"","dataset":"Microsoft ML Buildings","license":"ODbL-1.0","record_id":null,"update_time":"2018-09-01T00:00:00.000Z","confidence":null,"between":null,"provider":"microsoft","resource":"ml_buildings","version":"2025-02-25"}],"is_underground":false,"has_parts":false,"version":3}},
{"id":"f63f251a-a559-4a58-8ce5-53e2a37c4011","type":"Feature","geometry":{"type":"Polygon","coordinates":[[[41.0794392,19.1325352],[41.0799729,19.1325285],[41.0799761,19.132758],[41.0794424,19.1327647],[41.0794392,19.1325352]]]},"properties":{"sources":[{"property":"","dataset":"Microsoft ML Buildings","license":"ODbL-1.0","record_id":null,"update_time":"2018-09-01T00:00:00.000Z","confidence":null,"between":null,"provider":"microsoft","resource":"ml_buildings","version":"2025-02-25"}],"is_underground":false,"has_parts":false,"version":3}},
{"id":"8157e68d-6eba-46b0-8951-da0d351682c9","type":"Feature","geometry":{"type":"Polygon","coordinates":[[[41.0790872,19.1325939],[41.0790953,19.1323813],[41.0792721,19.1323873],[41.079264,19.1325999],[41.0790872,19.1325939]]]},"properties":{"sources":[{"property":"","dataset":"Microsoft ML Buildings","license":"ODbL-1.0","record_id":null,"update_time":"2018-09-01T00:00:00.000Z","confidence":null,"between":null,"provider":"microsoft","resource":"ml_buildings","version":"2025-02-25"}],"is_underground":false,"has_parts":false,"version":3}},
{"id":"0da6ee1e-67f7-4281-80bf-1265f94a2d78","type":"Feature","geometry":{"type":"Polygon","coordinates":[[[41.079585,19.1318755],[41.0795772,19.1319624],[41.0793537,19.1321178],[41.0793017,19.1321135],[41.0792969,19.1321664],[41.0792398,19.1321617],[41.0792468,19.1320847],[41.0792042,19.1320813],[41.0792113,19.132004],[41.0792428,19.1319821],[41.079254,19.1318588],[41.0794389,19.1318738],[41.0794427,19.131831],[41.0795126,19.1318367],[41.07954,19.1318719],[41.079585,19.1318755]]]},"properties":{"sources":[{"property":"","dataset":"Microsoft ML Buildings","license":"ODbL-1.0","record_id":null,"update_time":"2018-09-01T00:00:00.000Z","confidence":null,"between":null,"provider":"microsoft","resource":"ml_buildings","version":"2025-02-25"}],"is_underground":false,"has_parts":false,"version":3}},
{"id":"ea8585a1-31e4-481e-aab8-1fe37412b81d","type":"Feature","geometry":{"type":"Polygon","coordinates":[[[41.0794299,19.1316654],[41.0794335,19.1314728],[41.0796572,19.1314766],[41.0796565,19.1315136],[41.0797197,19.1315146],[41.0797163,19.1316955],[41.0796198,19.1316939],[41.079622,19.1315748],[41.0796071,19.1315746],[41.0796053,19.1316683],[41.0794299,19.1316654]]]},"properties":{"sources":[{"property":"","dataset":"Microsoft ML Buildings","license":"ODbL-1.0","record_id":null,"update_time":"2018-09-01T00:00:00.000Z","confidence":null,"between":null,"provider":"microsoft","resource":"ml_buildings","version":"2025-02-25"}],"is_underground":false,"has_parts":false,"version":3}},
{"id":"e5c500cb-ffca-4481-b876-0aaf62df8b36","type":"Feature","geometry":{"type":"Polygon","coordinates":[[[41.0799001,19.1316082],[41.0798461,19.1312791],[41.079943,19.1312649],[41.079938,19.1312342],[41.0800349,19.13122],[41.0800465,19.1312903],[41.0801055,19.1312816],[41.0801254,19.1314029],[41.080094,19.1314075],[41.0801036,19.1314659],[41.0800654,19.1314714],[41.0800879,19.1316086],[41.0799584,19.1316275],[41.079954,19.1316003],[41.0799001,19.1316082]]]},"properties":{"sources":[{"property":"","dataset":"Microsoft ML Buildings","license":"ODbL-1.0","record_id":null,"update_time":"2018-09-01T00:00:00.000Z","confidence":null,"between":null,"provider":"microsoft","resource":"ml_buildings","version":"2025-02-25"}],"is_underground":false,"has_parts":false,"version":3}},
{"id":"47145979-1fea-4800-98ce-db34473f0f4a","type":"Feature","geometry":{"type":"Polygon","coordinates":[[[41.0803714,19.1319779],[41.0801584,19.1319864],[41.0801507,19.1318133],[41.0803637,19.1318048],[41.0803714,19.1319779]]]},"properties":{"sources":[{"property":"","dataset":"Microsoft ML Buildings","license":"ODbL-1.0","record_id":null,"update_time":"2018-09-01T00:00:00.000Z","confidence":null,"between":null,"provider":"microsoft","resource":"ml_buildings","version":"2025-02-25"}],"is_underground":false,"has_parts":false,"version":3}},
{"id":"2468392c-9568-422c-92f2-d9b363f180fb","type":"Feature","geometry":{"type":"Polygon","coordinates":[[[41.0800999,19.1315792],[41.0800987,19.1314789],[41.0802447,19.1314774],[41.0802459,19.1315776],[41.0800999,19.1315792]]]},"properties":{"sources":[{"property":"","dataset":"Microsoft ML Buildings","license":"ODbL-1.0","record_id":null,"update_time":"2018-09-01T00:00:00.000Z","confidence":null,"between":null,"provider":"microsoft","resource":"ml_buildings","version":"2025-02-25"}],"is_underground":false,"has_parts":false,"version":3}},
{"id":"49d0d84a-3885-4502-8989-a8c837b322e0","type":"Feature","geometry":{"type":"Polygon","coordinates":[[[41.0804441,19.1310127],[41.0804467,19.1314308],[41.0801355,19.1314325],[41.0801343,19.1312348],[41.0802416,19.1312342],[41.080242,19.131295],[41.0802661,19.1312949],[41.080265,19.1311125],[41.0801577,19.131113],[41.0801574,19.1310497],[41.0802807,19.131049],[41.0802807,19.1310364],[41.0803611,19.1310359],[41.080361,19.1310131],[41.0804441,19.1310127]]]},"properties":{"sources":[{"property":"","dataset":"Microsoft ML Buildings","license":"ODbL-1.0","record_id":null,"update_time":"2018-09-01T00:00:00.000Z","confidence":null,"between":null,"provider":"microsoft","resource":"ml_buildings","version":"2025-02-25"}],"is_underground":false,"has_parts":false,"version":3}},
{"id":"934b90b5-3ba3-4350-b139-000970d4e9f4","type":"Feature","geometry":{"type":"Polygon","coordinates":[[[41.0798799,19.131074],[41.0799776,19.1310771],[41.0799744,19.1311657],[41.0798083,19.1311604],[41.0798145,19.1309882],[41.0798829,19.1309904],[41.0798799,19.131074]]]},"properties":{"sources":[{"property":"","dataset":"Microsoft ML Buildings","license":"ODbL-1.0","record_id":null,"update_time":"2018-09-01T00:00:00.000Z","confidence":null,"between":null,"provider":"microsoft","resource":"ml_buildings","version":"2025-02-25"}],"is_underground":false,"has_parts":false,"version":3}},
{"id":"67b2ea2f-74c6-44e8-8086-37d974e9dfba","type":"Feature","geometry":{"type":"Polygon","coordinates":[[[41.0801451,19.1310771],[41.0801471,19.1311683],[41.0799943,19.1311713],[41.0799923,19.1310801],[41.0801451,19.1310771]]]},"properties":{"sources":[{"property":"","dataset":"Microsoft ML Buildings","license":"ODbL-1.0","record_id":null,"update_time":"2018-09-01T00:00:00.000Z","confidence":null,"between":null,"provider":"microsoft","resource":"ml_buildings","version":"2025-02-25"}],"is_underground":false,"has_parts":false,"version":3}},
{"id":"1f62dd03-0c1a-41c2-9d51-5e913b8aa5e3","type":"Feature","geometry":{"type":"Polygon","coordinates":[[[41.0797755,19.1309162],[41.0797706,19.130782],[41.079934,19.1307767],[41.0799389,19.1309109],[41.0797755,19.1309162]]]},"properties":{"sources":[{"property":"","dataset":"Microsoft ML Buildings","license":"ODbL-1.0","record_id":null,"update_time":"2018-09-01T00:00:00.000Z","confidence":null,"between":null,"provider":"microsoft","resource":"ml_buildings","version":"2025-02-25"}],"is_underground":false,"has_parts":false,"version":3}},
{"id":"2a538d90-d135-4f1b-b264-fc815681ee45","type":"Feature","geometry":{"type":"Polygon","coordinates":[[[41.0804103,19.1309701],[41.0801984,19.1309688],[41.0802001,19.1307219],[41.0805381,19.130724],[41.0805374,19.1308264],[41.0804113,19.1308257],[41.0804103,19.1309701]]]},"properties":{"sources":[{"property":"","dataset":"Microsoft ML Buildings","license":"ODbL-1.0","record_id":null,"update_time":"2018-09-01T00:00:00.000Z","confidence":null,"between":null,"provider":"microsoft","resource":"ml_buildings","version":"2025-02-25"}],"is_underground":false,"has_parts":false,"version":3}},
{"id":"435398b5-3eed-46ca-8766-88a9dce71b89","type":"Feature","geometry":{"type":"Polygon","coordinates":[[[41.0802837,19.1305417],[41.0802881,19.1306607],[41.0800831,19.1306674],[41.0800786,19.1305444],[41.080175,19.1305412],[41.0801752,19.1305452],[41.0802837,19.1305417]]]},"properties":{"sources":[{"property":"","dataset":"Microsoft ML Buildings","license":"ODbL-1.0","record_id":null,"update_time":"2018-09-01T00:00:00.000Z","confidence":null,"between":null,"provider":"microsoft","resource":"ml_buildings","version":"2025-02-25"}],"is_underground":false,"has_parts":false,"version":3}},
{"id":"e872e3e5-8a01-472c-825f-fa23e3e0c5d5","type":"Feature","geometry":{"type":"Polygon","coordinates":[[[41.0801631,19.1304894],[41.0801636,19.1304058],[41.0803554,19.1304069],[41.0803548,19.1304905],[41.0801631,19.1304894]]]},"properties":{"sources":[{"property":"","dataset":"Microsoft ML Buildings","license":"ODbL-1.0","record_id":null,"update_time":"2018-09-01T00:00:00.000Z","confidence":null,"between":null,"provider":"microsoft","resource":"ml_buildings","version":"2025-02-25"}],"is_underground":false,"has_parts":false,"version":3}},
{"id":"b1bc0c18-19d7-4be3-9977-72ce5bdc214b","type":"Feature","geometry":{"type":"Polygon","coordinates":[[[41.0805338,19.1303446],[41.0802699,19.1302485],[41.080311,19.1301479],[41.0805748,19.1302441],[41.0805338,19.1303446]]]},"properties":{"sources":[{"property":"","dataset":"Microsoft ML Buildings","license":"ODbL-1.0","record_id":null,"update_time":"2018-09-01T00:00:00.000Z","confidence":null,"between":null,"provider":"microsoft","resource":"ml_buildings","version":"2025-02-25"}],"is_underground":false,"has_parts":false,"version":3}},
{"id":"e356e631-c1e7-4508-bb90-69ffbdc01a11","type":"Feature","geometry":{"type":"Polygon","coordinates":[[[41.0802612,19.1303932],[41.0802634,19.1303263],[41.0803211,19.130328],[41.0803188,19.1303949],[41.0802612,19.1303932]]]},"properties":{"sources":[{"property":"","dataset":"Microsoft ML Buildings","license":"ODbL-1.0","record_id":null,"update_time":"2018-09-01T00:00:00.000Z","confidence":null,"between":null,"provider":"microsoft","resource":"ml_buildings","version":"2025-02-25"}],"is_underground":false,"has_parts":false,"version":3}},
{"id":"0fac481c-3e7c-44b7-8f93-9a5fbc215099","type":"Feature","geometry":{"type":"Polygon","coordinates":[[[41.0800351,19.1303952],[41.0800382,19.1303208],[41.0802511,19.1303287],[41.080248,19.1304031],[41.0800351,19.1303952]]]},"properties":{"sources":[{"property":"","dataset":"Microsoft ML Buildings","license":"ODbL-1.0","record_id":null,"update_time":"2018-09-01T00:00:00.000Z","confidence":null,"between":null,"provider":"microsoft","resource":"ml_buildings","version":"2025-02-25"}],"is_underground":false,"has_parts":false,"version":3}},
{"id":"17ec1516-ec8f-4d3d-b04b-a483ae61e0b1","type":"Feature","geometry":{"type":"Polygon","coordinates":[[[41.080056,19.1303129],[41.0798599,19.1302925],[41.0798737,19.1301738],[41.0800698,19.1301942],[41.080056,19.1303129]]]},"properties":{"sources":[{"property":"","dataset":"Microsoft ML Buildings","license":"ODbL-1.0","record_id":null,"update_time":"2018-09-01T00:00:00.000Z","confidence":null,"between":null,"provider":"microsoft","resource":"ml_buildings","version":"2025-02-25"}],"is_underground":false,"has_parts":false,"version":3}},
{"id":"ff05e793-b126-4613-837b-921a804a09af","type":"Feature","geometry":{"type":"Polygon","coordinates":[[[41.0799302,19.1303126],[41.0799344,19.1304823],[41.079748,19.1304864],[41.0797439,19.1303167],[41.0799302,19.1303126]]]},"properties":{"sources":[{"property":"","dataset":"Microsoft ML Buildings","license":"ODbL-1.0","record_id":null,"update_time":"2018-09-01T00:00:00.000Z","confidence":null,"between":null,"provider":"microsoft","resource":"ml_buildings","version":"2025-02-25"}],"is_underground":false,"has_parts":false,"version":3}},
{"id":"d76a26d3-199c-41c9-996f-951db37e0623","type":"Feature","geometry":{"type":"Polygon","coordinates":[[[41.0799503,19.1303312],[41.0800253,19.1303335],[41.0800225,19.1304146],[41.0799475,19.1304122],[41.0799503,19.1303312]]]},"properties":{"sources":[{"property":"","dataset":"Microsoft ML Buildings","license":"ODbL-1.0","record_id":null,"update_time":"2018-09-01T00:00:00.000Z","confidence":null,"between":null,"provider":"microsoft","resource":"ml_buildings","version":"2025-02-25"}],"is_underground":false,"has_parts":false,"version":3}},
{"id":"3687e5ff-8079-420d-a59e-93ab53abfce2","type":"Feature","geometry":{"type":"Polygon","coordinates":[[[41.0799487,19.1304172],[41.0801566,19.1304215],[41.0801548,19.1304975],[41.079947,19.1304932],[41.0799487,19.1304172]]]},"properties":{"sources":[{"property":"","dataset":"Microsoft ML Buildings","license":"ODbL-1.0","record_id":null,"update_time":"2018-09-01T00:00:00.000Z","confidence":null,"between":null,"provider":"microsoft","resource":"ml_buildings","version":"2025-02-25"}],"is_underground":false,"has_parts":false,"version":3}},
{"id":"fa5c7d57-babf-47ea-ba6d-6c606040cf69","type":"Feature","geometry":{"type":"Polygon","coordinates":[[[41.0798994,19.1306516],[41.079752,19.130656],[41.0797478,19.1305319],[41.0798952,19.1305276],[41.0798994,19.1306516]]]},"properties":{"sources":[{"property":"","dataset":"Microsoft ML Buildings","license":"ODbL-1.0","record_id":null,"update_time":"2018-09-01T00:00:00.000Z","confidence":null,"between":null,"provider":"microsoft","resource":"ml_buildings","version":"2025-02-25"}],"is_underground":false,"has_parts":false,"version":3}},
{"id":"9ef6a81e-985f-438a-9414-9fb98c94c10f","type":"Feature","geometry":{"type":"Polygon","coordinates":[[[41.0794542,19.1306407],[41.0796019,19.1306223],[41.0796185,19.1307419],[41.0794709,19.1307602],[41.0794542,19.1306407]]]},"properties":{"sources":[{"property":"","dataset":"Microsoft ML Buildings","license":"ODbL-1.0","record_id":null,"update_time":"2018-09-01T00:00:00.000Z","confidence":null,"between":null,"provider":"microsoft","resource":"ml_buildings","version":"2025-02-25"}],"is_underground":false,"has_parts":false,"version":3}},
{"id":"dd1d8ebd-bf5c-43af-a08b-202868eca37d","type":"Feature","geometry":{"type":"Polygon","coordinates":[[[41.079588,19.130486],[41.079597,19.1305816],[41.0794439,19.1305944],[41.0794349,19.1304988],[41.079588,19.130486]]]},"properties":{"sources":[{"property":"","dataset":"Microsoft ML Buildings","license":"ODbL-1.0","record_id":null,"update_time":"2018-09-01T00:00:00.000Z","confidence":null,"between":null,"provider":"microsoft","resource":"ml_buildings","version":"2025-02-25"}],"is_underground":false,"has_parts":false,"version":3}},
{"id":"0f186fa6-d2c8-48d4-a03a-e0eaa9fe09fc","type":"Feature","geometry":{"type":"Polygon","coordinates":[[[41.0797067,19.1302213],[41.0798327,19.1302197],[41.0798336,19.1302805],[41.0797799,19.1302812],[41.0797799,19.1302787],[41.0797075,19.1302796],[41.0797067,19.1302213]]]},"properties":{"sources":[{"property":"","dataset":"Microsoft ML Buildings","license":"ODbL-1.0","record_id":null,"update_time":"2018-09-01T00:00:00.000Z","confidence":null,"between":null,"provider":"microsoft","resource":"ml_buildings","version":"2025-02-25"}],"is_underground":false,"has_parts":false,"version":3}},
{"id":"ff99554d-2b24-4d1a-a252-aea25e4fd6a2","type":"Feature","geometry":{"type":"Polygon","coordinates":[[[41.0796388,19.1310034],[41.0796429,19.1310589],[41.0795187,19.1310672],[41.0795146,19.1310117],[41.0796388,19.1310034]]]},"properties":{"sources":[{"property":"","dataset":"Microsoft ML Buildings","license":"ODbL-1.0","record_id":null,"update_time":"2018-09-01T00:00:00.000Z","confidence":null,"between":null,"provider":"microsoft","resource":"ml_buildings","version":"2025-02-25"}],"is_underground":false,"has_parts":false,"version":3}},
{"id":"f4797f23-90ac-4aa0-a103-5839ac1a70b6","type":"Feature","geometry":{"type":"Polygon","coordinates":[[[41.0796326,19.1308592],[41.0796378,19.1309898],[41.0794477,19.1309965],[41.0794425,19.1308659],[41.0796326,19.1308592]]]},"properties":{"sources":[{"property":"","dataset":"Microsoft ML Buildings","license":"ODbL-1.0","record_id":null,"update_time":"2018-09-01T00:00:00.000Z","confidence":null,"between":null,"provider":"microsoft","resource":"ml_buildings","version":"2025-02-25"}],"is_underground":false,"has_parts":false,"version":3}},
{"id":"5a2fbb07-8b49-40e2-8419-b00faacf2811","type":"Feature","geometry":{"type":"Polygon","coordinates":[[[41.0796388,19.1313114],[41.0796397,19.1313326],[41.0796906,19.1313307],[41.0796941,19.1314142],[41.0795215,19.1314207],[41.0795171,19.1313159],[41.0796388,19.1313114]]]},"properties":{"sources":[{"property":"","dataset":"Microsoft ML Buildings","license":"ODbL-1.0","record_id":null,"update_time":"2018-09-01T00:00:00.000Z","confidence":null,"between":null,"provider":"microsoft","resource":"ml_buildings","version":"2025-02-25"}],"is_underground":false,"has_parts":false,"version":3}},
{"id":"6b7d6d13-bf38-4f5d-b244-76bc4d8093d5","type":"Feature","geometry":{"type":"Polygon","coordinates":[[[41.0793569,19.1312999],[41.079199,19.1312927],[41.0792048,19.1311804],[41.0790951,19.1311754],[41.0791084,19.1309185],[41.0794,19.1309319],[41.0793927,19.1310735],[41.079374,19.1310726],[41.0793666,19.1312157],[41.0793613,19.1312155],[41.0793569,19.1312999]]]},"properties":{"sources":[{"property":"","dataset":"Microsoft ML Buildings","license":"ODbL-1.0","record_id":null,"update_time":"2018-09-01T00:00:00.000Z","confidence":null,"between":null,"provider":"microsoft","resource":"ml_buildings","version":"2025-02-25"}],"is_underground":false,"has_parts":false,"version":3}},
{"id":"22c32639-0e11-4267-ad40-c5cd733784ad","type":"Feature","geometry":{"type":"Polygon","coordinates":[[[41.0790896,19.1311992],[41.0791915,19.1312022],[41.0791869,19.1313389],[41.0790851,19.1313359],[41.0790896,19.1311992]]]},"properties":{"sources":[{"property":"","dataset":"Microsoft ML Buildings","license":"ODbL-1.0","record_id":null,"update_time":"2018-09-01T00:00:00.000Z","confidence":null,"between":null,"provider":"microsoft","resource":"ml_buildings","version":"2025-02-25"}],"is_underground":false,"has_parts":false,"version":3}},
{"id":"70e19c6f-bbca-40cc-8c5d-a2366bf9ab1f","type":"Feature","geometry":{"type":"Polygon","coordinates":[[[41.0788185,19.1313361],[41.0788141,19.1311791],[41.0790339,19.1311736],[41.0790383,19.1313306],[41.0788185,19.1313361]]]},"properties":{"sources":[{"property":"","dataset":"Microsoft ML Buildings","license":"ODbL-1.0","record_id":null,"update_time":"2018-09-01T00:00:00.000Z","confidence":null,"between":null,"provider":"microsoft","resource":"ml_buildings","version":"2025-02-25"}],"is_underground":false,"has_parts":false,"version":3}},
{"id":"87463b92-d712-4344-958f-02bde2409971","type":"Feature","geometry":{"type":"Polygon","coordinates":[[[41.0789501,19.130836],[41.0789619,19.1309051],[41.0789213,19.1309114],[41.0789095,19.1308422],[41.0789501,19.130836]]]},"properties":{"sources":[{"property":"","dataset":"Microsoft ML Buildings","license":"ODbL-1.0","record_id":null,"update_time":"2018-09-01T00:00:00.000Z","confidence":null,"between":null,"provider":"microsoft","resource":"ml_buildings","version":"2025-02-25"}],"is_underground":false,"has_parts":false,"version":3}},
{"id":"e11273c0-b7d2-40b0-863a-fab739dedcda","type":"Feature","geometry":{"type":"Polygon","coordinates":[[[41.0787756,19.1308307],[41.0787876,19.13078],[41.0788617,19.1307958],[41.0788496,19.1308464],[41.0787756,19.1308307]]]},"properties":{"sources":[{"property":"","dataset":"Microsoft ML Buildings","license":"ODbL-1.0","record_id":null,"update_time":"2018-09-01T00:00:00.000Z","confidence":null,"between":null,"provider":"microsoft","resource":"ml_buildings","version":"2025-02-25"}],"is_underground":false,"has_parts":false,"version":3}},
{"id":"9486eb75-f230-4d3a-ac1c-7c772211abbd","type":"Feature","geometry":{"type":"Polygon","coordinates":[[[41.0787748,19.1308689],[41.0788352,19.1308699],[41.0788342,19.1309221],[41.0787738,19.1309211],[41.0787748,19.1308689]]]},"properties":{"sources":[{"property":"","dataset":"Microsoft ML Buildings","license":"ODbL-1.0","record_id":null,"update_time":"2018-09-01T00:00:00.000Z","confidence":null,"between":null,"provider":"microsoft","resource":"ml_buildings","version":"2025-02-25"}],"is_underground":false,"has_parts":false,"version":3}},
{"id":"78549cf9-3381-4fcd-a52f-2b2f2ce6198c","type":"Feature","geometry":{"type":"Polygon","coordinates":[[[41.0789044,19.1310245],[41.0787046,19.13102],[41.0787068,19.1309339],[41.0788369,19.1309368],[41.0788365,19.130952],[41.0789411,19.1309543],[41.0789399,19.1310025],[41.0789774,19.1310033],[41.0789764,19.1310413],[41.0790166,19.1310422],[41.0790146,19.1311232],[41.078902,19.1311207],[41.0789044,19.1310245]]]},"properties":{"sources":[{"property":"","dataset":"Microsoft ML Buildings","license":"ODbL-1.0","record_id":null,"update_time":"2018-09-01T00:00:00.000Z","confidence":null,"between":null,"provider":"microsoft","resource":"ml_buildings","version":"2025-02-25"}],"is_underground":false,"has_parts":false,"version":3}},
{"id":"00ba06e0-a192-4956-8c03-27b71773edff","type":"Feature","geometry":{"type":"Polygon","coordinates":[[[41.0787095,19.1307528],[41.0786998,19.1307965],[41.0786639,19.1307894],[41.0786735,19.1307457],[41.0787095,19.1307528]]]},"properties":{"sources":[{"property":"","dataset":"Microsoft ML Buildings","license":"ODbL-1.0","record_id":null,"update_time":"2018-09-01T00:00:00.000Z","confidence":null,"between":null,"provider":"microsoft","resource":"ml_buildings","version":"2025-02-25"}],"is_underground":false,"has_parts":false,"version":3}},
{"id":"81c15b60-139e-4850-8b15-55dfca571ae5","type":"Feature","geometry":{"type":"Polygon","coordinates":[[[41.0783999,19.1310382],[41.0783961,19.1310082],[41.0784622,19.1310007],[41.078466,19.1310307],[41.0783999,19.1310382]]]},"properties":{"sources":[{"property":"","dataset":"Microsoft ML Buildings","license":"ODbL-1.0","record_id":null,"update_time":"2018-09-01T00:00:00.000Z","confidence":null,"between":null,"provider":"microsoft","resource":"ml_buildings","version":"2025-02-25"}],"is_underground":false,"has_parts":false,"version":3}},
{"id":"5d3622a4-9c8d-48f8-846d-63e008d15739","type":"Feature","geometry":{"type":"Polygon","coordinates":[[[41.0783821,19.1311722],[41.0783796,19.13112],[41.0784546,19.1311168],[41.0784571,19.131169],[41.0783821,19.1311722]]]},"properties":{"sources":[{"property":"","dataset":"Microsoft ML Buildings","license":"ODbL-1.0","record_id":null,"update_time":"2018-09-01T00:00:00.000Z","confidence":null,"between":null,"provider":"microsoft","resource":"ml_buildings","version":"2025-02-25"}],"is_underground":false,"has_parts":false,"version":3}},
{"id":"1fb828bd-90ee-4867-b5c2-4ee91e2df03c","type":"Feature","geometry":{"type":"Polygon","coordinates":[[[41.0784739,19.1311631],[41.0784727,19.1310744],[41.0786002,19.1310728],[41.0786014,19.1311615],[41.0784739,19.1311631]]]},"properties":{"sources":[{"property":"","dataset":"Microsoft ML Buildings","license":"ODbL-1.0","record_id":null,"update_time":"2018-09-01T00:00:00.000Z","confidence":null,"between":null,"provider":"microsoft","resource":"ml_buildings","version":"2025-02-25"}],"is_underground":false,"has_parts":false,"version":3}},
{"id":"7bbdc788-6aa3-4189-a685-7f7cf257d802","type":"Feature","geometry":{"type":"Polygon","coordinates":[[[41.078712,19.1312167],[41.0787306,19.1312992],[41.078651,19.1313151],[41.0786325,19.1312327],[41.078712,19.1312167]]]},"properties":{"sources":[{"property":"","dataset":"Microsoft ML Buildings","license":"ODbL-1.0","record_id":null,"update_time":"2018-09-01T00:00:00.000Z","confidence":null,"between":null,"provider":"microsoft","resource":"ml_buildings","version":"2025-02-25"}],"is_underground":false,"has_parts":false,"version":3}},
{"id":"c336a7f7-0a2a-4031-9bcb-24f085c5bcad","type":"Feature","geometry":{"type":"Polygon","coordinates":[[[41.0786791,19.1314099],[41.0786764,19.1313467],[41.0787312,19.1313446],[41.0787339,19.1314079],[41.0786791,19.1314099]]]},"properties":{"sources":[{"property":"","dataset":"Microsoft ML Buildings","license":"ODbL-1.0","record_id":null,"update_time":"2018-09-01T00:00:00.000Z","confidence":null,"between":null,"provider":"microsoft","resource":"ml_buildings","version":"2025-02-25"}],"is_underground":false,"has_parts":false,"version":3}},
{"id":"783ad233-bbf0-4b21-ae7b-657d1ebee51e","type":"Feature","geometry":{"type":"Polygon","coordinates":[[[41.0785742,19.1314102],[41.0785635,19.1313485],[41.0786199,19.1313399],[41.0786305,19.1314016],[41.0785742,19.1314102]]]},"properties":{"sources":[{"property":"","dataset":"Microsoft ML Buildings","license":"ODbL-1.0","record_id":null,"update_time":"2018-09-01T00:00:00.000Z","confidence":null,"between":null,"provider":"microsoft","resource":"ml_buildings","version":"2025-02-25"}],"is_underground":false,"has_parts":false,"version":3}},
{"id":"330a295f-e5dc-47cb-a8df-d0a494946b27","type":"Feature","geometry":{"type":"Polygon","coordinates":[[[41.0784545,19.1311937],[41.0785535,19.1311981],[41.0785471,19.1313261],[41.0784481,19.1313217],[41.0784545,19.1311937]]]},"properties":{"sources":[{"property":"","dataset":"Microsoft ML Buildings","license":"ODbL-1.0","record_id":null,"update_time":"2018-09-01T00:00:00.000Z","confidence":null,"between":null,"provider":"microsoft","resource":"ml_buildings","version":"2025-02-25"}],"is_underground":false,"has_parts":false,"version":3}},
{"id":"bc4e2ab7-f9d5-47de-9998-f281dfc96a31","type":"Feature","geometry":{"type":"Polygon","coordinates":[[[41.0783672,19.1312275],[41.0784274,19.1312258],[41.0784303,19.1313135],[41.0783701,19.1313152],[41.0783672,19.1312275]]]},"properties":{"sources":[{"property":"","dataset":"Microsoft ML Buildings","license":"ODbL-1.0","record_id":null,"update_time":"2018-09-01T00:00:00.000Z","confidence":null,"between":null,"provider":"microsoft","resource":"ml_buildings","version":"2025-02-25"}],"is_underground":false,"has_parts":false,"version":3}},
{"id":"8858208b-9aa1-4694-8a45-84a6fe8f39a8","type":"Feature","geometry":{"type":"Polygon","coordinates":[[[41.078308,19.1313207],[41.0783117,19.131427],[41.0782313,19.1314295],[41.0782276,19.1313232],[41.078308,19.1313207]]]},"properties":{"sources":[{"property":"","dataset":"Microsoft ML Buildings","license":"ODbL-1.0","record_id":null,"update_time":"2018-09-01T00:00:00.000Z","confidence":null,"between":null,"provider":"microsoft","resource":"ml_buildings","version":"2025-02-25"}],"is_underground":false,"has_parts":false,"version":3}},
{"id":"a64b888f-8d10-4fd4-899d-35f3ae0c9ad0","type":"Feature","geometry":{"type":"Polygon","coordinates":[[[41.0782229,19.1310322],[41.0783353,19.1310365],[41.07833,19.1311605],[41.0782845,19.1311588],[41.0782862,19.1311183],[41.0782193,19.1311157],[41.0782229,19.1310322]]]},"properties":{"sources":[{"property":"","dataset":"Microsoft ML Buildings","license":"ODbL-1.0","record_id":null,"update_time":"2018-09-01T00:00:00.000Z","confidence":null,"between":null,"provider":"microsoft","resource":"ml_buildings","version":"2025-02-25"}],"is_underground":false,"has_parts":false,"version":3}},
{"id":"dd927db1-22e9-4d59-b944-b4b526274d10","type":"Feature","geometry":{"type":"Polygon","coordinates":[[[41.078169,19.1311584],[41.0782506,19.1311612],[41.0782462,19.1312751],[41.0780828,19.1312694],[41.0780859,19.1311885],[41.0780993,19.1311889],[41.0781044,19.1310599],[41.0782115,19.1310636],[41.0782086,19.131137],[41.0781699,19.1311356],[41.078169,19.1311584]]]},"properties":{"sources":[{"property":"","dataset":"Microsoft ML Buildings","license":"ODbL-1.0","record_id":null,"update_time":"2018-09-01T00:00:00.000Z","confidence":null,"between":null,"provider":"microsoft","resource":"ml_buildings","version":"2025-02-25"}],"is_underground":false,"has_parts":false,"version":3}},
{"id":"a427d88a-53ff-42e4-95c7-345c26b54311","type":"Feature","geometry":{"type":"Polygon","coordinates":[[[41.0781307,19.1314078],[41.0781263,19.1313311],[41.0782011,19.1313272],[41.0782056,19.131404],[41.0781307,19.1314078]]]},"properties":{"sources":[{"property":"","dataset":"Microsoft ML Buildings","license":"ODbL-1.0","record_id":null,"update_time":"2018-09-01T00:00:00.000Z","confidence":null,"between":null,"provider":"microsoft","resource":"ml_buildings","version":"2025-02-25"}],"is_underground":false,"has_parts":false,"version":3}},
{"id":"59d35fa4-d1b2-48b0-93b7-90d07bc35920","type":"Feature","geometry":{"type":"Polygon","coordinates":[[[41.0779717,19.1313335],[41.078057,19.1313402],[41.0780511,19.1314057],[41.0779659,19.1313989],[41.0779717,19.1313335]]]},"properties":{"sources":[{"property":"","dataset":"Microsoft ML Buildings","license":"ODbL-1.0","record_id":null,"update_time":"2018-09-01T00:00:00.000Z","confidence":null,"between":null,"provider":"microsoft","resource":"ml_buildings","version":"2025-02-25"}],"is_underground":false,"has_parts":false,"version":3}},
{"id":"f280adc9-b3e6-43db-84f3-188b2bed81c6","type":"Feature","geometry":{"type":"Polygon","coordinates":[[[41.0779524,19.1312647],[41.0780317,19.1312555],[41.0780356,19.1312854],[41.0779563,19.1312946],[41.0779524,19.1312647]]]},"properties":{"sources":[{"property":"","dataset":"Microsoft ML Buildings","license":"ODbL-1.0","record_id":null,"update_time":"2018-09-01T00:00:00.000Z","confidence":null,"between":null,"provider":"microsoft","resource":"ml_buildings","version":"2025-02-25"}],"is_underground":false,"has_parts":false,"version":3}},
{"id":"57a0ada6-854e-4de4-98d6-d672e329c0ea","type":"Feature","geometry":{"type":"Polygon","coordinates":[[[41.0779303,19.1310146],[41.0780928,19.1310416],[41.0780782,19.1311203],[41.0779157,19.1310933],[41.0779303,19.1310146]]]},"properties":{"sources":[{"property":"","dataset":"Microsoft ML Buildings","license":"ODbL-1.0","record_id":null,"update_time":"2018-09-01T00:00:00.000Z","confidence":null,"between":null,"provider":"microsoft","resource":"ml_buildings","version":"2025-02-25"}],"is_underground":false,"has_parts":false,"version":3}},
{"id":"3cd97e45-f341-4051-8015-baad58b6a491","type":"Feature","geometry":{"type":"Polygon","coordinates":[[[41.0781053,19.1307826],[41.0781363,19.1309429],[41.077926,19.1309792],[41.0778957,19.1308222],[41.077984,19.130807],[41.0779958,19.1308683],[41.078036,19.1308614],[41.0780235,19.1307967],[41.0781053,19.1307826]]]},"properties":{"sources":[{"property":"","dataset":"Microsoft ML Buildings","license":"ODbL-1.0","record_id":null,"update_time":"2018-09-01T00:00:00.000Z","confidence":null,"between":null,"provider":"microsoft","resource":"ml_buildings","version":"2025-02-25"}],"is_underground":false,"has_parts":false,"version":3}},
{"id":"d73dfbb2-9949-4bdd-8823-e29d2a8aa9f1","type":"Feature","geometry":{"type":"Polygon","coordinates":[[[41.0781226,19.1309583],[41.0782107,19.1309634],[41.0782054,19.1310467],[41.0781172,19.1310416],[41.0781226,19.1309583]]]},"properties":{"sources":[{"property":"","dataset":"Microsoft ML Buildings","license":"ODbL-1.0","record_id":null,"update_time":"2018-09-01T00:00:00.000Z","confidence":null,"between":null,"provider":"microsoft","resource":"ml_buildings","version":"2025-02-25"}],"is_underground":false,"has_parts":false,"version":3}},
{"id":"45c7cbdd-ad8b-4439-9b60-5208a4b8c535","type":"Feature","geometry":{"type":"Polygon","coordinates":[[[41.0781778,19.1309563],[41.0781754,19.1309287],[41.0782219,19.1309251],[41.0782243,19.1309528],[41.0781778,19.1309563]]]},"properties":{"sources":[{"property":"","dataset":"Microsoft ML Buildings","license":"ODbL-1.0","record_id":null,"update_time":"2018-09-01T00:00:00.000Z","confidence":null,"between":null,"provider":"microsoft","resource":"ml_buildings","version":"2025-02-25"}],"is_underground":false,"has_parts":false,"version":3}},
{"id":"8c0a3d47-501f-4de6-b2e6-b478ce540b8a","type":"Feature","geometry":{"type":"Polygon","coordinates":[[[41.0781532,19.1307693],[41.0783405,19.1307781],[41.078338,19.1308252],[41.0781507,19.1308164],[41.0781532,19.1307693]]]},"properties":{"sources":[{"property":"","dataset":"Microsoft ML Buildings","license":"ODbL-1.0","record_id":null,"update_time":"2018-09-01T00:00:00.000Z","confidence":null,"between":null,"provider":"microsoft","resource":"ml_buildings","version":"2025-02-25"}],"is_underground":false,"has_parts":false,"version":3}},
{"id":"e61c637f-b809-4060-9da8-feb980a73c2b","type":"Feature","geometry":{"type":"Polygon","coordinates":[[[41.0783402,19.1304846],[41.0783358,19.1305816],[41.0782194,19.1305768],[41.078215,19.130672],[41.078049,19.1306652],[41.0780579,19.130473],[41.0783402,19.1304846]]]},"properties":{"sources":[{"property":"","dataset":"Microsoft ML Buildings","license":"ODbL-1.0","record_id":null,"update_time":"2018-09-01T00:00:00.000Z","confidence":null,"between":null,"provider":"microsoft","resource":"ml_buildings","version":"2025-02-25"}],"is_underground":false,"has_parts":false,"version":3}},
{"id":"0559d933-acfb-4a3a-b06b-34a28ed17b1f","type":"Feature","geometry":{"type":"Polygon","coordinates":[[[41.0773829,19.1304444],[41.0777515,19.1303882],[41.0777795,19.1305521],[41.0779651,19.1305238],[41.0780029,19.1307452],[41.0778565,19.1307675],[41.0778309,19.1306177],[41.0774231,19.1306799],[41.0773829,19.1304444]]]},"properties":{"sources":[{"property":"","dataset":"Microsoft ML Buildings","license":"ODbL-1.0","record_id":null,"update_time":"2018-09-01T00:00:00.000Z","confidence":null,"between":null,"provider":"microsoft","resource":"ml_buildings","version":"2025-02-25"}],"is_underground":false,"has_parts":false,"version":3}},
{"id":"a7737236-6b2e-427d-a08f-ae85ed7dda20","type":"Feature","geometry":{"type":"Polygon","coordinates":[[[41.0778629,19.1300099],[41.0780184,19.1300064],[41.0780256,19.1302926],[41.0778084,19.1302974],[41.0778047,19.130148],[41.0778664,19.1301466],[41.0778629,19.1300099]]]},"properties":{"sources":[{"property":"","dataset":"Microsoft ML Buildings","license":"ODbL-1.0","record_id":null,"update_time":"2018-09-01T00:00:00.000Z","confidence":null,"between":null,"provider":"microsoft","resource":"ml_buildings","version":"2025-02-25"}],"is_underground":false,"has_parts":false,"version":3}},
{"id":"c3ec52e2-bdef-4057-b236-df47686f2325","type":"Feature","geometry":{"type":"Polygon","coordinates":[[[41.0782703,19.1302378],[41.0782841,19.1303631],[41.0782178,19.1303696],[41.0782078,19.1302794],[41.0781097,19.130289],[41.078103,19.1302289],[41.0781681,19.1302225],[41.0781709,19.1302475],[41.0782703,19.1302378]]]},"properties":{"sources":[{"property":"","dataset":"Microsoft ML Buildings","license":"ODbL-1.0","record_id":null,"update_time":"2018-09-01T00:00:00.000Z","confidence":null,"between":null,"provider":"microsoft","resource":"ml_buildings","version":"2025-02-25"}],"is_underground":false,"has_parts":false,"version":3}},
{"id":"0e65457b-cd04-4ed8-a6ca-1483d30e76dd","type":"Feature","geometry":{"type":"Polygon","coordinates":[[[41.0787571,19.1301492],[41.0787603,19.1302759],[41.078598,19.1302795],[41.0785949,19.1301529],[41.0787571,19.1301492]]]},"properties":{"sources":[{"property":"","dataset":"Microsoft ML Buildings","license":"ODbL-1.0","record_id":null,"update_time":"2018-09-01T00:00:00.000Z","confidence":null,"between":null,"provider":"microsoft","resource":"ml_buildings","version":"2025-02-25"}],"is_underground":false,"has_parts":false,"version":3}},
{"id":"d7863bef-1c60-412a-93bf-58715a4ceea7","type":"Feature","geometry":{"type":"Polygon","coordinates":[[[41.0785153,19.1304095],[41.0785108,19.1305589],[41.0784063,19.1305561],[41.0784108,19.1304067],[41.0785153,19.1304095]]]},"properties":{"sources":[{"property":"","dataset":"Microsoft ML Buildings","license":"ODbL-1.0","record_id":null,"update_time":"2018-09-01T00:00:00.000Z","confidence":null,"between":null,"provider":"microsoft","resource":"ml_buildings","version":"2025-02-25"}],"is_underground":false,"has_parts":false,"version":3}},
{"id":"6f8ae620-0e7b-4b67-8bd6-3fd0bd3604e9","type":"Feature","geometry":{"type":"Polygon","coordinates":[[[41.0785859,19.1304716],[41.0785964,19.1302938],[41.0787568,19.1303022],[41.0787464,19.13048],[41.0785859,19.1304716]]]},"properties":{"sources":[{"property":"","dataset":"Microsoft ML Buildings","license":"ODbL-1.0","record_id":null,"update_time":"2018-09-01T00:00:00.000Z","confidence":null,"between":null,"provider":"microsoft","resource":"ml_buildings","version":"2025-02-25"}],"is_underground":false,"has_parts":false,"version":3}},
{"id":"894e3941-5b01-423d-920a-71a4abfeee90","type":"Feature","geometry":{"type":"Polygon","coordinates":[[[41.0787263,19.1306512],[41.0787301,19.1305575],[41.0791145,19.1305714],[41.0791107,19.130665],[41.0787263,19.1306512]]]},"properties":{"sources":[{"property":"","dataset":"Microsoft ML Buildings","license":"ODbL-1.0","record_id":null,"update_time":"2018-09-01T00:00:00.000Z","confidence":null,"between":null,"provider":"microsoft","resource":"ml_buildings","version":"2025-02-25"}],"is_underground":false,"has_parts":false,"version":3}},
{"id":"5607548e-ca5d-4886-918a-3054f526e0ea","type":"Feature","geometry":{"type":"Polygon","coordinates":[[[41.0789206,19.1304308],[41.0788994,19.1303479],[41.078997,19.1303257],[41.0790181,19.1304086],[41.0789206,19.1304308]]]},"properties":{"sources":[{"property":"","dataset":"Microsoft ML Buildings","license":"ODbL-1.0","record_id":null,"update_time":"2018-09-01T00:00:00.000Z","confidence":null,"between":null,"provider":"microsoft","resource":"ml_buildings","version":"2025-02-25"}],"is_underground":false,"has_parts":false,"version":3}},
{"id":"a496bc92-4968-4ad0-b5cc-bbf9e0ce4218","type":"Feature","geometry":{"type":"Polygon","coordinates":[[[41.079139,19.1302797],[41.0791624,19.1303893],[41.0790296,19.1304145],[41.0790062,19.1303049],[41.079139,19.1302797]]]},"properties":{"sources":[{"property":"","dataset":"Microsoft ML Buildings","license":"ODbL-1.0","record_id":null,"update_time":"2018-09-01T00:00:00.000Z","confidence":null,"between":null,"provider":"microsoft","resource":"ml_buildings","version":"2025-02-25"}],"is_underground":false,"has_parts":false,"version":3}},
{"id":"90da1c71-310a-4ddc-a794-2b246b051041","type":"Feature","geometry":{"type":"Polygon","coordinates":[[[41.0790585,19.1301485],[41.079082,19.1302313],[41.0789668,19.1302604],[41.0789434,19.1301777],[41.0790585,19.1301485]]]},"properties":{"sources":[{"property":"","dataset":"Microsoft ML Buildings","license":"ODbL-1.0","record_id":null,"update_time":"2018-09-01T00:00:00.000Z","confidence":null,"between":null,"provider":"microsoft","resource":"ml_buildings","version":"2025-02-25"}],"is_underground":false,"has_parts":false,"version":3}},
{"id":"8982b3c1-de64-4ef0-9477-741f1d8741d4","type":"Feature","geometry":{"type":"Polygon","coordinates":[[[41.0789726,19.1301518],[41.0789652,19.1301135],[41.07903,19.1301023],[41.0790375,19.1301406],[41.0789726,19.1301518]]]},"properties":{"sources":[{"property":"","dataset":"Microsoft ML Buildings","license":"ODbL-1.0","record_id":null,"update_time":"2018-09-01T00:00:00.000Z","confidence":null,"between":null,"provider":"microsoft","resource":"ml_buildings","version":"2025-02-25"}],"is_underground":false,"has_parts":false,"version":3}},
{"id":"4a3a055f-b135-45d2-8d90-19985afcbc28","type":"Feature","geometry":{"type":"Polygon","coordinates":[[[41.0786728,19.1297259],[41.0786735,19.1295926],[41.0787338,19.1295928],[41.0787335,19.1296679],[41.0787992,19.1296682],[41.078799,19.1296935],[41.078854,19.1296937],[41.0788538,19.1297495],[41.0788792,19.1297496],[41.0788788,19.1298307],[41.0787072,19.1298299],[41.0787077,19.1297261],[41.0786728,19.1297259]]]},"properties":{"sources":[{"property":"","dataset":"Microsoft ML Buildings","license":"ODbL-1.0","record_id":null,"update_time":"2018-09-01T00:00:00.000Z","confidence":null,"between":null,"provider":"microsoft","resource":"ml_buildings","version":"2025-02-25"}],"is_underground":false,"has_parts":false,"version":3}},
{"id":"67693f2d-4808-407b-80c3-ca285d7b3cfa","type":"Feature","geometry":{"type":"Polygon","coordinates":[[[41.0788564,19.129663999999998],[41.0787398,19.129665],[41.0787389,19.1295661],[41.0788555,19.1295652],[41.0788564,19.129663999999998]]]},"properties":{"sources":[{"property":"","dataset":"Microsoft ML Buildings","license":"ODbL-1.0","record_id":null,"update_time":"2018-09-01T00:00:00.000Z","confidence":null,"between":null,"provider":"microsoft","resource":"ml_buildings","version":"2025-02-25"}],"is_underground":false,"has_parts":false,"version":3}},
{"id":"45954870-faed-44cd-aa4d-5c669d56e603","type":"Feature","geometry":{"type":"Polygon","coordinates":[[[41.0786694,19.1294755],[41.0786688,19.1294476],[41.0787358,19.1294463],[41.0787364,19.1294742],[41.0786694,19.1294755]]]},"properties":{"sources":[{"property":"","dataset":"Microsoft ML Buildings","license":"ODbL-1.0","record_id":null,"update_time":"2018-09-01T00:00:00.000Z","confidence":null,"between":null,"provider":"microsoft","resource":"ml_buildings","version":"2025-02-25"}],"is_underground":false,"has_parts":false,"version":3}},
{"id":"5358c104-ec1b-480d-8c03-c1e27f684475","type":"Feature","geometry":{"type":"Polygon","coordinates":[[[41.0785382,19.1296848],[41.0785137,19.1294309],[41.0786254,19.1294213],[41.0786189,19.1293534],[41.0787439,19.1293427],[41.0787516,19.1294222],[41.0786452,19.1294313],[41.0786685,19.1296735],[41.0785382,19.1296848]]]},"properties":{"sources":[{"property":"","dataset":"Microsoft ML Buildings","license":"ODbL-1.0","record_id":null,"update_time":"2018-09-01T00:00:00.000Z","confidence":null,"between":null,"provider":"microsoft","resource":"ml_buildings","version":"2025-02-25"}],"is_underground":false,"has_parts":false,"version":3}},
{"id":"4aa954f2-7f52-40dd-97e2-f86aba5782dc","type":"Feature","geometry":{"type":"Polygon","coordinates":[[[41.078465,19.1294354],[41.078473,19.1296572],[41.0782908,19.129663],[41.0782865,19.1295415],[41.0783695,19.1295389],[41.0783659,19.1294386],[41.078465,19.1294354]]]},"properties":{"sources":[{"property":"","dataset":"Microsoft ML Buildings","license":"ODbL-1.0","record_id":null,"update_time":"2018-09-01T00:00:00.000Z","confidence":null,"between":null,"provider":"microsoft","resource":"ml_buildings","version":"2025-02-25"}],"is_underground":false,"has_parts":false,"version":3}},
{"id":"ba707027-cebd-4ebb-bf5c-64864e1e39ee","type":"Feature","geometry":{"type":"Polygon","coordinates":[[[41.0784156,19.12986],[41.0782991,19.1298636],[41.0782935,19.1297041],[41.0784851,19.1296982],[41.0784876,19.1297706],[41.0784126,19.129773],[41.0784156,19.12986]]]},"properties":{"sources":[{"property":"","dataset":"Microsoft ML Buildings","license":"ODbL-1.0","record_id":null,"update_time":"2018-09-01T00:00:00.000Z","confidence":null,"between":null,"provider":"microsoft","resource":"ml_buildings","version":"2025-02-25"}],"is_underground":false,"has_parts":false,"version":3}},
{"id":"9ee82c94-6ec8-417d-8949-493b09edbb4d","type":"Feature","geometry":{"type":"Polygon","coordinates":[[[41.0784978,19.1298123],[41.0784978,19.1298528],[41.0784388,19.1298528],[41.0784388,19.1298123],[41.0784978,19.1298123]]]},"properties":{"sources":[{"property":"","dataset":"Microsoft ML Buildings","license":"ODbL-1.0","record_id":null,"update_time":"2018-09-01T00:00:00.000Z","confidence":null,"between":null,"provider":"microsoft","resource":"ml_buildings","version":"2025-02-25"}],"is_underground":false,"has_parts":false,"version":3}},
{"id":"381a7f1d-7ab1-4d34-9de8-daa52a71357c","type":"Feature","geometry":{"type":"Polygon","coordinates":[[[41.0785233,19.1300342],[41.0785238,19.1301771],[41.0783629,19.1301775],[41.0783625,19.1300651],[41.0782901,19.1300653],[41.0782898,19.129969],[41.0783018,19.129969],[41.0783015,19.1298761],[41.0784316,19.1298758],[41.0784316,19.1298647],[41.0785026,19.1298645],[41.078503,19.1299735],[41.0784735,19.1299735],[41.0784737,19.1300344],[41.0785233,19.1300342]]]},"properties":{"sources":[{"property":"","dataset":"Microsoft ML Buildings","license":"ODbL-1.0","record_id":null,"update_time":"2018-09-01T00:00:00.000Z","confidence":null,"between":null,"provider":"microsoft","resource":"ml_buildings","version":"2025-02-25"}],"is_underground":false,"has_parts":false,"version":3}},
{"id":"6636d046-3243-4f6f-88e4-289d4cc5cd79","type":"Feature","geometry":{"type":"Polygon","coordinates":[[[41.0781289,19.1299356],[41.078117399999996,19.1298201],[41.0779818,19.1298321],[41.0779615,19.1296287],[41.0780839,19.1296178],[41.0780878,19.1296571],[41.0780984,19.1296561],[41.0781065,19.1297374],[41.0782328,19.1297262],[41.0782445,19.1298443],[41.0782392,19.1298448],[41.0782472,19.1299251],[41.0781289,19.1299356]]]},"properties":{"sources":[{"property":"","dataset":"Microsoft ML Buildings","license":"ODbL-1.0","record_id":null,"update_time":"2018-09-01T00:00:00.000Z","confidence":null,"between":null,"provider":"microsoft","resource":"ml_buildings","version":"2025-02-25"}],"is_underground":false,"has_parts":false,"version":3}},
{"id":"d60e82fa-6fb0-485f-beac-89ed7e17b427","type":"Feature","geometry":{"type":"Polygon","coordinates":[[[41.0782129,19.129967],[41.0782168,19.1300403],[41.0780549,19.130048],[41.078051,19.129974700000002],[41.0782129,19.129967]]]},"properties":{"sources":[{"property":"","dataset":"Microsoft ML Buildings","license":"ODbL-1.0","record_id":null,"update_time":"2018-09-01T00:00:00.000Z","confidence":null,"between":null,"provider":"microsoft","resource":"ml_buildings","version":"2025-02-25"}],"is_underground":false,"has_parts":false,"version":3}},
{"id":"1e996640-d507-4189-9aa2-ae06f89e86dd","type":"Feature","geometry":{"type":"Polygon","coordinates":[[[41.0779307,19.1299768],[41.0777909,19.129988],[41.0777768,19.1298304],[41.0778673,19.1298231],[41.0778758,19.1299179],[41.0779251,19.1299139],[41.0779307,19.1299768]]]},"properties":{"sources":[{"property":"","dataset":"Microsoft ML Buildings","license":"ODbL-1.0","record_id":null,"update_time":"2018-09-01T00:00:00.000Z","confidence":null,"between":null,"provider":"microsoft","resource":"ml_buildings","version":"2025-02-25"}],"is_underground":false,"has_parts":false,"version":3}},
{"id":"9b52c208-3231-4a21-94c4-79308d745a76","type":"Feature","geometry":{"type":"Polygon","coordinates":[[[41.0779732,19.1297824],[41.0779756,19.1298685],[41.0778818,19.1298708],[41.0778794,19.1297847],[41.0779732,19.1297824]]]},"properties":{"sources":[{"property":"","dataset":"Microsoft ML Buildings","license":"ODbL-1.0","record_id":null,"update_time":"2018-09-01T00:00:00.000Z","confidence":null,"between":null,"provider":"microsoft","resource":"ml_buildings","version":"2025-02-25"}],"is_underground":false,"has_parts":false,"version":3}},
{"id":"1879e391-cab6-45e1-9934-7bde62a4c1fe","type":"Feature","geometry":{"type":"Polygon","coordinates":[[[41.0778773,19.1295552],[41.0778784,19.1296084],[41.0779427,19.1296072],[41.0779447,19.1297051],[41.0778013,19.1297077],[41.0777982,19.1295566],[41.0778773,19.1295552]]]},"properties":{"sources":[{"property":"","dataset":"Microsoft ML Buildings","license":"ODbL-1.0","record_id":null,"update_time":"2018-09-01T00:00:00.000Z","confidence":null,"between":null,"provider":"microsoft","resource":"ml_buildings","version":"2025-02-25"}],"is_underground":false,"has_parts":false,"version":3}},
{"id":"4437129c-0363-4297-9399-47aff01eb763","type":"Feature","geometry":{"type":"Polygon","coordinates":[[[41.0778697,19.1293195],[41.0778687,19.1294006],[41.0777547,19.1293993],[41.0777558,19.1293182],[41.0778697,19.1293195]]]},"properties":{"sources":[{"property":"","dataset":"Microsoft ML Buildings","license":"ODbL-1.0","record_id":null,"update_time":"2018-09-01T00:00:00.000Z","confidence":null,"between":null,"provider":"microsoft","resource":"ml_buildings","version":"2025-02-25"}],"is_underground":false,"has_parts":false,"version":3}},
{"id":"3c87da7f-7624-4289-bb5c-377d905df6fa","type":"Feature","geometry":{"type":"Polygon","coordinates":[[[41.0778815,19.1293269],[41.0779486,19.1293261],[41.0779494,19.1293911],[41.0778823,19.1293918],[41.0778815,19.1293269]]]},"properties":{"sources":[{"property":"","dataset":"Microsoft ML Buildings","license":"ODbL-1.0","record_id":null,"update_time":"2018-09-01T00:00:00.000Z","confidence":null,"between":null,"provider":"microsoft","resource":"ml_buildings","version":"2025-02-25"}],"is_underground":false,"has_parts":false,"version":3}},
{"id":"959a6c9b-8e27-4b7d-8a89-de1965d06f10","type":"Feature","geometry":{"type":"Polygon","coordinates":[[[41.0780046,19.1293834],[41.0781536,19.1293539],[41.0781743,19.1294471],[41.0780252,19.1294766],[41.0780046,19.1293834]]]},"properties":{"sources":[{"property":"","dataset":"Microsoft ML Buildings","license":"ODbL-1.0","record_id":null,"update_time":"2018-09-01T00:00:00.000Z","confidence":null,"between":null,"provider":"microsoft","resource":"ml_buildings","version":"2025-02-25"}],"is_underground":false,"has_parts":false,"version":3}},
{"id":"9ef02817-6c67-454e-960b-c1f5ce809d16","type":"Feature","geometry":{"type":"Polygon","coordinates":[[[41.0782048,19.1296664],[41.0782082,19.1295499],[41.0782632,19.1295513],[41.0782597,19.1296678],[41.0782048,19.1296664]]]},"properties":{"sources":[{"property":"","dataset":"Microsoft ML Buildings","license":"ODbL-1.0","record_id":null,"update_time":"2018-09-01T00:00:00.000Z","confidence":null,"between":null,"provider":"microsoft","resource":"ml_buildings","version":"2025-02-25"}],"is_underground":false,"has_parts":false,"version":3}},
{"id":"d035335f-a510-4fc6-8c1f-d4864b2e86f0","type":"Feature","geometry":{"type":"Polygon","coordinates":[[[41.0782781,19.1290417],[41.0784269,19.1290431],[41.078425,19.1292306],[41.0783084,19.1292295],[41.0783092,19.1291484],[41.078277,19.1291481],[41.0782781,19.1290417]]]},"properties":{"sources":[{"property":"","dataset":"Microsoft ML Buildings","license":"ODbL-1.0","record_id":null,"update_time":"2018-09-01T00:00:00.000Z","confidence":null,"between":null,"provider":"microsoft","resource":"ml_buildings","version":"2025-02-25"}],"is_underground":false,"has_parts":false,"version":3}},
{"id":"1be3f60a-f9b5-40a5-8548-026bb4ea0be3","type":"Feature","geometry":{"type":"Polygon","coordinates":[[[41.078155,19.1292826],[41.0780375,19.1292753],[41.078065,19.1288814],[41.0781074,19.129083],[41.0782442,19.1290573],[41.0782669,19.1291654],[41.0782061,19.1291769],[41.0781332,19.1291723],[41.0781287,19.129237],[41.0782659,19.1292112],[41.0782633,19.1292497],[41.0782061,19.1292605],[41.0782973,19.1292662],[41.0783091,19.1292639],[41.0783302,19.1293639],[41.0781883,19.1293905],[41.0781758,19.1293314],[41.0781765,19.1293218],[41.0781583,19.1292356],[41.078155,19.1292826]]]},"properties":{"sources":[{"property":"","dataset":"Microsoft ML Buildings","license":"ODbL-1.0","record_id":null,"update_time":"2018-09-01T00:00:00.000Z","confidence":null,"between":null,"provider":"microsoft","resource":"ml_buildings","version":"2025-02-25"}],"is_underground":false,"has_parts":false,"version":3}},
{"id":"ba9aed41-7b88-49b8-9f41-a7cd0e9a4c2b","type":"Feature","geometry":{"type":"Polygon","coordinates":[[[41.0780093,19.128855],[41.0780272,19.128942],[41.0778812,19.1289689],[41.0778633,19.1288818],[41.0780093,19.128855]]]},"properties":{"sources":[{"property":"","dataset":"Microsoft ML Buildings","license":"ODbL-1.0","record_id":null,"update_time":"2018-09-01T00:00:00.000Z","confidence":null,"between":null,"provider":"microsoft","resource":"ml_buildings","version":"2025-02-25"}],"is_underground":false,"has_parts":false,"version":3}},
{"id":"d0637207-3c2e-42e4-8107-6359aee51865","type":"Feature","geometry":{"type":"Polygon","coordinates":[[[41.0780834,19.1290083],[41.0780724,19.1287543],[41.0782961,19.1287457],[41.078307,19.1289997],[41.0780834,19.1290083]]]},"properties":{"sources":[{"property":"","dataset":"Microsoft ML Buildings","license":"ODbL-1.0","record_id":null,"update_time":"2018-09-01T00:00:00.000Z","confidence":null,"between":null,"provider":"microsoft","resource":"ml_buildings","version":"2025-02-25"}],"is_underground":false,"has_parts":false,"version":3}},
{"id":"6644dd89-2690-4567-828f-5c3ebdc3e292","type":"Feature","geometry":{"type":"Polygon","coordinates":[[[41.0783252,19.1287373],[41.0783326,19.1287921],[41.0783049,19.1287955],[41.0782975,19.1287406],[41.0783252,19.1287373]]]},"properties":{"sources":[{"property":"","dataset":"Microsoft ML Buildings","license":"ODbL-1.0","record_id":null,"update_time":"2018-09-01T00:00:00.000Z","confidence":null,"between":null,"provider":"microsoft","resource":"ml_buildings","version":"2025-02-25"}],"is_underground":false,"has_parts":false,"version":3}},
{"id":"88095567-8103-474d-b946-ba7e5855b93b","type":"Feature","geometry":{"type":"Polygon","coordinates":[[[41.0784379,19.1287099],[41.0784572,19.1288323],[41.0783627,19.1288456],[41.0783434,19.1287232],[41.0784379,19.1287099]]]},"properties":{"sources":[{"property":"","dataset":"Microsoft ML Buildings","license":"ODbL-1.0","record_id":null,"update_time":"2018-09-01T00:00:00.000Z","confidence":null,"between":null,"provider":"microsoft","resource":"ml_buildings","version":"2025-02-25"}],"is_underground":false,"has_parts":false,"version":3}},
{"id":"0eb58eeb-f37b-4648-98cb-a590f7c724f9","type":"Feature","geometry":{"type":"Polygon","coordinates":[[[41.0785784,19.1292305],[41.0786027,19.129344],[41.0784932,19.1293649],[41.0784689,19.1292514],[41.0785784,19.1292305]]]},"properties":{"sources":[{"property":"","dataset":"Microsoft ML Buildings","license":"ODbL-1.0","record_id":null,"update_time":"2018-09-01T00:00:00.000Z","confidence":null,"between":null,"provider":"microsoft","resource":"ml_buildings","version":"2025-02-25"}],"is_underground":false,"has_parts":false,"version":3}},
{"id":"fae6f6df-a6e3-489b-aeca-1f07072ff026","type":"Feature","geometry":{"type":"Polygon","coordinates":[[[41.0786194,19.1293122],[41.0786152,19.1292389],[41.0786981,19.1292347],[41.0787023,19.129308],[41.0786194,19.1293122]]]},"properties":{"sources":[{"property":"","dataset":"Microsoft ML Buildings","license":"ODbL-1.0","record_id":null,"update_time":"2018-09-01T00:00:00.000Z","confidence":null,"between":null,"provider":"microsoft","resource":"ml_buildings","version":"2025-02-25"}],"is_underground":false,"has_parts":false,"version":3}},
{"id":"0c00e928-e5d1-439c-97eb-2c56a83015ea","type":"Feature","geometry":{"type":"Polygon","coordinates":[[[41.078489,19.1290351],[41.0786143,19.129006],[41.0786649,19.1292005],[41.0785396,19.1292295],[41.078489,19.1290351]]]},"properties":{"sources":[{"property":"","dataset":"Microsoft ML Buildings","license":"ODbL-1.0","record_id":null,"update_time":"2018-09-01T00:00:00.000Z","confidence":null,"between":null,"provider":"microsoft","resource":"ml_buildings","version":"2025-02-25"}],"is_underground":false,"has_parts":false,"version":3}},
{"id":"1701fb84-5e96-444e-9b4c-06dd362ab187","type":"Feature","geometry":{"type":"Polygon","coordinates":[[[41.0789445,19.1289767],[41.0789498,19.1290947],[41.0788266,19.1290996],[41.0788213,19.1289817],[41.0789445,19.1289767]]]},"properties":{"sources":[{"property":"","dataset":"Microsoft ML Buildings","license":"ODbL-1.0","record_id":null,"update_time":"2018-09-01T00:00:00.000Z","confidence":null,"between":null,"provider":"microsoft","resource":"ml_buildings","version":"2025-02-25"}],"is_underground":false,"has_parts":false,"version":3}},
{"id":"c2bd1cd7-1f3b-4a35-a5c7-3516aa97d13b","type":"Feature","geometry":{"type":"Polygon","coordinates":[[[41.0788279,19.1293838],[41.0788203,19.1291737],[41.0788927,19.1291713],[41.0789003,19.1293814],[41.0788279,19.1293838]]]},"properties":{"sources":[{"property":"","dataset":"Microsoft ML Buildings","license":"ODbL-1.0","record_id":null,"update_time":"2018-09-01T00:00:00.000Z","confidence":null,"between":null,"provider":"microsoft","resource":"ml_buildings","version":"2025-02-25"}],"is_underground":false,"has_parts":false,"version":3}},
{"id":"8b5f8b09-0ced-48b3-922a-c462b1ec40a3","type":"Feature","geometry":{"type":"Polygon","coordinates":[[[41.0792051,19.1291454],[41.0792625,19.1294131],[41.0792135,19.1294225],[41.0792047,19.1293811],[41.0791634,19.129389],[41.0791734,19.1294353],[41.0792262,19.1294252],[41.0792424,19.1295006],[41.0789448,19.1295576],[41.0789082,19.1293872],[41.0790499,19.1293601],[41.0790447,19.1293357],[41.0790911,19.1293268],[41.0790796,19.1292733],[41.078925,19.1293029],[41.0788989,19.1291812],[41.0790123,19.1291595],[41.0789732,19.1289769],[41.0791342,19.1289461],[41.0791781,19.1291505],[41.0792051,19.1291454]]]},"properties":{"sources":[{"property":"","dataset":"Microsoft ML Buildings","license":"ODbL-1.0","record_id":null,"update_time":"2018-09-01T00:00:00.000Z","confidence":null,"between":null,"provider":"microsoft","resource":"ml_buildings","version":"2025-02-25"}],"is_underground":false,"has_parts":false,"version":3}},
{"id":"bf989fba-6d1b-4b10-977e-ee65e3ff39d4","type":"Feature","geometry":{"type":"Polygon","coordinates":[[[41.07906,19.1289092],[41.0790488,19.128845],[41.0791141,19.1288348],[41.0791252,19.128899],[41.07906,19.1289092]]]},"properties":{"sources":[{"property":"","dataset":"Microsoft ML Buildings","license":"ODbL-1.0","record_id":null,"update_time":"2018-09-01T00:00:00.000Z","confidence":null,"between":null,"provider":"microsoft","resource":"ml_buildings","version":"2025-02-25"}],"is_underground":false,"has_parts":false,"version":3}},
{"id":"abe16c91-78e4-45b4-8029-69aba0f967a2","type":"Feature","geometry":{"type":"Polygon","coordinates":[[[41.0786576,19.1289098],[41.0786506,19.1287809],[41.0787269,19.1287772],[41.0787253,19.1287484],[41.0788109,19.1287443],[41.0788195,19.1289019],[41.0786576,19.1289098]]]},"properties":{"sources":[{"property":"","dataset":"Microsoft ML Buildings","license":"ODbL-1.0","record_id":null,"update_time":"2018-09-01T00:00:00.000Z","confidence":null,"between":null,"provider":"microsoft","resource":"ml_buildings","version":"2025-02-25"}],"is_underground":false,"has_parts":false,"version":3}},
{"id":"3c335e13-f0be-4402-b287-13da32e9fa41","type":"Feature","geometry":{"type":"Polygon","coordinates":[[[41.0789944,19.1289122],[41.0788564,19.128917],[41.0788465,19.1286588],[41.0789483,19.1286553],[41.0789515,19.1287388],[41.0789797,19.1287379],[41.0789832,19.128829],[41.0789912,19.1288287],[41.0789944,19.1289122]]]},"properties":{"sources":[{"property":"","dataset":"Microsoft ML Buildings","license":"ODbL-1.0","record_id":null,"update_time":"2018-09-01T00:00:00.000Z","confidence":null,"between":null,"provider":"microsoft","resource":"ml_buildings","version":"2025-02-25"}],"is_underground":false,"has_parts":false,"version":3}},
{"id":"63efb4f8-e3b8-4d97-892d-1c95752a7631","type":"Feature","geometry":{"type":"Polygon","coordinates":[[[41.0792094,19.1288279],[41.0792019,19.1286432],[41.0792662,19.1286409],[41.0792737,19.1288256],[41.0792094,19.1288279]]]},"properties":{"sources":[{"property":"","dataset":"Microsoft ML Buildings","license":"ODbL-1.0","record_id":null,"update_time":"2018-09-01T00:00:00.000Z","confidence":null,"between":null,"provider":"microsoft","resource":"ml_buildings","version":"2025-02-25"}],"is_underground":false,"has_parts":false,"version":3}},
{"id":"51e9f493-9f0b-4266-a526-b48e908e89c0","type":"Feature","geometry":{"type":"Polygon","coordinates":[[[41.0793897,19.1289619],[41.0792545,19.1289357],[41.0792766,19.1288336],[41.0794118,19.1288597],[41.0793897,19.1289619]]]},"properties":{"sources":[{"property":"","dataset":"Microsoft ML Buildings","license":"ODbL-1.0","record_id":null,"update_time":"2018-09-01T00:00:00.000Z","confidence":null,"between":null,"provider":"microsoft","resource":"ml_buildings","version":"2025-02-25"}],"is_underground":false,"has_parts":false,"version":3}},
{"id":"91777a54-0927-4564-949b-65f5960b799f","type":"Feature","geometry":{"type":"Polygon","coordinates":[[[41.0794183,19.1286612],[41.0795038,19.128682],[41.0794928,19.1287224],[41.0794073,19.1287017],[41.0794183,19.1286612]]]},"properties":{"sources":[{"property":"","dataset":"Microsoft ML Buildings","license":"ODbL-1.0","record_id":null,"update_time":"2018-09-01T00:00:00.000Z","confidence":null,"between":null,"provider":"microsoft","resource":"ml_buildings","version":"2025-02-25"}],"is_underground":false,"has_parts":false,"version":3}},
{"id":"ca70c7f8-dee8-4522-b965-ec1fc332dc06","type":"Feature","geometry":{"type":"Polygon","coordinates":[[[41.0795727,19.1287089],[41.079611,19.1287194],[41.0795916,19.1287825],[41.0795532,19.1287719],[41.0795727,19.1287089]]]},"properties":{"sources":[{"property":"","dataset":"Microsoft ML Buildings","license":"ODbL-1.0","record_id":null,"update_time":"2018-09-01T00:00:00.000Z","confidence":null,"between":null,"provider":"microsoft","resource":"ml_buildings","version":"2025-02-25"}],"is_underground":false,"has_parts":false,"version":3}},
{"id":"359b590f-6827-470f-acac-bc2af560322c","type":"Feature","geometry":{"type":"Polygon","coordinates":[[[41.0797803,19.1289867],[41.0796286,19.1289741],[41.0796447,19.1287996],[41.0796181,19.1287974],[41.0796316,19.1286515],[41.0797221,19.128659],[41.0797191,19.1286917],[41.0797643,19.1286954],[41.0797559,19.128786],[41.0797932,19.128789],[41.0797839,19.1288896],[41.079885,19.128898],[41.0798901,19.1288437],[41.0799327,19.1288472],[41.0799253,19.1289267],[41.0798854,19.1289234],[41.0798819,19.1289611],[41.0798872,19.1289615],[41.0798833,19.1290043],[41.0799418,19.1290091],[41.0799362,19.1290695],[41.0797739,19.1290561],[41.0797803,19.1289867]]]},"properties":{"sources":[{"property":"","dataset":"Microsoft ML Buildings","license":"ODbL-1.0","record_id":null,"update_time":"2018-09-01T00:00:00.000Z","confidence":null,"between":null,"provider":"microsoft","resource":"ml_buildings","version":"2025-02-25"}],"is_underground":false,"has_parts":false,"version":3}},
{"id":"422b5d2a-6149-4811-b1fb-01544a4d5613","type":"Feature","geometry":{"type":"Polygon","coordinates":[[[41.0794463,19.1288963],[41.0794678,19.1287939],[41.0796046,19.1288196],[41.079583,19.128922],[41.0794463,19.1288963]]]},"properties":{"sources":[{"property":"","dataset":"Microsoft ML Buildings","license":"ODbL-1.0","record_id":null,"update_time":"2018-09-01T00:00:00.000Z","confidence":null,"between":null,"provider":"microsoft","resource":"ml_buildings","version":"2025-02-25"}],"is_underground":false,"has_parts":false,"version":3}},
{"id":"2e6b930b-af86-4d98-9249-6df8f24dbeb2","type":"Feature","geometry":{"type":"Polygon","coordinates":[[[41.0794144,19.1289095],[41.0795526,19.1289317],[41.0795396,19.1290041],[41.0794014,19.1289819],[41.0794144,19.1289095]]]},"properties":{"sources":[{"property":"","dataset":"Microsoft ML Buildings","license":"ODbL-1.0","record_id":null,"update_time":"2018-09-01T00:00:00.000Z","confidence":null,"between":null,"provider":"microsoft","resource":"ml_buildings","version":"2025-02-25"}],"is_underground":false,"has_parts":false,"version":3}},
{"id":"db259eb0-332f-4a1a-99c7-24070833e0e3","type":"Feature","geometry":{"type":"Polygon","coordinates":[[[41.0797187,19.1293327],[41.0796103,19.1293204],[41.0796283,19.129179],[41.0797367,19.1291914],[41.0797187,19.1293327]]]},"properties":{"sources":[{"property":"","dataset":"Microsoft ML Buildings","license":"ODbL-1.0","record_id":null,"update_time":"2018-09-01T00:00:00.000Z","confidence":null,"between":null,"provider":"microsoft","resource":"ml_buildings","version":"2025-02-25"}],"is_underground":false,"has_parts":false,"version":3}},
{"id":"5a37e77e-8dd1-4fdb-b391-5d75f97ead72","type":"Feature","geometry":{"type":"Polygon","coordinates":[[[41.0794734,19.129279],[41.0794879,19.1291486],[41.079606,19.1291603],[41.0795915,19.1292907],[41.0794734,19.129279]]]},"properties":{"sources":[{"property":"","dataset":"Microsoft ML Buildings","license":"ODbL-1.0","record_id":null,"update_time":"2018-09-01T00:00:00.000Z","confidence":null,"between":null,"provider":"microsoft","resource":"ml_buildings","version":"2025-02-25"}],"is_underground":false,"has_parts":false,"version":3}},
{"id":"2d41c946-c720-478a-bde8-bfb4161b6354","type":"Feature","geometry":{"type":"Polygon","coordinates":[[[41.079413,19.1291225],[41.0794354,19.1291921],[41.0793581,19.1292143],[41.0793357,19.1291447],[41.079413,19.1291225]]]},"properties":{"sources":[{"property":"","dataset":"Microsoft ML Buildings","license":"ODbL-1.0","record_id":null,"update_time":"2018-09-01T00:00:00.000Z","confidence":null,"between":null,"provider":"microsoft","resource":"ml_buildings","version":"2025-02-25"}],"is_underground":false,"has_parts":false,"version":3}},
{"id":"d8832711-3c50-4994-b0a0-990322355780","type":"Feature","geometry":{"type":"Polygon","coordinates":[[[41.0794434,19.1289824],[41.0794607,19.129081],[41.0793302,19.1291015],[41.0793128,19.1290029],[41.0794434,19.1289824]]]},"properties":{"sources":[{"property":"","dataset":"Microsoft ML Buildings","license":"ODbL-1.0","record_id":null,"update_time":"2018-09-01T00:00:00.000Z","confidence":null,"between":null,"provider":"microsoft","resource":"ml_buildings","version":"2025-02-25"}],"is_underground":false,"has_parts":false,"version":3}},
{"id":"78bcd2bd-2e65-45df-9395-734c1ee01b2d","type":"Feature","geometry":{"type":"Polygon","coordinates":[[[41.0796889,19.1298489],[41.0797197,19.1299846],[41.0796069,19.1300074],[41.0795563,19.1297845],[41.0796999,19.1297554],[41.0797197,19.1298427],[41.0796889,19.1298489]]]},"properties":{"sources":[{"property":"","dataset":"Microsoft ML Buildings","license":"ODbL-1.0","record_id":null,"update_time":"2018-09-01T00:00:00.000Z","confidence":null,"between":null,"provider":"microsoft","resource":"ml_buildings","version":"2025-02-25"}],"is_underground":false,"has_parts":false,"version":3}},
{"id":"1aa1c7d0-c835-4cad-8d29-4794acac550d","type":"Feature","geometry":{"type":"Polygon","coordinates":[[[41.079569,19.1295642],[41.0795701,19.1295288],[41.0796706,19.1295315],[41.0796683,19.1296075],[41.0796589,19.1296072],[41.079657,19.1296715],[41.0795029,19.1296673],[41.0795061,19.1295625],[41.079569,19.1295642]]]},"properties":{"sources":[{"property":"","dataset":"Microsoft ML Buildings","license":"ODbL-1.0","record_id":null,"update_time":"2018-09-01T00:00:00.000Z","confidence":null,"between":null,"provider":"microsoft","resource":"ml_buildings","version":"2025-02-25"}],"is_underground":false,"has_parts":false,"version":3}},
{"id":"c206f686-de44-407f-a023-c39f6e0281de","type":"Feature","geometry":{"type":"Polygon","coordinates":[[[41.0794789,19.1293759],[41.0795873,19.1293803],[41.0795806,19.129527],[41.0794722,19.1295226],[41.0794789,19.1293759]]]},"properties":{"sources":[{"property":"","dataset":"Microsoft ML Buildings","license":"ODbL-1.0","record_id":null,"update_time":"2018-09-01T00:00:00.000Z","confidence":null,"between":null,"provider":"microsoft","resource":"ml_buildings","version":"2025-02-25"}],"is_underground":false,"has_parts":false,"version":3}},
{"id":"6951b102-0672-453b-9a7f-5044e0292a2d","type":"Feature","geometry":{"type":"Polygon","coordinates":[[[41.0798827,19.1294869],[41.0798895,19.1295767],[41.079764,19.1295851],[41.0797506,19.129406],[41.0798334,19.1294005],[41.0798328,19.1293929],[41.0798835,19.1293895],[41.0798908,19.1294864],[41.0798827,19.1294869]]]},"properties":{"sources":[{"property":"","dataset":"Microsoft ML Buildings","license":"ODbL-1.0","record_id":null,"update_time":"2018-09-01T00:00:00.000Z","confidence":null,"between":null,"provider":"microsoft","resource":"ml_buildings","version":"2025-02-25"}],"is_underground":false,"has_parts":false,"version":3}},
{"id":"95008500-9926-4a52-b6d7-c045cf3b10b1","type":"Feature","geometry":{"type":"Polygon","coordinates":[[[41.0799067,19.1296637],[41.079902,19.1295219],[41.0800146,19.1295186],[41.0800192,19.1296604],[41.0799067,19.1296637]]]},"properties":{"sources":[{"property":"","dataset":"Microsoft ML Buildings","license":"ODbL-1.0","record_id":null,"update_time":"2018-09-01T00:00:00.000Z","confidence":null,"between":null,"provider":"microsoft","resource":"ml_buildings","version":"2025-02-25"}],"is_underground":false,"has_parts":false,"version":3}},
{"id":"b6fd65ba-b088-45b1-bbfd-e9295a847d11","type":"Feature","geometry":{"type":"Polygon","coordinates":[[[41.0797485,19.1296719],[41.0797511,19.1296137],[41.0798876,19.129619],[41.0798851,19.1296772],[41.0797485,19.1296719]]]},"properties":{"sources":[{"property":"","dataset":"Microsoft ML Buildings","license":"ODbL-1.0","record_id":null,"update_time":"2018-09-01T00:00:00.000Z","confidence":null,"between":null,"provider":"microsoft","resource":"ml_buildings","version":"2025-02-25"}],"is_underground":false,"has_parts":false,"version":3}},
{"id":"1194d7e2-cd27-43fa-a807-dfe7932f1ee6","type":"Feature","geometry":{"type":"Polygon","coordinates":[[[41.0800552,19.1298177],[41.0800572,19.129914],[41.0798842,19.1299171],[41.0798822,19.1298209],[41.0800552,19.1298177]]]},"properties":{"sources":[{"property":"","dataset":"Microsoft ML Buildings","license":"ODbL-1.0","record_id":null,"update_time":"2018-09-01T00:00:00.000Z","confidence":null,"between":null,"provider":"microsoft","resource":"ml_buildings","version":"2025-02-25"}],"is_underground":false,"has_parts":false,"version":3}},
{"id":"be32c938-25fd-49c2-af23-8426b723a69d","type":"Feature","geometry":{"type":"Polygon","coordinates":[[[41.0802091,19.1300453],[41.079898,19.130047],[41.0798972,19.1299254],[41.0800635,19.1299245],[41.0800631,19.1298636],[41.080098,19.1298634],[41.0800977,19.1298092],[41.0801728,19.1298088],[41.0801736,19.1299466],[41.0802648,19.1299461],[41.0802653,19.1300272],[41.080209,19.1300275],[41.0802091,19.1300453]]]},"properties":{"sources":[{"property":"","dataset":"Microsoft ML Buildings","license":"ODbL-1.0","record_id":null,"update_time":"2018-09-01T00:00:00.000Z","confidence":null,"between":null,"provider":"microsoft","resource":"ml_buildings","version":"2025-02-25"}],"is_underground":false,"has_parts":false,"version":3}},
{"id":"6ee1d197-5861-402f-9ca3-7aa0cccac93a","type":"Feature","geometry":{"type":"Polygon","coordinates":[[[41.0802712,19.1300226],[41.080269,19.129939],[41.0803869,19.1299362],[41.0803891,19.1300198],[41.0802712,19.1300226]]]},"properties":{"sources":[{"property":"","dataset":"Microsoft ML Buildings","license":"ODbL-1.0","record_id":null,"update_time":"2018-09-01T00:00:00.000Z","confidence":null,"between":null,"provider":"microsoft","resource":"ml_buildings","version":"2025-02-25"}],"is_underground":false,"has_parts":false,"version":3}},
{"id":"e8692dab-b544-4bf8-8bc9-804c10891035","type":"Feature","geometry":{"type":"Polygon","coordinates":[[[41.0801829,19.1299398],[41.0801787,19.129798],[41.0804025,19.1297921],[41.0804056,19.1298973],[41.0802756,19.1299008],[41.0802767,19.1299373],[41.0801829,19.1299398]]]},"properties":{"sources":[{"property":"","dataset":"Microsoft ML Buildings","license":"ODbL-1.0","record_id":null,"update_time":"2018-09-01T00:00:00.000Z","confidence":null,"between":null,"provider":"microsoft","resource":"ml_buildings","version":"2025-02-25"}],"is_underground":false,"has_parts":false,"version":3}},
{"id":"467ac0ef-9dee-4f01-adac-90612ca9843e","type":"Feature","geometry":{"type":"Polygon","coordinates":[[[41.0801132,19.1294406],[41.0802759,19.129429],[41.080284,19.1295308],[41.080324,19.129528],[41.0803323,19.1296313],[41.0800816,19.1296491],[41.0800822,19.1296567],[41.0800368,19.1296599],[41.0800266,19.1295314],[41.0801626,19.1295217],[41.0801612,19.1295041],[41.0801185,19.1295071],[41.0801132,19.1294406]]]},"properties":{"sources":[{"property":"","dataset":"Microsoft ML Buildings","license":"ODbL-1.0","record_id":null,"update_time":"2018-09-01T00:00:00.000Z","confidence":null,"between":null,"provider":"microsoft","resource":"ml_buildings","version":"2025-02-25"}],"is_underground":false,"has_parts":false,"version":3}},
{"id":"93a595cf-d98f-4043-9354-6c05c0855926","type":"Feature","geometry":{"type":"Polygon","coordinates":[[[41.0803416,19.1291651],[41.0804594,19.1291612],[41.0804636,19.1292725],[41.0804663,19.1292725],[41.0804705,19.1293838],[41.0802776,19.1293903],[41.0802739,19.1292916],[41.0803636,19.1292886],[41.0803619,19.129243],[41.0803445,19.1292436],[41.0803416,19.1291651]]]},"properties":{"sources":[{"property":"","dataset":"Microsoft ML Buildings","license":"ODbL-1.0","record_id":null,"update_time":"2018-09-01T00:00:00.000Z","confidence":null,"between":null,"provider":"microsoft","resource":"ml_buildings","version":"2025-02-25"}],"is_underground":false,"has_parts":false,"version":3}},
{"id":"5fadc88b-b077-4c48-93b3-f7dbcf6e9389","type":"Feature","geometry":{"type":"Polygon","coordinates":[[[41.080258,19.1290935],[41.0802566,19.1291416],[41.0803383,19.1291438],[41.0803351,19.1292502],[41.0801756,19.1292458],[41.0801803,19.1290913],[41.080258,19.1290935]]]},"properties":{"sources":[{"property":"","dataset":"Microsoft ML Buildings","license":"ODbL-1.0","record_id":null,"update_time":"2018-09-01T00:00:00.000Z","confidence":null,"between":null,"provider":"microsoft","resource":"ml_buildings","version":"2025-02-25"}],"is_underground":false,"has_parts":false,"version":3}},
{"id":"7b8eee8e-a8c2-428a-af41-735568780feb","type":"Feature","geometry":{"type":"Polygon","coordinates":[[[41.0800496,19.129184],[41.0801461,19.1291869],[41.0801418,19.1293185],[41.0800828,19.1293168],[41.0800845,19.1292661],[41.080047,19.129265],[41.0800496,19.129184]]]},"properties":{"sources":[{"property":"","dataset":"Microsoft ML Buildings","license":"ODbL-1.0","record_id":null,"update_time":"2018-09-01T00:00:00.000Z","confidence":null,"between":null,"provider":"microsoft","resource":"ml_buildings","version":"2025-02-25"}],"is_underground":false,"has_parts":false,"version":3}},
{"id":"c24c007e-d36b-4b13-bcd1-5717ef87cb34","type":"Feature","geometry":{"type":"Polygon","coordinates":[[[41.0800378,19.1291923],[41.0800211,19.1293067],[41.0798869,19.1292892],[41.0799036,19.1291748],[41.0800378,19.1291923]]]},"properties":{"sources":[{"property":"","dataset":"Microsoft ML Buildings","license":"ODbL-1.0","record_id":null,"update_time":"2018-09-01T00:00:00.000Z","confidence":null,"between":null,"provider":"microsoft","resource":"ml_buildings","version":"2025-02-25"}],"is_underground":false,"has_parts":false,"version":3}},
{"id":"5a43dbfa-87f8-4f2f-afe1-bc8fd86957c7","type":"Feature","geometry":{"type":"Polygon","coordinates":[[[41.0799755,19.1291666],[41.07998,19.1289183],[41.0800846,19.12892],[41.080084,19.1289529],[41.0802261,19.1289553],[41.0802242,19.1290581],[41.0801545,19.1290569],[41.0801525,19.1291695],[41.0799755,19.1291666]]]},"properties":{"sources":[{"property":"","dataset":"Microsoft ML Buildings","license":"ODbL-1.0","record_id":null,"update_time":"2018-09-01T00:00:00.000Z","confidence":null,"between":null,"provider":"microsoft","resource":"ml_buildings","version":"2025-02-25"}],"is_underground":false,"has_parts":false,"version":3}},
{"id":"f07a6368-7377-41c9-b245-f6e34f71c7b7","type":"Feature","geometry":{"type":"Polygon","coordinates":[[[41.079892,19.1289845],[41.0798939,19.1289415],[41.0799541,19.128944],[41.0799522,19.128987],[41.079892,19.1289845]]]},"properties":{"sources":[{"property":"","dataset":"Microsoft ML Buildings","license":"ODbL-1.0","record_id":null,"update_time":"2018-09-01T00:00:00.000Z","confidence":null,"between":null,"provider":"microsoft","resource":"ml_buildings","version":"2025-02-25"}],"is_underground":false,"has_parts":false,"version":3}},
{"id":"765f4e8b-05dc-472d-8e57-8d60bbd82116","type":"Feature","geometry":{"type":"Polygon","coordinates":[[[41.0804268,19.1287943],[41.0804241,19.1286651],[41.0805823,19.1286621],[41.080585,19.1287913],[41.0804268,19.1287943]]]},"properties":{"sources":[{"property":"","dataset":"Microsoft ML Buildings","license":"ODbL-1.0","record_id":null,"update_time":"2018-09-01T00:00:00.000Z","confidence":null,"between":null,"provider":"microsoft","resource":"ml_buildings","version":"2025-02-25"}],"is_underground":false,"has_parts":false,"version":3}},
{"id":"b4f6bed9-89b0-476f-8b02-c5d95917253e","type":"Feature","geometry":{"type":"Polygon","coordinates":[[[41.0807184,19.1286385],[41.0807212,19.1287032],[41.080594,19.1287079],[41.0805913,19.1286432],[41.0807184,19.1286385]]]},"properties":{"sources":[{"property":"","dataset":"Microsoft ML Buildings","license":"ODbL-1.0","record_id":null,"update_time":"2018-09-01T00:00:00.000Z","confidence":null,"between":null,"provider":"microsoft","resource":"ml_buildings","version":"2025-02-25"}],"is_underground":false,"has_parts":false,"version":3}},
{"id":"e3a56baa-c76c-461e-8702-6f13a0e73b6d","type":"Feature","geometry":{"type":"Polygon","coordinates":[[[41.0806092,19.1289083],[41.080611,19.1288131],[41.0807517,19.1288154],[41.0807483,19.1290043],[41.0806222,19.1290022],[41.0806239,19.1289085],[41.0806092,19.1289083]]]},"properties":{"sources":[{"property":"","dataset":"Microsoft ML Buildings","license":"ODbL-1.0","record_id":null,"update_time":"2018-09-01T00:00:00.000Z","confidence":null,"between":null,"provider":"microsoft","resource":"ml_buildings","version":"2025-02-25"}],"is_underground":false,"has_parts":false,"version":3}},
{"id":"9af65ce9-4588-47b9-8686-db8b8ceed40d","type":"Feature","geometry":{"type":"Polygon","coordinates":[[[41.0807564,19.1290089],[41.0807618,19.1288266],[41.080873,19.1288296],[41.0808719,19.1288676],[41.0808867,19.128868],[41.0808823,19.1290123],[41.0807564,19.1290089]]]},"properties":{"sources":[{"property":"","dataset":"Microsoft ML Buildings","license":"ODbL-1.0","record_id":null,"update_time":"2018-09-01T00:00:00.000Z","confidence":null,"between":null,"provider":"microsoft","resource":"ml_buildings","version":"2025-02-25"}],"is_underground":false,"has_parts":false,"version":3}},
{"id":"1d5398dc-7928-404d-bf46-c714d43ee8ff","type":"Feature","geometry":{"type":"Polygon","coordinates":[[[41.0807454,19.1287876],[41.0807426,19.1287005],[41.0808766,19.1286967],[41.0808794,19.1287839],[41.0807454,19.1287876]]]},"properties":{"sources":[{"property":"","dataset":"Microsoft ML Buildings","license":"ODbL-1.0","record_id":null,"update_time":"2018-09-01T00:00:00.000Z","confidence":null,"between":null,"provider":"microsoft","resource":"ml_buildings","version":"2025-02-25"}],"is_underground":false,"has_parts":false,"version":3}},
{"id":"ab36eeb5-9c29-4a25-bbe9-d27362e0b9c5","type":"Feature","geometry":{"type":"Polygon","coordinates":[[[41.0811189,19.1286606],[41.0811227,19.1288024],[41.0810557,19.128804],[41.0810566,19.1288394],[41.0809292,19.1288424],[41.0809251,19.128688],[41.0809948,19.1286863],[41.0809942,19.1286635],[41.0811189,19.1286606]]]},"properties":{"sources":[{"property":"","dataset":"Microsoft ML Buildings","license":"ODbL-1.0","record_id":null,"update_time":"2018-09-01T00:00:00.000Z","confidence":null,"between":null,"provider":"microsoft","resource":"ml_buildings","version":"2025-02-25"}],"is_underground":false,"has_parts":false,"version":3}},
{"id":"a9df5c0d-5d8b-4928-9343-7f16d037e540","type":"Feature","geometry":{"type":"Polygon","coordinates":[[[41.081135,19.1287931],[41.0811378,19.128669],[41.0812772,19.1286718],[41.0812756,19.1287452],[41.0812555,19.1287448],[41.0812544,19.1287955],[41.081135,19.1287931]]]},"properties":{"sources":[{"property":"","dataset":"Microsoft ML Buildings","license":"ODbL-1.0","record_id":null,"update_time":"2018-09-01T00:00:00.000Z","confidence":null,"between":null,"provider":"microsoft","resource":"ml_buildings","version":"2025-02-25"}],"is_underground":false,"has_parts":false,"version":3}},
{"id":"6479949f-dd2d-4f01-a7e3-c3fdbf7e81b6","type":"Feature","geometry":{"type":"Polygon","coordinates":[[[41.081176,19.1288621],[41.0812296,19.1288598],[41.0812311,19.1288927],[41.0811776,19.128895],[41.081176,19.1288621]]]},"properties":{"sources":[{"property":"","dataset":"Microsoft ML Buildings","license":"ODbL-1.0","record_id":null,"update_time":"2018-09-01T00:00:00.000Z","confidence":null,"between":null,"provider":"microsoft","resource":"ml_buildings","version":"2025-02-25"}],"is_underground":false,"has_parts":false,"version":3}},
{"id":"a92d300d-606d-43e9-9902-eabac10d6866","type":"Feature","geometry":{"type":"Polygon","coordinates":[[[41.0809421,19.1290212],[41.0809414,19.1289058],[41.0810568,19.1289052],[41.0810565,19.1288545],[41.0811704,19.1288539],[41.0811707,19.1289072],[41.0812297,19.1289069],[41.0812302,19.1289854],[41.0811833,19.1289856],[41.0811835,19.12902],[41.0809421,19.1290212]]]},"properties":{"sources":[{"property":"","dataset":"Microsoft ML Buildings","license":"ODbL-1.0","record_id":null,"update_time":"2018-09-01T00:00:00.000Z","confidence":null,"between":null,"provider":"microsoft","resource":"ml_buildings","version":"2025-02-25"}],"is_underground":false,"has_parts":false,"version":3}},
{"id":"369e3b06-7f94-4658-ad9a-286937474c37","type":"Feature","geometry":{"type":"Polygon","coordinates":[[[41.0809548,19.1291383],[41.0809575,19.1290548],[41.0811584,19.1290606],[41.0811558,19.1291441],[41.0809548,19.1291383]]]},"properties":{"sources":[{"property":"","dataset":"Microsoft ML Buildings","license":"ODbL-1.0","record_id":null,"update_time":"2018-09-01T00:00:00.000Z","confidence":null,"between":null,"provider":"microsoft","resource":"ml_buildings","version":"2025-02-25"}],"is_underground":false,"has_parts":false,"version":3}},
{"id":"bfa5d139-d10c-46d4-85b7-4d444d7b1ba0","type":"Feature","geometry":{"type":"Polygon","coordinates":[[[41.0811625,19.1292629],[41.081163599999996,19.1291681],[41.0812924,19.1291694],[41.0812896,19.1294025],[41.0811877,19.1294015],[41.0811893,19.1292632],[41.0811625,19.1292629]]]},"properties":{"sources":[{"property":"","dataset":"Microsoft ML Buildings","license":"ODbL-1.0","record_id":null,"update_time":"2018-09-01T00:00:00.000Z","confidence":null,"between":null,"provider":"microsoft","resource":"ml_buildings","version":"2025-02-25"}],"is_underground":false,"has_parts":false,"version":3}},
{"id":"ba1ba645-b778-49da-9cb7-15c9ab1d8aad","type":"Feature","geometry":{"type":"Polygon","coordinates":[[[41.080995,19.1292818],[41.0811621,19.1292907],[41.0811591,19.1293412],[41.080992,19.1293323],[41.080995,19.1292818]]]},"properties":{"sources":[{"property":"","dataset":"Microsoft ML Buildings","license":"ODbL-1.0","record_id":null,"update_time":"2018-09-01T00:00:00.000Z","confidence":null,"between":null,"provider":"microsoft","resource":"ml_buildings","version":"2025-02-25"}],"is_underground":false,"has_parts":false,"version":3}},
{"id":"d5433519-522b-4788-bfdc-04bca6000386","type":"Feature","geometry":{"type":"Polygon","coordinates":[[[41.0811363,19.1292849],[41.0809405,19.1292585],[41.0809536,19.1291716],[41.0811494,19.129198],[41.0811363,19.1292849]]]},"properties":{"sources":[{"property":"","dataset":"Microsoft ML Buildings","license":"ODbL-1.0","record_id":null,"update_time":"2018-09-01T00:00:00.000Z","confidence":null,"between":null,"provider":"microsoft","resource":"ml_buildings","version":"2025-02-25"}],"is_underground":false,"has_parts":false,"version":3}},
{"id":"6957ee37-0582-4d17-b630-c165b240ce5c","type":"Feature","geometry":{"type":"Polygon","coordinates":[[[41.0808231,19.1292532],[41.080822,19.1293039],[41.080696,19.1293013],[41.0806971,19.1292506],[41.0808231,19.1292532]]]},"properties":{"sources":[{"property":"","dataset":"Microsoft ML Buildings","license":"ODbL-1.0","record_id":null,"update_time":"2018-09-01T00:00:00.000Z","confidence":null,"between":null,"provider":"microsoft","resource":"ml_buildings","version":"2025-02-25"}],"is_underground":false,"has_parts":false,"version":3}},
{"id":"53fa5ab1-73f6-4823-8260-b2e122a92228","type":"Feature","geometry":{"type":"Polygon","coordinates":[[[41.0806909,19.129187],[41.0805912,19.1291785],[41.0806016,19.1290694],[41.0807013,19.1290779],[41.0806909,19.129187]]]},"properties":{"sources":[{"property":"","dataset":"Microsoft ML Buildings","license":"ODbL-1.0","record_id":null,"update_time":"2018-09-01T00:00:00.000Z","confidence":null,"between":null,"provider":"microsoft","resource":"ml_buildings","version":"2025-02-25"}],"is_underground":false,"has_parts":false,"version":3}},
{"id":"2b6c46af-0661-48e7-9b78-3661738edf86","type":"Feature","geometry":{"type":"Polygon","coordinates":[[[41.0804866,19.1290916],[41.080488,19.1290258],[41.0805926,19.1290277],[41.0805912,19.1290936],[41.0804866,19.1290916]]]},"properties":{"sources":[{"property":"","dataset":"Microsoft ML Buildings","license":"ODbL-1.0","record_id":null,"update_time":"2018-09-01T00:00:00.000Z","confidence":null,"between":null,"provider":"microsoft","resource":"ml_buildings","version":"2025-02-25"}],"is_underground":false,"has_parts":false,"version":3}},
{"id":"28098c76-1602-4d44-820c-2a6de4766702","type":"Feature","geometry":{"type":"Polygon","coordinates":[[[41.0805356,19.129102],[41.0805798,19.1291031],[41.0805783,19.1291549],[41.0805341,19.1291537],[41.0805356,19.129102]]]},"properties":{"sources":[{"property":"","dataset":"Microsoft ML Buildings","license":"ODbL-1.0","record_id":null,"update_time":"2018-09-01T00:00:00.000Z","confidence":null,"between":null,"provider":"microsoft","resource":"ml_buildings","version":"2025-02-25"}],"is_underground":false,"has_parts":false,"version":3}},
{"id":"01c29e21-95ee-4060-9fe5-0d486ecb10d6","type":"Feature","geometry":{"type":"Polygon","coordinates":[[[41.0805072,19.1291965],[41.0805809,19.1291992],[41.0805802,19.1292144],[41.0806699,19.1292177],[41.080668,19.1292657],[41.0805046,19.1292597],[41.0805072,19.1291965]]]},"properties":{"sources":[{"property":"","dataset":"Microsoft ML Buildings","license":"ODbL-1.0","record_id":null,"update_time":"2018-09-01T00:00:00.000Z","confidence":null,"between":null,"provider":"microsoft","resource":"ml_buildings","version":"2025-02-25"}],"is_underground":false,"has_parts":false,"version":3}},
{"id":"bbcffd29-168b-4d56-89cf-f2e97138f713","type":"Feature","geometry":{"type":"Polygon","coordinates":[[[41.0806203,19.1293348],[41.080619,19.1292853],[41.0806619,19.1292842],[41.0806632,19.1293338],[41.0806203,19.1293348]]]},"properties":{"sources":[{"property":"","dataset":"Microsoft ML Buildings","license":"ODbL-1.0","record_id":null,"update_time":"2018-09-01T00:00:00.000Z","confidence":null,"between":null,"provider":"microsoft","resource":"ml_buildings","version":"2025-02-25"}],"is_underground":false,"has_parts":false,"version":3}},
{"id":"d0323ff8-be1e-4a41-9659-b2d99e1563a2","type":"Feature","geometry":{"type":"Polygon","coordinates":[[[41.0805003,19.1292847],[41.0805472,19.129286],[41.0805464,19.1293128],[41.080604,19.1293144],[41.0806033,19.1293397],[41.0804987,19.1293368],[41.0805003,19.1292847]]]},"properties":{"sources":[{"property":"","dataset":"Microsoft ML Buildings","license":"ODbL-1.0","record_id":null,"update_time":"2018-09-01T00:00:00.000Z","confidence":null,"between":null,"provider":"microsoft","resource":"ml_buildings","version":"2025-02-25"}],"is_underground":false,"has_parts":false,"version":3}},
{"id":"acfbf4c9-f6ec-4cb5-8cee-0edaf46fa5ab","type":"Feature","geometry":{"type":"Polygon","coordinates":[[[41.0805789,19.1294605],[41.0805774,19.1294301],[41.0805159,19.1294329],[41.0805125,19.1293657],[41.0806276,19.1293606],[41.0806325,19.1294581],[41.0805789,19.1294605]]]},"properties":{"sources":[{"property":"","dataset":"Microsoft ML Buildings","license":"ODbL-1.0","record_id":null,"update_time":"2018-09-01T00:00:00.000Z","confidence":null,"between":null,"provider":"microsoft","resource":"ml_buildings","version":"2025-02-25"}],"is_underground":false,"has_parts":false,"version":3}},
{"id":"aa171c0d-7f5a-4624-afdc-a930f75728be","type":"Feature","geometry":{"type":"Polygon","coordinates":[[[41.0805627,19.1294626],[41.0806224,19.1294687],[41.0806163,19.1295213],[41.0805567,19.1295152],[41.0805627,19.1294626]]]},"properties":{"sources":[{"property":"","dataset":"Microsoft ML Buildings","license":"ODbL-1.0","record_id":null,"update_time":"2018-09-01T00:00:00.000Z","confidence":null,"between":null,"provider":"microsoft","resource":"ml_buildings","version":"2025-02-25"}],"is_underground":false,"has_parts":false,"version":3}},
{"id":"73fbf8a7-d105-474e-a555-49599f5ec911","type":"Feature","geometry":{"type":"Polygon","coordinates":[[[41.0808406,19.1295404],[41.0806369,19.1295365],[41.0806406,19.1293642],[41.0808443,19.1293681],[41.0808406,19.1295404]]]},"properties":{"sources":[{"property":"","dataset":"Microsoft ML Buildings","license":"ODbL-1.0","record_id":null,"update_time":"2018-09-01T00:00:00.000Z","confidence":null,"between":null,"provider":"microsoft","resource":"ml_buildings","version":"2025-02-25"}],"is_underground":false,"has_parts":false,"version":3}},
{"id":"4ce2c240-914e-48bb-b097-5c08b97126a6","type":"Feature","geometry":{"type":"Polygon","coordinates":[[[41.0807978,19.1296],[41.0807967,19.1296532],[41.0807887,19.1296531],[41.0807864,19.1297747],[41.080596,19.1297714],[41.0805984,19.1296473],[41.080585,19.1296471],[41.0805859,19.1295964],[41.0807978,19.1296]]]},"properties":{"sources":[{"property":"","dataset":"Microsoft ML Buildings","license":"ODbL-1.0","record_id":null,"update_time":"2018-09-01T00:00:00.000Z","confidence":null,"between":null,"provider":"microsoft","resource":"ml_buildings","version":"2025-02-25"}],"is_underground":false,"has_parts":false,"version":3}},
{"id":"312868c2-752a-4b61-ac08-ab26e558dd92","type":"Feature","geometry":{"type":"Polygon","coordinates":[[[41.0805737,19.1299008],[41.0807532,19.1298951],[41.0807562,19.1299787],[41.0805767,19.1299843],[41.0805737,19.1299008]]]},"properties":{"sources":[{"property":"","dataset":"Microsoft ML Buildings","license":"ODbL-1.0","record_id":null,"update_time":"2018-09-01T00:00:00.000Z","confidence":null,"between":null,"provider":"microsoft","resource":"ml_buildings","version":"2025-02-25"}],"is_underground":false,"has_parts":false,"version":3}},
{"id":"b7e69b92-2449-4ea0-aed7-432f490e913e","type":"Feature","geometry":{"type":"Polygon","coordinates":[[[41.081071,19.1300086],[41.080853,19.1299893],[41.0808772,19.1297446],[41.0808921,19.1295949],[41.0810423,19.1296082],[41.0810139,19.1298946],[41.0810817,19.1299006],[41.081071,19.1300086]]]},"properties":{"sources":[{"property":"","dataset":"Microsoft ML Buildings","license":"ODbL-1.0","record_id":null,"update_time":"2018-09-01T00:00:00.000Z","confidence":null,"between":null,"provider":"microsoft","resource":"ml_buildings","version":"2025-02-25"}],"is_underground":false,"has_parts":false,"version":3}},
{"id":"8a2d3a84-a03f-4e53-826e-32c6dfb81ff9","type":"Feature","geometry":{"type":"Polygon","coordinates":[[[41.0810691,19.1296979],[41.081166,19.1297069],[41.081161,19.1297546],[41.0810641,19.1297455],[41.0810691,19.1296979]]]},"properties":{"sources":[{"property":"","dataset":"Microsoft ML Buildings","license":"ODbL-1.0","record_id":null,"update_time":"2018-09-01T00:00:00.000Z","confidence":null,"between":null,"provider":"microsoft","resource":"ml_buildings","version":"2025-02-25"}],"is_underground":false,"has_parts":false,"version":3}},
{"id":"64bec57e-eeb9-402e-b606-e02e3ac88f25","type":"Feature","geometry":{"type":"Polygon","coordinates":[[[41.0811662,19.1297593],[41.0811694,19.1297077],[41.0812282,19.1297109],[41.081225,19.1297625],[41.0811662,19.1297593]]]},"properties":{"sources":[{"property":"","dataset":"Microsoft ML Buildings","license":"ODbL-1.0","record_id":null,"update_time":"2018-09-01T00:00:00.000Z","confidence":null,"between":null,"provider":"microsoft","resource":"ml_buildings","version":"2025-02-25"}],"is_underground":false,"has_parts":false,"version":3}},
{"id":"82544be3-59eb-452b-a999-56c2fd924749","type":"Feature","geometry":{"type":"Polygon","coordinates":[[[41.081061,19.1296935],[41.0810639,19.1296176],[41.0812313,19.1296235],[41.0812284,19.1296994],[41.081061,19.1296935]]]},"properties":{"sources":[{"property":"","dataset":"Microsoft ML Buildings","license":"ODbL-1.0","record_id":null,"update_time":"2018-09-01T00:00:00.000Z","confidence":null,"between":null,"provider":"microsoft","resource":"ml_buildings","version":"2025-02-25"}],"is_underground":false,"has_parts":false,"version":3}},
{"id":"5374efe3-604a-45aa-b7be-9fe9159cccbd","type":"Feature","geometry":{"type":"Polygon","coordinates":[[[41.0809866,19.1293107],[41.0809834,19.129454],[41.0809432,19.1294532],[41.0809464,19.1293099],[41.0809866,19.1293107]]]},"properties":{"sources":[{"property":"","dataset":"Microsoft ML Buildings","license":"ODbL-1.0","record_id":null,"update_time":"2018-09-01T00:00:00.000Z","confidence":null,"between":null,"provider":"microsoft","resource":"ml_buildings","version":"2025-02-25"}],"is_underground":false,"has_parts":false,"version":3}},
{"id":"43e12770-f140-4a62-ad7e-67685a7b3b27","type":"Feature","geometry":{"type":"Polygon","coordinates":[[[41.0811587,19.129547],[41.0809979,19.1295428],[41.0809995,19.1294896],[41.0810531,19.129491],[41.081056,19.1293923],[41.0811632,19.1293951],[41.0811587,19.129547]]]},"properties":{"sources":[{"property":"","dataset":"Microsoft ML Buildings","license":"ODbL-1.0","record_id":null,"update_time":"2018-09-01T00:00:00.000Z","confidence":null,"between":null,"provider":"microsoft","resource":"ml_buildings","version":"2025-02-25"}],"is_underground":false,"has_parts":false,"version":3}},
{"id":"d60897e9-6f62-4a71-b594-c903a7fbc297","type":"Feature","geometry":{"type":"Polygon","coordinates":[[[41.0811721,19.1294293],[41.0812578,19.1294257],[41.0812637,19.1295533],[41.081178,19.1295569],[41.0811721,19.1294293]]]},"properties":{"sources":[{"property":"","dataset":"Microsoft ML Buildings","license":"ODbL-1.0","record_id":null,"update_time":"2018-09-01T00:00:00.000Z","confidence":null,"between":null,"provider":"microsoft","resource":"ml_buildings","version":"2025-02-25"}],"is_underground":false,"has_parts":false,"version":3}},
{"id":"5079f4b5-418c-4915-8161-f4874521e430","type":"Feature","geometry":{"type":"Polygon","coordinates":[[[41.0813215,19.129555],[41.0812814,19.1295534],[41.0812872,19.1294269],[41.0813274,19.1294286],[41.0813215,19.129555]]]},"properties":{"sources":[{"property":"","dataset":"Microsoft ML Buildings","license":"ODbL-1.0","record_id":null,"update_time":"2018-09-01T00:00:00.000Z","confidence":null,"between":null,"provider":"microsoft","resource":"ml_buildings","version":"2025-02-25"}],"is_underground":false,"has_parts":false,"version":3}},
{"id":"719aa5b4-e12e-445a-bf4e-ba3c5193a3ef","type":"Feature","geometry":{"type":"Polygon","coordinates":[[[41.0816072,19.1292424],[41.0815908,19.1295229],[41.0814036,19.1295131],[41.0814135,19.1293438],[41.0813159,19.1293388],[41.0813224,19.1292276],[41.0816072,19.1292424]]]},"properties":{"sources":[{"property":"","dataset":"Microsoft ML Buildings","license":"ODbL-1.0","record_id":null,"update_time":"2018-09-01T00:00:00.000Z","confidence":null,"between":null,"provider":"microsoft","resource":"ml_buildings","version":"2025-02-25"}],"is_underground":false,"has_parts":false,"version":3}},
{"id":"8c79d1ba-35fc-4b29-a809-28cba2dc4b43","type":"Feature","geometry":{"type":"Polygon","coordinates":[[[41.0814133,19.1297135],[41.0813384,19.1297104],[41.0813428,19.1296168],[41.0814177,19.1296199],[41.0814133,19.1297135]]]},"properties":{"sources":[{"property":"","dataset":"Microsoft ML Buildings","license":"ODbL-1.0","record_id":null,"update_time":"2018-09-01T00:00:00.000Z","confidence":null,"between":null,"provider":"microsoft","resource":"ml_buildings","version":"2025-02-25"}],"is_underground":false,"has_parts":false,"version":3}},
{"id":"7f831729-2edc-4a32-9223-6559f2d2eae7","type":"Feature","geometry":{"type":"Polygon","coordinates":[[[41.0812447,19.1296867],[41.0812549,19.1296248],[41.0813125,19.1296333],[41.0813023,19.1296952],[41.0812447,19.1296867]]]},"properties":{"sources":[{"property":"","dataset":"Microsoft ML Buildings","license":"ODbL-1.0","record_id":null,"update_time":"2018-09-01T00:00:00.000Z","confidence":null,"between":null,"provider":"microsoft","resource":"ml_buildings","version":"2025-02-25"}],"is_underground":false,"has_parts":false,"version":3}},
{"id":"e3f4f528-18fd-4352-896b-c6cbe3fa831b","type":"Feature","geometry":{"type":"Polygon","coordinates":[[[41.0812298,19.1297976],[41.0813209,19.1297947],[41.0813268,19.1299669],[41.0812357,19.1299697],[41.0812298,19.1297976]]]},"properties":{"sources":[{"property":"","dataset":"Microsoft ML Buildings","license":"ODbL-1.0","record_id":null,"update_time":"2018-09-01T00:00:00.000Z","confidence":null,"between":null,"provider":"microsoft","resource":"ml_buildings","version":"2025-02-25"}],"is_underground":false,"has_parts":false,"version":3}},
{"id":"71ccd15a-c395-498e-aa38-3822d85a0393","type":"Feature","geometry":{"type":"Polygon","coordinates":[[[41.081601,19.1297862],[41.0816033,19.1299484],[41.0813619,19.1299514],[41.0813596,19.1297892],[41.081601,19.1297862]]]},"properties":{"sources":[{"property":"","dataset":"Microsoft ML Buildings","license":"ODbL-1.0","record_id":null,"update_time":"2018-09-01T00:00:00.000Z","confidence":null,"between":null,"provider":"microsoft","resource":"ml_buildings","version":"2025-02-25"}],"is_underground":false,"has_parts":false,"version":3}},
{"id":"c584db65-1640-4f1f-ab42-59f68eccb291","type":"Feature","geometry":{"type":"Polygon","coordinates":[[[41.0815053,19.1297676],[41.0814181,19.1297692],[41.0814167,19.1297019],[41.0815039,19.1297004],[41.0815053,19.1297676]]]},"properties":{"sources":[{"property":"","dataset":"Microsoft ML Buildings","license":"ODbL-1.0","record_id":null,"update_time":"2018-09-01T00:00:00.000Z","confidence":null,"between":null,"provider":"microsoft","resource":"ml_buildings","version":"2025-02-25"}],"is_underground":false,"has_parts":false,"version":3}},
{"id":"2f087fa2-8bd6-4341-a00a-3e3b15027347","type":"Feature","geometry":{"type":"Polygon","coordinates":[[[41.0816216,19.1296599],[41.0816138,19.1297887],[41.0815229,19.1297839],[41.0815307,19.129655],[41.0816216,19.1296599]]]},"properties":{"sources":[{"property":"","dataset":"Microsoft ML Buildings","license":"ODbL-1.0","record_id":null,"update_time":"2018-09-01T00:00:00.000Z","confidence":null,"between":null,"provider":"microsoft","resource":"ml_buildings","version":"2025-02-25"}],"is_underground":false,"has_parts":false,"version":3}},
{"id":"984534af-e420-4b73-99ec-e5b40e85b6d9","type":"Feature","geometry":{"type":"Polygon","coordinates":[[[41.0816297,19.1296761],[41.0817154,19.1296784],[41.0817114,19.1298126],[41.0816257,19.1298103],[41.0816297,19.1296761]]]},"properties":{"sources":[{"property":"","dataset":"Microsoft ML Buildings","license":"ODbL-1.0","record_id":null,"update_time":"2018-09-01T00:00:00.000Z","confidence":null,"between":null,"provider":"microsoft","resource":"ml_buildings","version":"2025-02-25"}],"is_underground":false,"has_parts":false,"version":3}},
{"id":"6e27b0e6-1614-4dd9-bf8e-9648a1603f32","type":"Feature","geometry":{"type":"Polygon","coordinates":[[[41.0817923,19.1297662],[41.0817207,19.1297588],[41.0817309,19.1296712],[41.0818024,19.1296786],[41.0817923,19.1297662]]]},"properties":{"sources":[{"property":"","dataset":"Microsoft ML Buildings","license":"ODbL-1.0","record_id":null,"update_time":"2018-09-01T00:00:00.000Z","confidence":null,"between":null,"provider":"microsoft","resource":"ml_buildings","version":"2025-02-25"}],"is_underground":false,"has_parts":false,"version":3}},
{"id":"51745422-5ae8-47f0-95b1-e0ea1badb811","type":"Feature","geometry":{"type":"Polygon","coordinates":[[[41.0816096,19.1299309],[41.0816139,19.1298207],[41.081713,19.1298241],[41.0817087,19.1299343],[41.0816096,19.1299309]]]},"properties":{"sources":[{"property":"","dataset":"Microsoft ML Buildings","license":"ODbL-1.0","record_id":null,"update_time":"2018-09-01T00:00:00.000Z","confidence":null,"between":null,"provider":"microsoft","resource":"ml_buildings","version":"2025-02-25"}],"is_underground":false,"has_parts":false,"version":3}},
{"id":"82ba96ea-dce4-4eb8-9545-5e80b22f95b6","type":"Feature","geometry":{"type":"Polygon","coordinates":[[[41.0817148,19.1299279],[41.0817193,19.1298495],[41.0818129,19.1298544],[41.0818084,19.1299327],[41.0817148,19.1299279]]]},"properties":{"sources":[{"property":"","dataset":"Microsoft ML Buildings","license":"ODbL-1.0","record_id":null,"update_time":"2018-09-01T00:00:00.000Z","confidence":null,"between":null,"provider":"microsoft","resource":"ml_buildings","version":"2025-02-25"}],"is_underground":false,"has_parts":false,"version":3}},
{"id":"315b571f-fc8e-4d01-9ebe-6e569b395824","type":"Feature","geometry":{"type":"Polygon","coordinates":[[[41.081973,19.1299106],[41.081851,19.1299112],[41.0818497,19.129687],[41.0819717,19.1296864],[41.081973,19.1299106]]]},"properties":{"sources":[{"property":"","dataset":"Microsoft ML Buildings","license":"ODbL-1.0","record_id":null,"update_time":"2018-09-01T00:00:00.000Z","confidence":null,"between":null,"provider":"microsoft","resource":"ml_buildings","version":"2025-02-25"}],"is_underground":false,"has_parts":false,"version":3}},
{"id":"f49be1b6-be33-457a-b59b-084de0b5b5a5","type":"Feature","geometry":{"type":"Polygon","coordinates":[[[41.0817482,19.1296067],[41.0816895,19.1295882],[41.0817231,19.1294929],[41.0817233,19.1294885],[41.0817688,19.1293593],[41.0817858,19.12936],[41.0819498,19.1294116],[41.0819484,19.1294396],[41.0819647,19.1293934],[41.0820042,19.1293951],[41.0819989,19.1295013],[41.0819668,19.1294999],[41.0819607,19.1296213],[41.0818567,19.1296166],[41.0818379,19.1296107],[41.0817482,19.1296067]]]},"properties":{"sources":[{"property":"","dataset":"Microsoft ML Buildings","license":"ODbL-1.0","record_id":null,"update_time":"2018-09-01T00:00:00.000Z","confidence":null,"between":null,"provider":"microsoft","resource":"ml_buildings","version":"2025-02-25"}],"is_underground":false,"has_parts":false,"version":3}},
{"id":"be13a571-aa86-42ed-bfc8-abba694e2884","type":"Feature","geometry":{"type":"Polygon","coordinates":[[[41.0818519,19.1291494],[41.0820452,19.1291946],[41.0819961,19.129382],[41.0819089,19.1293616],[41.0819083,19.1293639],[41.0818021,19.1293391],[41.0818519,19.1291494]]]},"properties":{"sources":[{"property":"","dataset":"Microsoft ML Buildings","license":"ODbL-1.0","record_id":null,"update_time":"2018-09-01T00:00:00.000Z","confidence":null,"between":null,"provider":"microsoft","resource":"ml_buildings","version":"2025-02-25"}],"is_underground":false,"has_parts":false,"version":3}},
{"id":"a1bde9b2-0388-4b53-82bb-7f3b3fe18f63","type":"Feature","geometry":{"type":"Polygon","coordinates":[[[41.0818647,19.1290025],[41.0818603,19.1290605],[41.0817642,19.1290541],[41.0817686,19.1289961],[41.0818647,19.1290025]]]},"properties":{"sources":[{"property":"","dataset":"Microsoft ML Buildings","license":"ODbL-1.0","record_id":null,"update_time":"2018-09-01T00:00:00.000Z","confidence":null,"between":null,"provider":"microsoft","resource":"ml_buildings","version":"2025-02-25"}],"is_underground":false,"has_parts":false,"version":3}},
{"id":"b21813c6-99fc-475d-a8b8-02e1d3ef4289","type":"Feature","geometry":{"type":"Polygon","coordinates":[[[41.081656,19.129127],[41.0817899,19.1291324],[41.0817861,19.1292147],[41.0816523,19.1292093],[41.081656,19.129127]]]},"properties":{"sources":[{"property":"","dataset":"Microsoft ML Buildings","license":"ODbL-1.0","record_id":null,"update_time":"2018-09-01T00:00:00.000Z","confidence":null,"between":null,"provider":"microsoft","resource":"ml_buildings","version":"2025-02-25"}],"is_underground":false,"has_parts":false,"version":3}},
{"id":"f92bc345-552f-4def-b770-e17a1561ecb7","type":"Feature","geometry":{"type":"Polygon","coordinates":[[[41.081736,19.1293515],[41.0816181,19.1293273],[41.0816368,19.1292461],[41.0817546,19.1292703],[41.081736,19.1293515]]]},"properties":{"sources":[{"property":"","dataset":"Microsoft ML Buildings","license":"ODbL-1.0","record_id":null,"update_time":"2018-09-01T00:00:00.000Z","confidence":null,"between":null,"provider":"microsoft","resource":"ml_buildings","version":"2025-02-25"}],"is_underground":false,"has_parts":false,"version":3}},
{"id":"84930276-c552-401f-bdf6-834a6599b2bf","type":"Feature","geometry":{"type":"Polygon","coordinates":[[[41.0814952,19.1291826],[41.0814986,19.129127],[41.0816322,19.1291343],[41.0816271,19.1292177],[41.0814453,19.1292077],[41.081447,19.12918],[41.0814952,19.1291826]]]},"properties":{"sources":[{"property":"","dataset":"Microsoft ML Buildings","license":"ODbL-1.0","record_id":null,"update_time":"2018-09-01T00:00:00.000Z","confidence":null,"between":null,"provider":"microsoft","resource":"ml_buildings","version":"2025-02-25"}],"is_underground":false,"has_parts":false,"version":3}},
{"id":"25df704b-53f1-48b5-9d36-9b0fa39fec12","type":"Feature","geometry":{"type":"Polygon","coordinates":[[[41.0815996,19.1288982],[41.0815969,19.1290147],[41.0812404,19.1290075],[41.081243,19.128891],[41.0815996,19.1288982]]]},"properties":{"sources":[{"property":"","dataset":"Microsoft ML Buildings","license":"ODbL-1.0","record_id":null,"update_time":"2018-09-01T00:00:00.000Z","confidence":null,"between":null,"provider":"microsoft","resource":"ml_buildings","version":"2025-02-25"}],"is_underground":false,"has_parts":false,"version":3}},
{"id":"c102a750-ffd7-4f32-9f46-1f8256201810","type":"Feature","geometry":{"type":"Polygon","coordinates":[[[41.0813035,19.1288439],[41.0813009,19.1288908],[41.0812474,19.128888],[41.0812501,19.1288412],[41.0813035,19.1288439]]]},"properties":{"sources":[{"property":"","dataset":"Microsoft ML Buildings","license":"ODbL-1.0","record_id":null,"update_time":"2018-09-01T00:00:00.000Z","confidence":null,"between":null,"provider":"microsoft","resource":"ml_buildings","version":"2025-02-25"}],"is_underground":false,"has_parts":false,"version":3}},
{"id":"c0dc8250-d29d-499a-b8fc-98cb2bf9100f","type":"Feature","geometry":{"type":"Polygon","coordinates":[[[41.0813308,19.1288684],[41.0813258,19.1288182],[41.0813577,19.1288153],[41.0813627,19.1288656],[41.0813308,19.1288684]]]},"properties":{"sources":[{"property":"","dataset":"Microsoft ML Buildings","license":"ODbL-1.0","record_id":null,"update_time":"2018-09-01T00:00:00.000Z","confidence":null,"between":null,"provider":"microsoft","resource":"ml_buildings","version":"2025-02-25"}],"is_underground":false,"has_parts":false,"version":3}},
{"id":"23b6b35d-3829-407d-80e7-a56e4f6de104","type":"Feature","geometry":{"type":"Polygon","coordinates":[[[41.0813576,19.1286734],[41.0813512,19.128814],[41.0812602,19.1288103],[41.0812625,19.1287597],[41.0812973,19.1287611],[41.0813014,19.1286712],[41.0813576,19.1286734]]]},"properties":{"sources":[{"property":"","dataset":"Microsoft ML Buildings","license":"ODbL-1.0","record_id":null,"update_time":"2018-09-01T00:00:00.000Z","confidence":null,"between":null,"provider":"microsoft","resource":"ml_buildings","version":"2025-02-25"}],"is_underground":false,"has_parts":false,"version":3}},
{"id":"99c11712-6a6c-479c-95a4-10ae59f0c73c","type":"Feature","geometry":{"type":"Polygon","coordinates":[[[41.0814328,19.1286655],[41.08144,19.1288299],[41.0813784,19.1288323],[41.0813712,19.1286679],[41.0814328,19.1286655]]]},"properties":{"sources":[{"property":"","dataset":"Microsoft ML Buildings","license":"ODbL-1.0","record_id":null,"update_time":"2018-09-01T00:00:00.000Z","confidence":null,"between":null,"provider":"microsoft","resource":"ml_buildings","version":"2025-02-25"}],"is_underground":false,"has_parts":false,"version":3}},
{"id":"34568c30-6a3a-426e-9175-63440393a618","type":"Feature","geometry":{"type":"Polygon","coordinates":[[[41.0815766,19.1286082],[41.0816064,19.1287796],[41.0814797,19.1287992],[41.08145,19.1286278],[41.0815766,19.1286082]]]},"properties":{"sources":[{"property":"","dataset":"Microsoft ML Buildings","license":"ODbL-1.0","record_id":null,"update_time":"2018-09-01T00:00:00.000Z","confidence":null,"between":null,"provider":"microsoft","resource":"ml_buildings","version":"2025-02-25"}],"is_underground":false,"has_parts":false,"version":3}},
{"id":"f97f417f-2d04-4e29-bd74-b5bf1a05abf3","type":"Feature","geometry":{"type":"Polygon","coordinates":[[[41.0817505,19.1287788],[41.0816353,19.1287811],[41.0816331,19.1286848],[41.0817484,19.1286826],[41.0817505,19.1287788]]]},"properties":{"sources":[{"property":"","dataset":"Microsoft ML Buildings","license":"ODbL-1.0","record_id":null,"update_time":"2018-09-01T00:00:00.000Z","confidence":null,"between":null,"provider":"microsoft","resource":"ml_buildings","version":"2025-02-25"}],"is_underground":false,"has_parts":false,"version":3}},
{"id":"7ef35aad-8055-4dec-a2ef-760917f7b40c","type":"Feature","geometry":{"type":"Polygon","coordinates":[[[41.081814,19.1288076],[41.0818135,19.1288341],[41.0819154,19.1288358],[41.0819134,19.1289486],[41.0817551,19.128946],[41.0817577,19.1288067],[41.081814,19.1288076]]]},"properties":{"sources":[{"property":"","dataset":"Microsoft ML Buildings","license":"ODbL-1.0","record_id":null,"update_time":"2018-09-01T00:00:00.000Z","confidence":null,"between":null,"provider":"microsoft","resource":"ml_buildings","version":"2025-02-25"}],"is_underground":false,"has_parts":false,"version":3}},
{"id":"106c646c-a11e-4767-8ded-7a752933579f","type":"Feature","geometry":{"type":"Polygon","coordinates":[[[41.0818614,19.1288162],[41.0818585,19.1287428],[41.0819562,19.1287394],[41.0819574,19.1287684],[41.0820645,19.1287646],[41.0820663,19.128809],[41.0818614,19.1288162]]]},"properties":{"sources":[{"property":"","dataset":"Microsoft ML Buildings","license":"ODbL-1.0","record_id":null,"update_time":"2018-09-01T00:00:00.000Z","confidence":null,"between":null,"provider":"microsoft","resource":"ml_buildings","version":"2025-02-25"}],"is_underground":false,"has_parts":false,"version":3}},
{"id":"e4e3da55-2a9d-4873-a308-d33bd5159462","type":"Feature","geometry":{"type":"Polygon","coordinates":[[[41.082074,19.1286926],[41.0821184,19.1287025],[41.0821064,19.1287505],[41.082062,19.1287406],[41.082074,19.1286926]]]},"properties":{"sources":[{"property":"","dataset":"Microsoft ML Buildings","license":"ODbL-1.0","record_id":null,"update_time":"2018-09-01T00:00:00.000Z","confidence":null,"between":null,"provider":"microsoft","resource":"ml_buildings","version":"2025-02-25"}],"is_underground":false,"has_parts":false,"version":3}},
{"id":"0094787b-fe07-4925-9248-0244911b8863","type":"Feature","geometry":{"type":"Polygon","coordinates":[[[41.0822306,19.1287941],[41.0822277,19.1289067],[41.0821071,19.128904],[41.08211,19.1287914],[41.0822306,19.1287941]]]},"properties":{"sources":[{"property":"","dataset":"Microsoft ML Buildings","license":"ODbL-1.0","record_id":null,"update_time":"2018-09-01T00:00:00.000Z","confidence":null,"between":null,"provider":"microsoft","resource":"ml_buildings","version":"2025-02-25"}],"is_underground":false,"has_parts":false,"version":3}},
{"id":"eef53d77-2a76-4e78-93f9-adf36b4d7b87","type":"Feature","geometry":{"type":"Polygon","coordinates":[[[41.0823168,19.1288197],[41.0823144,19.1288702],[41.0822769,19.1288687],[41.0822793,19.1288181],[41.0823168,19.1288197]]]},"properties":{"sources":[{"property":"","dataset":"Microsoft ML Buildings","license":"ODbL-1.0","record_id":null,"update_time":"2018-09-01T00:00:00.000Z","confidence":null,"between":null,"provider":"microsoft","resource":"ml_buildings","version":"2025-02-25"}],"is_underground":false,"has_parts":false,"version":3}},
{"id":"60a549b9-0e96-4d76-8fe9-a241398d902a","type":"Feature","geometry":{"type":"Polygon","coordinates":[[[41.0819325,19.1289369],[41.0819345,19.1288471],[41.0820498,19.1288494],[41.0820478,19.1289393],[41.0819325,19.1289369]]]},"properties":{"sources":[{"property":"","dataset":"Microsoft ML Buildings","license":"ODbL-1.0","record_id":null,"update_time":"2018-09-01T00:00:00.000Z","confidence":null,"between":null,"provider":"microsoft","resource":"ml_buildings","version":"2025-02-25"}],"is_underground":false,"has_parts":false,"version":3}},
{"id":"f6b21645-cd77-48b4-b030-886e6824ded5","type":"Feature","geometry":{"type":"Polygon","coordinates":[[[41.082379,19.1291955],[41.0823807,19.1291322],[41.0824464,19.1291338],[41.0824447,19.1291971],[41.082379,19.1291955]]]},"properties":{"sources":[{"property":"","dataset":"Microsoft ML Buildings","license":"ODbL-1.0","record_id":null,"update_time":"2018-09-01T00:00:00.000Z","confidence":null,"between":null,"provider":"microsoft","resource":"ml_buildings","version":"2025-02-25"}],"is_underground":false,"has_parts":false,"version":3}},
{"id":"1fed5768-5e87-4b53-b524-11a3bf08f793","type":"Feature","geometry":{"type":"Polygon","coordinates":[[[41.0825463,19.128756],[41.0825257,19.1290589],[41.0823494,19.1290482],[41.0823706,19.1287352],[41.0822157,19.1287258],[41.0822138,19.1287536],[41.0821777,19.1287514],[41.0821832,19.1286706],[41.0822727,19.1286761],[41.0822767,19.128618],[41.0822179,19.1286145],[41.0822215,19.1285615],[41.082283,19.1285652],[41.08228,19.1286081],[41.0823174,19.1286104],[41.0823231,19.1285271],[41.0825074,19.1285383],[41.0824928,19.1287528],[41.0825463,19.128756]]]},"properties":{"sources":[{"property":"","dataset":"Microsoft ML Buildings","license":"ODbL-1.0","record_id":null,"update_time":"2018-09-01T00:00:00.000Z","confidence":null,"between":null,"provider":"microsoft","resource":"ml_buildings","version":"2025-02-25"}],"is_underground":false,"has_parts":false,"version":3}},
{"id":"fe7ed4d2-80d6-4159-96fb-56041adf4ef1","type":"Feature","geometry":{"type":"Polygon","coordinates":[[[41.0833105,19.1292411],[41.0832737,19.1292361],[41.0832822,19.1291802],[41.083319,19.1291852],[41.0833105,19.1292411]]]},"properties":{"sources":[{"property":"","dataset":"Microsoft ML Buildings","license":"ODbL-1.0","record_id":null,"update_time":"2018-09-01T00:00:00.000Z","confidence":null,"between":null,"provider":"microsoft","resource":"ml_buildings","version":"2025-02-25"}],"is_underground":false,"has_parts":false,"version":3}},
{"id":"7f622a8e-121b-4d63-a235-a69ac11cd320","type":"Feature","geometry":{"type":"Polygon","coordinates":[[[41.0831146,19.1298277],[41.0827729,19.1297462],[41.0828668,19.1293949],[41.0832223,19.1294796],[41.0832051,19.129544],[41.0829391,19.1294805],[41.0828783,19.129708],[41.0831305,19.1297682],[41.0831146,19.1298277]]]},"properties":{"sources":[{"property":"","dataset":"Microsoft ML Buildings","license":"ODbL-1.0","record_id":null,"update_time":"2018-09-01T00:00:00.000Z","confidence":null,"between":null,"provider":"microsoft","resource":"ml_buildings","version":"2025-02-25"}],"is_underground":false,"has_parts":false,"version":3}},
{"id":"2291de97-2259-456f-a915-5cf3a9897429","type":"Feature","geometry":{"type":"Polygon","coordinates":[[[41.0834157,19.129705],[41.0833517,19.1296869],[41.0833893,19.1295683],[41.0832539,19.12953],[41.0832731,19.1294695],[41.0834724,19.1295259],[41.0834157,19.129705]]]},"properties":{"sources":[{"property":"","dataset":"Microsoft ML Buildings","license":"ODbL-1.0","record_id":null,"update_time":"2018-09-01T00:00:00.000Z","confidence":null,"between":null,"provider":"microsoft","resource":"ml_buildings","version":"2025-02-25"}],"is_underground":false,"has_parts":false,"version":3}},
{"id":"e2285a27-a59e-4961-8143-3956b2e9da80","type":"Feature","geometry":{"type":"Polygon","coordinates":[[[41.0833299,19.1297109],[41.0832762,19.1298765],[41.0832088,19.129857],[41.0832625,19.1296914],[41.0833299,19.1297109]]]},"properties":{"sources":[{"property":"","dataset":"Microsoft ML Buildings","license":"ODbL-1.0","record_id":null,"update_time":"2018-09-01T00:00:00.000Z","confidence":null,"between":null,"provider":"microsoft","resource":"ml_buildings","version":"2025-02-25"}],"is_underground":false,"has_parts":false,"version":3}},
{"id":"5953752a-591f-4315-a07b-9b34fb0c035d","type":"Feature","geometry":{"type":"Polygon","coordinates":[[[41.0830827,19.1299345],[41.0827389,19.1298544],[41.0827544,19.1297947],[41.0830983,19.1298748],[41.0830827,19.1299345]]]},"properties":{"sources":[{"property":"","dataset":"Microsoft ML Buildings","license":"ODbL-1.0","record_id":null,"update_time":"2018-09-01T00:00:00.000Z","confidence":null,"between":null,"provider":"microsoft","resource":"ml_buildings","version":"2025-02-25"}],"is_underground":false,"has_parts":false,"version":3}},
{"id":"fe73d532-cb7b-43ce-bf05-2d78eff33638","type":"Feature","geometry":{"type":"Polygon","coordinates":[[[41.0820093,19.1295036],[41.0820342,19.1294012],[41.082252,19.1294485],[41.0822271,19.1295509],[41.0820093,19.1295036]]]},"properties":{"sources":[{"property":"","dataset":"Microsoft ML Buildings","license":"ODbL-1.0","record_id":null,"update_time":"2018-09-01T00:00:00.000Z","confidence":null,"between":null,"provider":"microsoft","resource":"ml_buildings","version":"2025-02-25"}],"is_underground":false,"has_parts":false,"version":3}},
{"id":"f911df47-8049-4a8f-adb9-e7dcb945baf3","type":"Feature","geometry":{"type":"Polygon","coordinates":[[[41.0820545,19.1296538],[41.0820774,19.12956],[41.0822124,19.1295894],[41.0821895,19.1296832],[41.0820545,19.1296538]]]},"properties":{"sources":[{"property":"","dataset":"Microsoft ML Buildings","license":"ODbL-1.0","record_id":null,"update_time":"2018-09-01T00:00:00.000Z","confidence":null,"between":null,"provider":"microsoft","resource":"ml_buildings","version":"2025-02-25"}],"is_underground":false,"has_parts":false,"version":3}},
{"id":"ebb6715d-b3d7-4f25-9d50-45ebdb891b2a","type":"Feature","geometry":{"type":"Polygon","coordinates":[[[41.0824749,19.1303019],[41.0825172,19.1302234],[41.0825917,19.1302593],[41.0825494,19.1303377],[41.0824749,19.1303019]]]},"properties":{"sources":[{"property":"","dataset":"Microsoft ML Buildings","license":"ODbL-1.0","record_id":null,"update_time":"2018-09-01T00:00:00.000Z","confidence":null,"between":null,"provider":"microsoft","resource":"ml_buildings","version":"2025-02-25"}],"is_underground":false,"has_parts":false,"version":3}},
{"id":"7220019a-4231-4995-a16f-4147f2268416","type":"Feature","geometry":{"type":"Polygon","coordinates":[[[41.0826979,19.130331],[41.0827294,19.1302728],[41.0828229,19.1303181],[41.0827575,19.1304384],[41.0826811,19.1304014],[41.0827148,19.1303392],[41.0826979,19.130331]]]},"properties":{"sources":[{"property":"","dataset":"Microsoft ML Buildings","license":"ODbL-1.0","record_id":null,"update_time":"2018-09-01T00:00:00.000Z","confidence":null,"between":null,"provider":"microsoft","resource":"ml_buildings","version":"2025-02-25"}],"is_underground":false,"has_parts":false,"version":3}},
{"id":"4bf3a0c5-bf77-4f57-b95b-8f6149e8aaa6","type":"Feature","geometry":{"type":"Polygon","coordinates":[[[41.0817069,19.1311453],[41.081776,19.1312283],[41.081723,19.1312677],[41.0816539,19.1311848],[41.0817069,19.1311453]]]},"properties":{"sources":[{"property":"","dataset":"Microsoft ML Buildings","license":"ODbL-1.0","record_id":null,"update_time":"2018-09-01T00:00:00.000Z","confidence":null,"between":null,"provider":"microsoft","resource":"ml_buildings","version":"2025-02-25"}],"is_underground":false,"has_parts":false,"version":3}},
{"id":"e3ba428a-ad6d-4645-b47d-ece1d467e597","type":"Feature","geometry":{"type":"Polygon","coordinates":[[[41.0816664,19.1313713],[41.0815811,19.1312355],[41.0816278,19.1312093],[41.0817131,19.1313451],[41.0816664,19.1313713]]]},"properties":{"sources":[{"property":"","dataset":"Microsoft ML Buildings","license":"ODbL-1.0","record_id":null,"update_time":"2018-09-01T00:00:00.000Z","confidence":null,"between":null,"provider":"microsoft","resource":"ml_buildings","version":"2025-02-25"}],"is_underground":false,"has_parts":false,"version":3}},
{"id":"259fdfb9-ec4c-4b49-b3e1-d81d9b40817f","type":"Feature","geometry":{"type":"Polygon","coordinates":[[[41.0815208,19.1313103],[41.0815908,19.1312638],[41.0817195,19.1314368],[41.0816495,19.1314833],[41.0815208,19.1313103]]]},"properties":{"sources":[{"property":"","dataset":"Microsoft ML Buildings","license":"ODbL-1.0","record_id":null,"update_time":"2018-09-01T00:00:00.000Z","confidence":null,"between":null,"provider":"microsoft","resource":"ml_buildings","version":"2025-02-25"}],"is_underground":false,"has_parts":false,"version":3}},
{"id":"a8872b57-8f52-4608-995c-de5368907281","type":"Feature","geometry":{"type":"Polygon","coordinates":[[[41.0812765,19.1313947],[41.0811712,19.1312578],[41.081277300000004,19.131185],[41.0813379,19.1312638],[41.0813336,19.1312668],[41.0813783,19.1313248],[41.0812765,19.1313947]]]},"properties":{"sources":[{"property":"","dataset":"Microsoft ML Buildings","license":"ODbL-1.0","record_id":null,"update_time":"2018-09-01T00:00:00.000Z","confidence":null,"between":null,"provider":"microsoft","resource":"ml_buildings","version":"2025-02-25"}],"is_underground":false,"has_parts":false,"version":3}},
{"id":"33e1351e-2002-49d0-ad9c-06b80d92a10f","type":"Feature","geometry":{"type":"Polygon","coordinates":[[[41.0813987,19.131058],[41.0815593,19.1312525],[41.0814569,19.131328],[41.0812963,19.1311336],[41.0813987,19.131058]]]},"properties":{"sources":[{"property":"","dataset":"Microsoft ML Buildings","license":"ODbL-1.0","record_id":null,"update_time":"2018-09-01T00:00:00.000Z","confidence":null,"between":null,"provider":"microsoft","resource":"ml_buildings","version":"2025-02-25"}],"is_underground":false,"has_parts":false,"version":3}},
{"id":"c8b0f057-a834-4c68-bf78-a872f84d9271","type":"Feature","geometry":{"type":"Polygon","coordinates":[[[41.0815497,19.130953],[41.0816815,19.1311107],[41.0815592,19.1312019],[41.0814275,19.1310442],[41.0815497,19.130953]]]},"properties":{"sources":[{"property":"","dataset":"Microsoft ML Buildings","license":"ODbL-1.0","record_id":null,"update_time":"2018-09-01T00:00:00.000Z","confidence":null,"between":null,"provider":"microsoft","resource":"ml_buildings","version":"2025-02-25"}],"is_underground":false,"has_parts":false,"version":3}},
{"id":"fe7ca7ca-1852-46bf-8572-c5d182eedb4f","type":"Feature","geometry":{"type":"Polygon","coordinates":[[[41.0816895,19.130816],[41.0817837,19.1309118],[41.0816845,19.130999],[41.0815902,19.1309032],[41.0816895,19.130816]]]},"properties":{"sources":[{"property":"","dataset":"Microsoft ML Buildings","license":"ODbL-1.0","record_id":null,"update_time":"2018-09-01T00:00:00.000Z","confidence":null,"between":null,"provider":"microsoft","resource":"ml_buildings","version":"2025-02-25"}],"is_underground":false,"has_parts":false,"version":3}},
{"id":"77426df7-39be-47e5-9f0e-8d828c4be883","type":"Feature","geometry":{"type":"Polygon","coordinates":[[[41.0819313,19.1309082],[41.0818713,19.1310908],[41.0817514,19.1310556],[41.0818114,19.130873],[41.0819313,19.1309082]]]},"properties":{"sources":[{"property":"","dataset":"Microsoft ML Buildings","license":"ODbL-1.0","record_id":null,"update_time":"2018-09-01T00:00:00.000Z","confidence":null,"between":null,"provider":"microsoft","resource":"ml_buildings","version":"2025-02-25"}],"is_underground":false,"has_parts":false,"version":3}},
{"id":"69343294-548d-42ca-8cc4-5449744d8130","type":"Feature","geometry":{"type":"Polygon","coordinates":[[[41.0819449,19.130883999999998],[41.0818068,19.1308499],[41.0818478,19.1307017],[41.0819859,19.1307358],[41.0819449,19.130883999999998]]]},"properties":{"sources":[{"property":"","dataset":"Microsoft ML Buildings","license":"ODbL-1.0","record_id":null,"update_time":"2018-09-01T00:00:00.000Z","confidence":null,"between":null,"provider":"microsoft","resource":"ml_buildings","version":"2025-02-25"}],"is_underground":false,"has_parts":false,"version":3}},
{"id":"424ef9d9-1134-4d52-ac02-3c1cfce45554","type":"Feature","geometry":{"type":"Polygon","coordinates":[[[41.0815986,19.1304472],[41.0816069,19.1304686],[41.0818211,19.1303947],[41.0818708,19.1305232],[41.0815997,19.1306166],[41.0815418,19.1304668],[41.0815986,19.1304472]]]},"properties":{"sources":[{"property":"","dataset":"Microsoft ML Buildings","license":"ODbL-1.0","record_id":null,"update_time":"2018-09-01T00:00:00.000Z","confidence":null,"between":null,"provider":"microsoft","resource":"ml_buildings","version":"2025-02-25"}],"is_underground":false,"has_parts":false,"version":3}},
{"id":"090b6618-89d8-4e30-8e71-41dd03ec5973","type":"Feature","geometry":{"type":"Polygon","coordinates":[[[41.0819573,19.1300625],[41.0820025,19.1303771],[41.0817009,19.1304158],[41.0816557,19.1301011],[41.0819573,19.1300625]]]},"properties":{"sources":[{"property":"","dataset":"Microsoft ML Buildings","license":"ODbL-1.0","record_id":null,"update_time":"2018-09-01T00:00:00.000Z","confidence":null,"between":null,"provider":"microsoft","resource":"ml_buildings","version":"2025-02-25"}],"is_underground":false,"has_parts":false,"version":3}},
{"id":"683491e0-8a09-48e0-aa3c-742ff407d3e5","type":"Feature","geometry":{"type":"Polygon","coordinates":[[[41.0808038,19.1305569],[41.0808081,19.1303594],[41.0809596,19.1303623],[41.0809554,19.1305599],[41.0808038,19.1305569]]]},"properties":{"sources":[{"property":"","dataset":"Microsoft ML Buildings","license":"ODbL-1.0","record_id":null,"update_time":"2018-09-01T00:00:00.000Z","confidence":null,"between":null,"provider":"microsoft","resource":"ml_buildings","version":"2025-02-25"}],"is_underground":false,"has_parts":false,"version":3}},
{"id":"12c2bd99-1834-4a25-b436-a05fb0f93022","type":"Feature","geometry":{"type":"Polygon","coordinates":[[[41.0805337,19.1302303],[41.0805527,19.1301902],[41.0805963,19.1302087],[41.0805773,19.1302488],[41.0805337,19.1302303]]]},"properties":{"sources":[{"property":"","dataset":"Microsoft ML Buildings","license":"ODbL-1.0","record_id":null,"update_time":"2018-09-01T00:00:00.000Z","confidence":null,"between":null,"provider":"microsoft","resource":"ml_buildings","version":"2025-02-25"}],"is_underground":false,"has_parts":false,"version":3}},
{"id":"5a5e785d-fe33-442c-9db3-8ebf2f01e27e","type":"Feature","geometry":{"type":"Polygon","coordinates":[[[41.0811361,19.1312622],[41.0811856,19.1313276],[41.0811706,19.1313377],[41.0811947,19.1313696],[41.0811237,19.1314175],[41.0810984,19.131384],[41.0810672,19.1314051],[41.0810926,19.1314386],[41.0810359,19.1314769],[41.0809876,19.1314133],[41.081017,19.1313934],[41.0809916,19.1313599],[41.0811361,19.1312622]]]},"properties":{"sources":[{"property":"","dataset":"Microsoft ML Buildings","license":"ODbL-1.0","record_id":null,"update_time":"2018-09-01T00:00:00.000Z","confidence":null,"between":null,"provider":"microsoft","resource":"ml_buildings","version":"2025-02-25"}],"is_underground":false,"has_parts":false,"version":3}},
{"id":"0d1055b6-719b-42ca-a423-3dee4045c243","type":"Feature","geometry":{"type":"Polygon","coordinates":[[[41.0807083,19.1317442],[41.0807211,19.1318902],[41.0805399,19.1319043],[41.0805271,19.1317584],[41.0807083,19.1317442]]]},"properties":{"sources":[{"property":"","dataset":"Microsoft ML Buildings","license":"ODbL-1.0","record_id":null,"update_time":"2018-09-01T00:00:00.000Z","confidence":null,"between":null,"provider":"microsoft","resource":"ml_buildings","version":"2025-02-25"}],"is_underground":false,"has_parts":false,"version":3}},
{"id":"8e037bba-3943-456f-a479-13856df2d65f","type":"Feature","geometry":{"type":"Polygon","coordinates":[[[41.0807402,19.1319333],[41.0809372,19.1319304],[41.08094,19.1321064],[41.0807431,19.1321092],[41.0807402,19.1319333]]]},"properties":{"sources":[{"property":"","dataset":"Microsoft ML Buildings","license":"ODbL-1.0","record_id":null,"update_time":"2018-09-01T00:00:00.000Z","confidence":null,"between":null,"provider":"microsoft","resource":"ml_buildings","version":"2025-02-25"}],"is_underground":false,"has_parts":false,"version":3}},
{"id":"cda4ac1c-56cb-440a-a540-eb808df07b41","type":"Feature","geometry":{"type":"Polygon","coordinates":[[[41.0807403,19.1317299],[41.0809093,19.1317269],[41.0809123,19.1318814],[41.0807434,19.1318844],[41.0807403,19.1317299]]]},"properties":{"sources":[{"property":"","dataset":"Microsoft ML Buildings","license":"ODbL-1.0","record_id":null,"update_time":"2018-09-01T00:00:00.000Z","confidence":null,"between":null,"provider":"microsoft","resource":"ml_buildings","version":"2025-02-25"}],"is_underground":false,"has_parts":false,"version":3}},
{"id":"a3b18a24-f7c0-4f6e-87f3-7bd42c4a4f61","type":"Feature","geometry":{"type":"Polygon","coordinates":[[[41.0812085,19.1313841],[41.0812754,19.1314759],[41.0810492,19.1316233],[41.0809885,19.1315401],[41.0810939,19.1314714],[41.0810877,19.1314628],[41.0812085,19.1313841]]]},"properties":{"sources":[{"property":"","dataset":"Microsoft ML Buildings","license":"ODbL-1.0","record_id":null,"update_time":"2018-09-01T00:00:00.000Z","confidence":null,"between":null,"provider":"microsoft","resource":"ml_buildings","version":"2025-02-25"}],"is_underground":false,"has_parts":false,"version":3}},
{"id":"045976d1-4577-4fff-ab16-9dd00c4f8e8c","type":"Feature","geometry":{"type":"Polygon","coordinates":[[[41.0814502,19.1316717],[41.0813198,19.1315188],[41.0815311,19.1313578],[41.0816616,19.1315107],[41.0814502,19.1316717]]]},"properties":{"sources":[{"property":"","dataset":"Microsoft ML Buildings","license":"ODbL-1.0","record_id":null,"update_time":"2018-09-01T00:00:00.000Z","confidence":null,"between":null,"provider":"microsoft","resource":"ml_buildings","version":"2025-02-25"}],"is_underground":false,"has_parts":false,"version":3}},
{"id":"416b9c4b-6098-497d-8cd9-21d30cc1e5bc","type":"Feature","geometry":{"type":"Polygon","coordinates":[[[41.0814457,19.1321707],[41.0815571,19.1317134],[41.0816451,19.1317325],[41.0815338,19.1321898],[41.0814457,19.1321707]]]},"properties":{"sources":[{"property":"","dataset":"Microsoft ML Buildings","license":"ODbL-1.0","record_id":null,"update_time":"2018-09-01T00:00:00.000Z","confidence":null,"between":null,"provider":"microsoft","resource":"ml_buildings","version":"2025-02-25"}],"is_underground":false,"has_parts":false,"version":3}},
{"id":"862dda52-bee1-4bca-b161-396c202d76d4","type":"Feature","geometry":{"type":"Polygon","coordinates":[[[41.0814978,19.132241],[41.0813877,19.1327015],[41.0812994,19.1326826],[41.0814096,19.1322222],[41.0814978,19.132241]]]},"properties":{"sources":[{"property":"","dataset":"Microsoft ML Buildings","license":"ODbL-1.0","record_id":null,"update_time":"2018-09-01T00:00:00.000Z","confidence":null,"between":null,"provider":"microsoft","resource":"ml_buildings","version":"2025-02-25"}],"is_underground":false,"has_parts":false,"version":3}},
{"id":"1e74d37a-596d-4ebf-a493-dc9106684493","type":"Feature","geometry":{"type":"Polygon","coordinates":[[[41.0811824,19.1323428],[41.0811121,19.1323176],[41.0811458,19.1322334],[41.0812162,19.1322586],[41.0811824,19.1323428]]]},"properties":{"sources":[{"property":"","dataset":"Microsoft ML Buildings","license":"ODbL-1.0","record_id":null,"update_time":"2018-09-01T00:00:00.000Z","confidence":null,"between":null,"provider":"microsoft","resource":"ml_buildings","version":"2025-02-25"}],"is_underground":false,"has_parts":false,"version":3}},
{"id":"baae7bef-a29d-47b9-b17f-ea14607c7477","type":"Feature","geometry":{"type":"Polygon","coordinates":[[[41.0807798,19.1323356],[41.0807657,19.1321352],[41.0809553,19.1321233],[41.0809694,19.1323237],[41.0807798,19.1323356]]]},"properties":{"sources":[{"property":"","dataset":"Microsoft ML Buildings","license":"ODbL-1.0","record_id":null,"update_time":"2018-09-01T00:00:00.000Z","confidence":null,"between":null,"provider":"microsoft","resource":"ml_buildings","version":"2025-02-25"}],"is_underground":false,"has_parts":false,"version":3}},
{"id":"8d8c6a7d-6389-4068-957f-9718ca72adb6","type":"Feature","geometry":{"type":"Polygon","coordinates":[[[41.080547,19.1321304],[41.0807465,19.1321244],[41.0807516,19.1322763],[41.0805522,19.1322823],[41.080547,19.1321304]]]},"properties":{"sources":[{"property":"","dataset":"Microsoft ML Buildings","license":"ODbL-1.0","record_id":null,"update_time":"2018-09-01T00:00:00.000Z","confidence":null,"between":null,"provider":"microsoft","resource":"ml_buildings","version":"2025-02-25"}],"is_underground":false,"has_parts":false,"version":3}},
{"id":"34864833-b550-4eeb-9278-c3868213c72f","type":"Feature","geometry":{"type":"Polygon","coordinates":[[[41.0806512,19.1324069],[41.0806561,19.1323209],[41.0807455,19.1323255],[41.0807406,19.1324114],[41.0806512,19.1324069]]]},"properties":{"sources":[{"property":"","dataset":"Microsoft ML Buildings","license":"ODbL-1.0","record_id":null,"update_time":"2018-09-01T00:00:00.000Z","confidence":null,"between":null,"provider":"microsoft","resource":"ml_buildings","version":"2025-02-25"}],"is_underground":false,"has_parts":false,"version":3}},
{"id":"e209afe7-5381-4aa1-a278-3b1046acb20d","type":"Feature","geometry":{"type":"Polygon","coordinates":[[[41.0805655,19.1325298],[41.0810092,19.1325777],[41.0809971,19.1326778],[41.0810221,19.1326805],[41.0810078,19.132798],[41.0807378,19.1327689],[41.0807351,19.1327914],[41.0805365,19.13277],[41.0805655,19.1325298]]]},"properties":{"sources":[{"property":"","dataset":"Microsoft ML Buildings","license":"ODbL-1.0","record_id":null,"update_time":"2018-09-01T00:00:00.000Z","confidence":null,"between":null,"provider":"microsoft","resource":"ml_buildings","version":"2025-02-25"}],"is_underground":false,"has_parts":false,"version":3}},
{"id":"88d69d9c-5560-4c6a-9207-76f07d13ebeb","type":"Feature","geometry":{"type":"Polygon","coordinates":[[[41.0810898,19.1331532],[41.0810914,19.1330823],[41.0811906,19.1330844],[41.081189,19.1331553],[41.0810898,19.1331532]]]},"properties":{"sources":[{"property":"","dataset":"Microsoft ML Buildings","license":"ODbL-1.0","record_id":null,"update_time":"2018-09-01T00:00:00.000Z","confidence":null,"between":null,"provider":"microsoft","resource":"ml_buildings","version":"2025-02-25"}],"is_underground":false,"has_parts":false,"version":3}},
{"id":"a171aed6-85cf-4c13-ae8f-9d65de870121","type":"Feature","geometry":{"type":"Polygon","coordinates":[[[41.083051,19.133941],[41.0830538,19.1341259],[41.0829948,19.1341267],[41.082992,19.1339418],[41.083051,19.133941]]]},"properties":{"sources":[{"property":"","dataset":"Microsoft ML Buildings","license":"ODbL-1.0","record_id":null,"update_time":"2018-09-01T00:00:00.000Z","confidence":null,"between":null,"provider":"microsoft","resource":"ml_buildings","version":"2025-02-25"}],"is_underground":false,"has_parts":false,"version":3}},
{"id":"0dbf9406-4262-468b-a26e-205168ff290d","type":"Feature","geometry":{"type":"Polygon","coordinates":[[[41.0833093,19.1339382],[41.0833119,19.1343005],[41.0831151,19.1343018],[41.0831125,19.1339394],[41.0833093,19.1339382]]]},"properties":{"sources":[{"property":"","dataset":"Microsoft ML Buildings","license":"ODbL-1.0","record_id":null,"update_time":"2018-09-01T00:00:00.000Z","confidence":null,"between":null,"provider":"microsoft","resource":"ml_buildings","version":"2025-02-25"}],"is_underground":false,"has_parts":false,"version":3}},
{"id":"70ef6a3f-96b1-4eec-9257-e45d10b73265","type":"Feature","geometry":{"type":"Polygon","coordinates":[[[41.0833752,19.1338631],[41.0833736,19.1338959],[41.0833281,19.1338939],[41.0833297,19.133861],[41.0833752,19.1338631]]]},"properties":{"sources":[{"property":"","dataset":"Microsoft ML Buildings","license":"ODbL-1.0","record_id":null,"update_time":"2018-09-01T00:00:00.000Z","confidence":null,"between":null,"provider":"microsoft","resource":"ml_buildings","version":"2025-02-25"}],"is_underground":false,"has_parts":false,"version":3}},
{"id":"a9cc6353-4f80-45f2-b220-887790727bff","type":"Feature","geometry":{"type":"Polygon","coordinates":[[[41.0830412,19.1326753],[41.0828216,19.1325922],[41.0828794,19.1324557],[41.0832876,19.1326102],[41.0832529,19.1326921],[41.0831558,19.1326553],[41.0831442,19.1326826],[41.0830527,19.132648],[41.0830412,19.1326753]]]},"properties":{"sources":[{"property":"","dataset":"Microsoft ML Buildings","license":"ODbL-1.0","record_id":null,"update_time":"2018-09-01T00:00:00.000Z","confidence":null,"between":null,"provider":"microsoft","resource":"ml_buildings","version":"2025-02-25"}],"is_underground":false,"has_parts":false,"version":3}},
{"id":"dbfd37be-64da-4db3-bddc-a973baa233c7","type":"Feature","geometry":{"type":"Polygon","coordinates":[[[41.0828089,19.132608],[41.0827998,19.1326385],[41.082601,19.1326409],[41.0825489,19.1326271],[41.0825462,19.1324228],[41.0825538,19.1323969],[41.0825529,19.1323277],[41.0825567,19.132315],[41.0828111,19.1323823],[41.0828122,19.1324574],[41.082807,19.1324747],[41.0828089,19.132608]]]},"properties":{"sources":[{"property":"","dataset":"Microsoft ML Buildings","license":"ODbL-1.0","record_id":null,"update_time":"2018-09-01T00:00:00.000Z","confidence":null,"between":null,"provider":"microsoft","resource":"ml_buildings","version":"2025-02-25"}],"is_underground":false,"has_parts":false,"version":3}},
{"id":"74940867-a545-4f54-89b3-42d149f60b58","type":"Feature","geometry":{"type":"Polygon","coordinates":[[[41.0823543,19.1325559],[41.0823528,19.1326978],[41.0818873,19.1326934],[41.0818888,19.1325515],[41.0823543,19.1325559]]]},"properties":{"sources":[{"property":"","dataset":"Microsoft ML Buildings","license":"ODbL-1.0","record_id":null,"update_time":"2018-09-01T00:00:00.000Z","confidence":null,"between":null,"provider":"microsoft","resource":"ml_buildings","version":"2025-02-25"}],"is_underground":false,"has_parts":false,"version":3}},
{"id":"365fe9d2-168b-4b45-9de2-e3e9113d7548","type":"Feature","geometry":{"type":"Polygon","coordinates":[[[41.082365,19.1321925],[41.0824747,19.1322161],[41.0824043,19.1325076],[41.0823024,19.1324856],[41.0823111,19.1324495],[41.0822499,19.1324363],[41.0822336,19.1325038],[41.082073,19.1324692],[41.0820863,19.1324138],[41.0821552,19.1324286],[41.0821889,19.1322889],[41.0821251,19.1322752],[41.0821681,19.1320969],[41.0823313,19.132132],[41.0822854,19.1323223],[41.0823313,19.1323322],[41.082365,19.1321925]]]},"properties":{"sources":[{"property":"","dataset":"Microsoft ML Buildings","license":"ODbL-1.0","record_id":null,"update_time":"2018-09-01T00:00:00.000Z","confidence":null,"between":null,"provider":"microsoft","resource":"ml_buildings","version":"2025-02-25"}],"is_underground":false,"has_parts":false,"version":3}},
{"id":"608d27cb-9867-45c5-be7d-b979d0632bb5","type":"Feature","geometry":{"type":"Polygon","coordinates":[[[41.081943,19.1323546],[41.081971,19.1322662],[41.0820828,19.1322979],[41.0820548,19.1323862],[41.081943,19.1323546]]]},"properties":{"sources":[{"property":"","dataset":"Microsoft ML Buildings","license":"ODbL-1.0","record_id":null,"update_time":"2018-09-01T00:00:00.000Z","confidence":null,"between":null,"provider":"microsoft","resource":"ml_buildings","version":"2025-02-25"}],"is_underground":false,"has_parts":false,"version":3}},
{"id":"ffa23c77-f99f-441f-8be1-1dfbf7b76313","type":"Feature","geometry":{"type":"Polygon","coordinates":[[[41.0839133,19.1335106],[41.0839055,19.1332676],[41.0842512,19.1332577],[41.084259,19.1335008],[41.0839133,19.1335106]]]},"properties":{"sources":[{"property":"","dataset":"Microsoft ML Buildings","license":"ODbL-1.0","record_id":null,"update_time":"2018-09-01T00:00:00.000Z","confidence":null,"between":null,"provider":"microsoft","resource":"ml_buildings","version":"2025-02-25"}],"is_underground":false,"has_parts":false,"version":3}},
{"id":"12a4303f-d736-4f76-9027-4ec54638201e","type":"Feature","geometry":{"type":"Polygon","coordinates":[[[41.0835253,19.1341491],[41.0834143,19.1341493],[41.0834138,19.1338731],[41.0836901,19.1338727],[41.0836906,19.1341526],[41.0836584,19.1341527],[41.0836587,19.1343288],[41.0835256,19.134329],[41.0835253,19.1341491]]]},"properties":{"sources":[{"property":"","dataset":"Microsoft ML Buildings","license":"ODbL-1.0","record_id":null,"update_time":"2018-09-01T00:00:00.000Z","confidence":null,"between":null,"provider":"microsoft","resource":"ml_buildings","version":"2025-02-25"}],"is_underground":false,"has_parts":false,"version":3}},
{"id":"1be90e1c-f2e0-42af-837d-f80cbcce9993","type":"Feature","geometry":{"type":"Polygon","coordinates":[[[41.084466,19.1338157],[41.0844888,19.1338391],[41.0844529,19.1338702],[41.084489,19.1339073],[41.0844075,19.133978],[41.0843487,19.1339175],[41.084466,19.1338157]]]},"properties":{"sources":[{"property":"","dataset":"Microsoft ML Buildings","license":"ODbL-1.0","record_id":null,"update_time":"2018-09-01T00:00:00.000Z","confidence":null,"between":null,"provider":"microsoft","resource":"ml_buildings","version":"2025-02-25"}],"is_underground":false,"has_parts":false,"version":3}},
{"id":"d5e7473b-60dd-46bd-9e51-c7c4075fa9a5","type":"Feature","geometry":{"type":"Polygon","coordinates":[[[41.0845525,19.1336785],[41.0845898,19.1336754],[41.0845938,19.1337193],[41.0845566,19.1337224],[41.0845525,19.1336785]]]},"properties":{"sources":[{"property":"","dataset":"Microsoft ML Buildings","license":"ODbL-1.0","record_id":null,"update_time":"2018-09-01T00:00:00.000Z","confidence":null,"between":null,"provider":"microsoft","resource":"ml_buildings","version":"2025-02-25"}],"is_underground":false,"has_parts":false,"version":3}},
{"id":"df007807-a8de-4210-9954-458536fc21bd","type":"Feature","geometry":{"type":"Polygon","coordinates":[[[41.0847646,19.1336469],[41.084733,19.1336103],[41.0847895,19.1335669],[41.084821,19.1336035],[41.0847646,19.1336469]]]},"properties":{"sources":[{"property":"","dataset":"Microsoft ML Buildings","license":"ODbL-1.0","record_id":null,"update_time":"2018-09-01T00:00:00.000Z","confidence":null,"between":null,"provider":"microsoft","resource":"ml_buildings","version":"2025-02-25"}],"is_underground":false,"has_parts":false,"version":3}},
{"id":"297a6bb1-73ad-4dc2-8537-314ba8028171","type":"Feature","geometry":{"type":"Polygon","coordinates":[[[41.0847336,19.1334877],[41.0847277,19.1334363],[41.0847579,19.1334332],[41.0847638,19.1334846],[41.0847336,19.1334877]]]},"properties":{"sources":[{"property":"","dataset":"Microsoft ML Buildings","license":"ODbL-1.0","record_id":null,"update_time":"2018-09-01T00:00:00.000Z","confidence":null,"between":null,"provider":"microsoft","resource":"ml_buildings","version":"2025-02-25"}],"is_underground":false,"has_parts":false,"version":3}},
{"id":"815e29f9-a139-4201-b929-1eb9f8c549d8","type":"Feature","geometry":{"type":"Polygon","coordinates":[[[41.0849655,19.1330339],[41.0851442,19.1332125],[41.0851178,19.133236],[41.085162,19.1332802],[41.0849183,19.1334978],[41.084842,19.1334215],[41.0848618,19.1334038],[41.0847153,19.1332573],[41.0849655,19.1330339]]]},"properties":{"sources":[{"property":"","dataset":"Microsoft ML Buildings","license":"ODbL-1.0","record_id":null,"update_time":"2018-09-01T00:00:00.000Z","confidence":null,"between":null,"provider":"microsoft","resource":"ml_buildings","version":"2025-02-25"}],"is_underground":false,"has_parts":false,"version":3}},
{"id":"d02a5086-4a58-4eb3-a17c-da6e20eb8726","type":"Feature","geometry":{"type":"Polygon","coordinates":[[[41.0858451,19.1321271],[41.0859427,19.1321238],[41.0859571,19.1324972],[41.0858151,19.1325021],[41.0857997,19.1320997],[41.085844,19.1320982],[41.0858451,19.1321271]]]},"properties":{"sources":[{"property":"","dataset":"Microsoft ML Buildings","license":"ODbL-1.0","record_id":null,"update_time":"2018-09-01T00:00:00.000Z","confidence":null,"between":null,"provider":"microsoft","resource":"ml_buildings","version":"2025-02-25"}],"is_underground":false,"has_parts":false,"version":3}},
{"id":"769e9e3d-4b12-48df-80dd-07a72b18a4d4","type":"Feature","geometry":{"type":"Polygon","coordinates":[[[41.0856617,19.1313945],[41.0857184,19.1313838],[41.0857256,19.1314179],[41.0856689,19.1314286],[41.0856617,19.1313945]]]},"properties":{"sources":[{"property":"","dataset":"Microsoft ML Buildings","license":"ODbL-1.0","record_id":null,"update_time":"2018-09-01T00:00:00.000Z","confidence":null,"between":null,"provider":"microsoft","resource":"ml_buildings","version":"2025-02-25"}],"is_underground":false,"has_parts":false,"version":3}},
{"id":"0f7619ea-1e18-4456-941a-30fdbda48725","type":"Feature","geometry":{"type":"Polygon","coordinates":[[[41.0862859,19.1314747],[41.0863002,19.1317045],[41.0857698,19.1317341],[41.0857557,19.1315093],[41.0859521,19.1314984],[41.0859495,19.131458],[41.0860671,19.1314514],[41.0860693,19.1314868],[41.0862859,19.1314747]]]},"properties":{"sources":[{"property":"","dataset":"Microsoft ML Buildings","license":"ODbL-1.0","record_id":null,"update_time":"2018-09-01T00:00:00.000Z","confidence":null,"between":null,"provider":"microsoft","resource":"ml_buildings","version":"2025-02-25"}],"is_underground":false,"has_parts":false,"version":3}},
{"id":"2e927f24-1961-4ec8-9a56-494d289e46b6","type":"Feature","geometry":{"type":"Polygon","coordinates":[[[41.0861309,19.1310448],[41.0861427,19.1311767],[41.0857113,19.1312113],[41.0856995,19.1310794],[41.0861309,19.1310448]]]},"properties":{"sources":[{"property":"","dataset":"Microsoft ML Buildings","license":"ODbL-1.0","record_id":null,"update_time":"2018-09-01T00:00:00.000Z","confidence":null,"between":null,"provider":"microsoft","resource":"ml_buildings","version":"2025-02-25"}],"is_underground":false,"has_parts":false,"version":3}},
{"id":"eeba0bff-9e60-4032-a0d7-4767ed09dfc8","type":"Feature","geometry":{"type":"Polygon","coordinates":[[[41.0861123,19.1303271],[41.0861079,19.1302143],[41.0861628,19.1302124],[41.0861671,19.1303252],[41.0861123,19.1303271]]]},"properties":{"sources":[{"property":"","dataset":"Microsoft ML Buildings","license":"ODbL-1.0","record_id":null,"update_time":"2018-09-01T00:00:00.000Z","confidence":null,"between":null,"provider":"microsoft","resource":"ml_buildings","version":"2025-02-25"}],"is_underground":false,"has_parts":false,"version":3}},
{"id":"5e4e3f51-a6ba-4e55-95b9-6676e5d87f76","type":"Feature","geometry":{"type":"Polygon","coordinates":[[[41.0858918,19.1302919],[41.0858894,19.1301754],[41.0859431,19.1301744],[41.0859454,19.130291],[41.0858918,19.1302919]]]},"properties":{"sources":[{"property":"","dataset":"Microsoft ML Buildings","license":"ODbL-1.0","record_id":null,"update_time":"2018-09-01T00:00:00.000Z","confidence":null,"between":null,"provider":"microsoft","resource":"ml_buildings","version":"2025-02-25"}],"is_underground":false,"has_parts":false,"version":3}},
{"id":"d3026173-1e67-4cbe-ae22-a8a4a839108d","type":"Feature","geometry":{"type":"Polygon","coordinates":[[[41.0859424,19.1303071],[41.0860277,19.1303008],[41.0860314,19.130345],[41.0859461,19.1303514],[41.0859424,19.1303071]]]},"properties":{"sources":[{"property":"","dataset":"Microsoft ML Buildings","license":"ODbL-1.0","record_id":null,"update_time":"2018-09-01T00:00:00.000Z","confidence":null,"between":null,"provider":"microsoft","resource":"ml_buildings","version":"2025-02-25"}],"is_underground":false,"has_parts":false,"version":3}},
{"id":"703c493e-e534-473e-9fcb-857d25a1c0a4","type":"Feature","geometry":{"type":"Polygon","coordinates":[[[41.0856899,19.1300233],[41.0857516,19.1300219],[41.0857538,19.1301142],[41.0856922,19.1301156],[41.0856899,19.1300233]]]},"properties":{"sources":[{"property":"","dataset":"Microsoft ML Buildings","license":"ODbL-1.0","record_id":null,"update_time":"2018-09-01T00:00:00.000Z","confidence":null,"between":null,"provider":"microsoft","resource":"ml_buildings","version":"2025-02-25"}],"is_underground":false,"has_parts":false,"version":3}},
{"id":"055fb452-a447-405d-b70c-4aa7ab25c1bc","type":"Feature","geometry":{"type":"Polygon","coordinates":[[[41.0854292,19.1301521],[41.0856799,19.1301465],[41.0856859,19.130382],[41.0854352,19.1303877],[41.0854292,19.1301521]]]},"properties":{"sources":[{"property":"","dataset":"Microsoft ML Buildings","license":"ODbL-1.0","record_id":null,"update_time":"2018-09-01T00:00:00.000Z","confidence":null,"between":null,"provider":"microsoft","resource":"ml_buildings","version":"2025-02-25"}],"is_underground":false,"has_parts":false,"version":3}},
{"id":"6aa7d202-83d2-463c-b2c9-af3b32d3c511","type":"Feature","geometry":{"type":"Polygon","coordinates":[[[41.0842456,19.130631],[41.0873394,19.1303506],[41.0873638,19.130704],[41.0871605,19.1307193],[41.0871524,19.1305426],[41.0869735,19.1305657],[41.0869735,19.130727],[41.0867865,19.1307501],[41.0867824,19.1305618],[41.0865792,19.1305734],[41.0865954,19.1307731],[41.0843676,19.130992],[41.0842456,19.130631]]]},"properties":{"sources":[{"property":"","dataset":"OpenStreetMap","license":"ODbL-1.0","record_id":"w1063333706@1","update_time":"2022-05-24T16:32:48.000Z","confidence":null,"between":null,"provider":"osm","resource":"planet","version":"2026-08-02T00:00:00.000Z"}],"is_underground":false,"has_parts":false,"version":1}},
{"id":"6ecb248d-c54f-4856-90d3-39f26d08874c","type":"Feature","geometry":{"type":"Polygon","coordinates":[[[41.0854148,19.1302558],[41.0852674,19.1302606],[41.0852637,19.1301568],[41.085411,19.130152],[41.0854148,19.1302558]]]},"properties":{"sources":[{"property":"","dataset":"Microsoft ML Buildings","license":"ODbL-1.0","record_id":null,"update_time":"2018-09-01T00:00:00.000Z","confidence":null,"between":null,"provider":"microsoft","resource":"ml_buildings","version":"2025-02-25"}],"is_underground":false,"has_parts":false,"version":3}},
{"id":"df4ed84e-2f5c-469f-ae2e-f287b5539a53","type":"Feature","geometry":{"type":"Polygon","coordinates":[[[41.085169,19.1300098],[41.0851904,19.1300091],[41.0851938,19.1301002],[41.0850652,19.1301045],[41.0850625,19.1300325],[41.0851697,19.1300289],[41.085169,19.1300098]]]},"properties":{"sources":[{"property":"","dataset":"Microsoft ML Buildings","license":"ODbL-1.0","record_id":null,"update_time":"2018-09-01T00:00:00.000Z","confidence":null,"between":null,"provider":"microsoft","resource":"ml_buildings","version":"2025-02-25"}],"is_underground":false,"has_parts":false,"version":3}},
{"id":"d1573c83-8d9c-486b-a2f2-f36a6ffcc998","type":"Feature","geometry":{"type":"Polygon","coordinates":[[[41.0840796,19.1301036],[41.0842378,19.1301013],[41.0842385,19.1301444],[41.0840803,19.1301467],[41.0840796,19.1301036]]]},"properties":{"sources":[{"property":"","dataset":"Microsoft ML Buildings","license":"ODbL-1.0","record_id":null,"update_time":"2018-09-01T00:00:00.000Z","confidence":null,"between":null,"provider":"microsoft","resource":"ml_buildings","version":"2025-02-25"}],"is_underground":false,"has_parts":false,"version":3}},
{"id":"b8d59d8e-5eb2-4a09-8d9e-724ccfdabc9d","type":"Feature","geometry":{"type":"Polygon","coordinates":[[[41.0843632,19.1301383],[41.0844161,19.1302974],[41.0842135,19.1303576],[41.0841606,19.1301984],[41.0843632,19.1301383]]]},"properties":{"sources":[{"property":"","dataset":"Microsoft ML Buildings","license":"ODbL-1.0","record_id":null,"update_time":"2018-09-01T00:00:00.000Z","confidence":null,"between":null,"provider":"microsoft","resource":"ml_buildings","version":"2025-02-25"}],"is_underground":false,"has_parts":false,"version":3}},
{"id":"a6b78315-0fb8-41f8-a4bb-30b21c1f2fde","type":"Feature","geometry":{"type":"Polygon","coordinates":[[[41.0844077,19.1303855],[41.0844034,19.1303531],[41.0844694,19.1303452],[41.0844866,19.130475],[41.0842278,19.1305056],[41.0842225,19.1304657],[41.084319,19.1304543],[41.0843114,19.1303969],[41.0844077,19.1303855]]]},"properties":{"sources":[{"property":"","dataset":"Microsoft ML Buildings","license":"ODbL-1.0","record_id":null,"update_time":"2018-09-01T00:00:00.000Z","confidence":null,"between":null,"provider":"microsoft","resource":"ml_buildings","version":"2025-02-25"}],"is_underground":false,"has_parts":false,"version":3}},
{"id":"35157ae2-98b5-4295-b138-f853449e23bd","type":"Feature","geometry":{"type":"Polygon","coordinates":[[[41.0845712,19.130467],[41.0845686,19.1304266],[41.08463,19.1304231],[41.0846326,19.1304635],[41.0845712,19.130467]]]},"properties":{"sources":[{"property":"","dataset":"Microsoft ML Buildings","license":"ODbL-1.0","record_id":null,"update_time":"2018-09-01T00:00:00.000Z","confidence":null,"between":null,"provider":"microsoft","resource":"ml_buildings","version":"2025-02-25"}],"is_underground":false,"has_parts":false,"version":3}},
{"id":"67e71efe-387d-42c1-9fe8-cbab83e66bbd","type":"Feature","geometry":{"type":"Polygon","coordinates":[[[41.0846645,19.1304182],[41.0847231,19.1304141],[41.0847263,19.1304544],[41.0846676,19.1304585],[41.0846645,19.1304182]]]},"properties":{"sources":[{"property":"","dataset":"Microsoft ML Buildings","license":"ODbL-1.0","record_id":null,"update_time":"2018-09-01T00:00:00.000Z","confidence":null,"between":null,"provider":"microsoft","resource":"ml_buildings","version":"2025-02-25"}],"is_underground":false,"has_parts":false,"version":3}},
{"id":"c4512e6e-308f-4e91-8e93-8c321e3a21de","type":"Feature","geometry":{"type":"Polygon","coordinates":[[[41.0847366,19.1303238],[41.0847493,19.1303783],[41.0847109,19.1303863],[41.0846982,19.1303318],[41.0847366,19.1303238]]]},"properties":{"sources":[{"property":"","dataset":"Microsoft ML Buildings","license":"ODbL-1.0","record_id":null,"update_time":"2018-09-01T00:00:00.000Z","confidence":null,"between":null,"provider":"microsoft","resource":"ml_buildings","version":"2025-02-25"}],"is_underground":false,"has_parts":false,"version":3}},
{"id":"ab55a164-4f64-4757-b50f-de5adf32b357","type":"Feature","geometry":{"type":"Polygon","coordinates":[[[41.0845162,19.130366],[41.0844701,19.130171699999998],[41.0846667,19.1301301],[41.0847128,19.1303244],[41.0845162,19.130366]]]},"properties":{"sources":[{"property":"","dataset":"Microsoft ML Buildings","license":"ODbL-1.0","record_id":null,"update_time":"2018-09-01T00:00:00.000Z","confidence":null,"between":null,"provider":"microsoft","resource":"ml_buildings","version":"2025-02-25"}],"is_underground":false,"has_parts":false,"version":3}},
{"id":"f6673a7e-f692-4cc7-b979-868c0c57b024","type":"Feature","geometry":{"type":"Polygon","coordinates":[[[41.0846381,19.1300466],[41.0843752,19.1300435],[41.0843764,19.1299548],[41.0844435,19.1299556],[41.0844432,19.1299759],[41.0845022,19.1299766],[41.0845022,19.1299791],[41.0845826,19.1299801],[41.0845828,19.1299674],[41.0846391,19.1299681],[41.0846381,19.1300466]]]},"properties":{"sources":[{"property":"","dataset":"Microsoft ML Buildings","license":"ODbL-1.0","record_id":null,"update_time":"2018-09-01T00:00:00.000Z","confidence":null,"between":null,"provider":"microsoft","resource":"ml_buildings","version":"2025-02-25"}],"is_underground":false,"has_parts":false,"version":3}},
{"id":"d509b61b-f205-4ccb-8ef0-d8a95188e49d","type":"Feature","geometry":{"type":"Polygon","coordinates":[[[41.0842549,19.1296599],[41.0843434,19.1296619],[41.0843387,19.1298468],[41.0841497,19.1298425],[41.0841542,19.1296678],[41.0842547,19.12967],[41.0842549,19.1296599]]]},"properties":{"sources":[{"property":"","dataset":"Microsoft ML Buildings","license":"ODbL-1.0","record_id":null,"update_time":"2018-09-01T00:00:00.000Z","confidence":null,"between":null,"provider":"microsoft","resource":"ml_buildings","version":"2025-02-25"}],"is_underground":false,"has_parts":false,"version":3}},
{"id":"461ce00a-518a-4003-8c1b-40509aa1427f","type":"Feature","geometry":{"type":"Polygon","coordinates":[[[41.0843639,19.1298478],[41.0843618,19.1296603],[41.0845656,19.1296583],[41.0845684,19.1299015],[41.0845308,19.1299019],[41.0845302,19.1298461],[41.0843639,19.1298478]]]},"properties":{"sources":[{"property":"","dataset":"Microsoft ML Buildings","license":"ODbL-1.0","record_id":null,"update_time":"2018-09-01T00:00:00.000Z","confidence":null,"between":null,"provider":"microsoft","resource":"ml_buildings","version":"2025-02-25"}],"is_underground":false,"has_parts":false,"version":3}},
{"id":"91a41e5b-755a-42f8-8318-dd7f497ddb73","type":"Feature","geometry":{"type":"Polygon","coordinates":[[[41.0841459,19.130024],[41.0841477,19.1299329],[41.0843274,19.1299361],[41.0843263,19.1299868],[41.0843585,19.1299874],[41.0843577,19.1300279],[41.0841459,19.130024]]]},"properties":{"sources":[{"property":"","dataset":"Microsoft ML Buildings","license":"ODbL-1.0","record_id":null,"update_time":"2018-09-01T00:00:00.000Z","confidence":null,"between":null,"provider":"microsoft","resource":"ml_buildings","version":"2025-02-25"}],"is_underground":false,"has_parts":false,"version":3}},
{"id":"c922cdbb-1aa7-4942-b82a-6521c0467dfb","type":"Feature","geometry":{"type":"Polygon","coordinates":[[[41.0842455,19.1298545],[41.0842405,19.1299328],[41.0841416,19.1299271],[41.0841466,19.1298488],[41.0842455,19.1298545]]]},"properties":{"sources":[{"property":"","dataset":"Microsoft ML Buildings","license":"ODbL-1.0","record_id":null,"update_time":"2018-09-01T00:00:00.000Z","confidence":null,"between":null,"provider":"microsoft","resource":"ml_buildings","version":"2025-02-25"}],"is_underground":false,"has_parts":false,"version":3}},
{"id":"3886e122-9d7d-4333-aabb-2f34180d6075","type":"Feature","geometry":{"type":"Polygon","coordinates":[[[41.0840087,19.1298605],[41.0841226,19.1298577],[41.0841268,19.1300148],[41.0840129,19.1300175],[41.0840087,19.1298605]]]},"properties":{"sources":[{"property":"","dataset":"Microsoft ML Buildings","license":"ODbL-1.0","record_id":null,"update_time":"2018-09-01T00:00:00.000Z","confidence":null,"between":null,"provider":"microsoft","resource":"ml_buildings","version":"2025-02-25"}],"is_underground":false,"has_parts":false,"version":3}},
{"id":"77e2c375-408e-402f-aca1-e1787d47c8c3","type":"Feature","geometry":{"type":"Polygon","coordinates":[[[41.0836042,19.1293767],[41.0836224,19.1292048],[41.0840566,19.1292459],[41.0840368,19.1294328],[41.0838362,19.1294138],[41.0838378,19.1293988],[41.0836042,19.1293767]]]},"properties":{"sources":[{"property":"","dataset":"Microsoft ML Buildings","license":"ODbL-1.0","record_id":null,"update_time":"2018-09-01T00:00:00.000Z","confidence":null,"between":null,"provider":"microsoft","resource":"ml_buildings","version":"2025-02-25"}],"is_underground":false,"has_parts":false,"version":3}},
{"id":"c9a9ebc3-c973-447d-99dc-725dac3f766d","type":"Feature","geometry":{"type":"Polygon","coordinates":[[[41.0845381,19.1292067],[41.0845381,19.1294575],[41.0841787,19.1294575],[41.0841787,19.1292067],[41.0845381,19.1292067]]]},"properties":{"sources":[{"property":"","dataset":"Microsoft ML Buildings","license":"ODbL-1.0","record_id":null,"update_time":"2018-09-01T00:00:00.000Z","confidence":null,"between":null,"provider":"microsoft","resource":"ml_buildings","version":"2025-02-25"}],"is_underground":false,"has_parts":false,"version":3}},
{"id":"7c7c9267-86e8-4eaa-9250-22f0be28a1eb","type":"Feature","geometry":{"type":"Polygon","coordinates":[[[41.0851068,19.1293006],[41.0851068,19.1292145],[41.0853643,19.1292145],[41.0853643,19.1293007],[41.0851068,19.1293006]]]},"properties":{"sources":[{"property":"","dataset":"Microsoft ML Buildings","license":"ODbL-1.0","record_id":null,"update_time":"2018-09-01T00:00:00.000Z","confidence":null,"between":null,"provider":"microsoft","resource":"ml_buildings","version":"2025-02-25"}],"is_underground":false,"has_parts":false,"version":3}},
{"id":"3303330a-7ca9-4717-8827-e22bea50118a","type":"Feature","geometry":{"type":"Polygon","coordinates":[[[41.0846803,19.1296547],[41.0859795,19.1292992],[41.0860848,19.1296428],[41.085623,19.1297692],[41.085561,19.129567],[41.085468,19.1295924],[41.0855322,19.1298016],[41.0847878,19.1300054],[41.0846803,19.1296547]]]},"properties":{"sources":[{"property":"","dataset":"OpenStreetMap","license":"ODbL-1.0","record_id":"w1063333700@1","update_time":"2022-05-24T16:32:48.000Z","confidence":null,"between":null,"provider":"osm","resource":"planet","version":"2026-08-02T00:00:00.000Z"}],"is_underground":false,"has_parts":false,"version":1}},
{"id":"7f8272f7-e539-4b28-b21a-80efec40d167","type":"Feature","geometry":{"type":"Polygon","coordinates":[[[41.0859068,19.129895],[41.085892,19.1298403],[41.0860721,19.1297968],[41.0860869,19.1298515],[41.0859068,19.129895]]]},"properties":{"sources":[{"property":"","dataset":"Microsoft ML Buildings","license":"ODbL-1.0","record_id":null,"update_time":"2018-09-01T00:00:00.000Z","confidence":null,"between":null,"provider":"microsoft","resource":"ml_buildings","version":"2025-02-25"}],"is_underground":false,"has_parts":false,"version":3}},
{"id":"e642925f-f756-42b8-ba84-f4a14dd1dd09","type":"Feature","geometry":{"type":"Polygon","coordinates":[[[41.0863732,19.129771],[41.0863758,19.1298698],[41.0861104,19.129876],[41.0861078,19.1297773],[41.0863732,19.129771]]]},"properties":{"sources":[{"property":"","dataset":"Microsoft ML Buildings","license":"ODbL-1.0","record_id":null,"update_time":"2018-09-01T00:00:00.000Z","confidence":null,"between":null,"provider":"microsoft","resource":"ml_buildings","version":"2025-02-25"}],"is_underground":false,"has_parts":false,"version":3}},
{"id":"bf534e2a-8374-49c9-b278-55b23ec52acc","type":"Feature","geometry":{"type":"Polygon","coordinates":[[[41.086141,19.1292511],[41.0877154,19.1288553],[41.0877617,19.1292075],[41.0862396,19.1296034],[41.086141,19.1292511]]]},"properties":{"sources":[{"property":"","dataset":"OpenStreetMap","license":"ODbL-1.0","record_id":"w1063333701@1","update_time":"2022-05-24T16:32:48.000Z","confidence":null,"between":null,"provider":"osm","resource":"planet","version":"2026-08-02T00:00:00.000Z"}],"is_underground":false,"has_parts":false,"version":1}},
{"id":"ddfa3596-0e06-4a82-9916-b6dc365a2f53","type":"Feature","geometry":{"type":"Polygon","coordinates":[[[41.0873902,19.1294529],[41.0877604,19.1293591],[41.0878891,19.1306566],[41.0874948,19.1306895],[41.0873902,19.1294529]]]},"properties":{"sources":[{"property":"","dataset":"OpenStreetMap","license":"ODbL-1.0","record_id":"w1063333707@1","update_time":"2022-05-24T16:32:48.000Z","confidence":null,"between":null,"provider":"osm","resource":"planet","version":"2026-08-02T00:00:00.000Z"}],"is_underground":false,"has_parts":false,"version":1}},
{"id":"3416498d-bae4-4040-ba68-fd457480dc5a","type":"Feature","geometry":{"type":"Polygon","coordinates":[[[41.0865508,19.1296558],[41.0872502,19.1294928],[41.0873303,19.1301885],[41.0867049,19.1302612],[41.0866525,19.1300487],[41.0870314,19.1299701],[41.0869945,19.1297664],[41.0866093,19.129845],[41.0865508,19.1296558]]]},"properties":{"sources":[{"property":"","dataset":"OpenStreetMap","license":"ODbL-1.0","record_id":"w1063333702@1","update_time":"2022-05-24T16:32:48.000Z","confidence":null,"between":null,"provider":"osm","resource":"planet","version":"2026-08-02T00:00:00.000Z"}],"is_underground":false,"has_parts":false,"version":1}},
{"id":"bb744919-6331-4d4a-87a0-bba8b21ff9e5","type":"Feature","geometry":{"type":"Polygon","coordinates":[[[41.0864923,19.1299853],[41.0865093,19.1302174],[41.0861863,19.1302385],[41.0861641,19.1299359],[41.0862148,19.1299326],[41.086213,19.1299074],[41.0864586,19.1298913],[41.0864656,19.1299871],[41.0864923,19.1299853]]]},"properties":{"sources":[{"property":"","dataset":"Microsoft ML Buildings","license":"ODbL-1.0","record_id":null,"update_time":"2018-09-01T00:00:00.000Z","confidence":null,"between":null,"provider":"microsoft","resource":"ml_buildings","version":"2025-02-25"}],"is_underground":false,"has_parts":false,"version":3}},
{"id":"593f6834-d419-48ff-bae5-bc6777e48a59","type":"Feature","geometry":{"type":"Polygon","coordinates":[[[41.0884532,19.1309581],[41.0884318,19.1309592],[41.0884525,19.131318],[41.0882465,19.1313285],[41.0882194,19.130857],[41.0884467,19.1308453],[41.0884532,19.1309581]]]},"properties":{"sources":[{"property":"","dataset":"Microsoft ML Buildings","license":"ODbL-1.0","record_id":null,"update_time":"2018-09-01T00:00:00.000Z","confidence":null,"between":null,"provider":"microsoft","resource":"ml_buildings","version":"2025-02-25"}],"is_underground":false,"has_parts":false,"version":3}},
{"id":"f75ea13b-0485-4f84-b313-2266a191760b","type":"Feature","geometry":{"type":"Polygon","coordinates":[[[41.0887154,19.1310246],[41.0886162,19.1310231],[41.0886187,19.1308686],[41.0887179,19.13087],[41.0887154,19.1310246]]]},"properties":{"sources":[{"property":"","dataset":"Microsoft ML Buildings","license":"ODbL-1.0","record_id":null,"update_time":"2018-09-01T00:00:00.000Z","confidence":null,"between":null,"provider":"microsoft","resource":"ml_buildings","version":"2025-02-25"}],"is_underground":false,"has_parts":false,"version":3}},
{"id":"3e72b02a-6e63-4965-a2fc-f84670526ce4","type":"Feature","geometry":{"type":"Polygon","coordinates":[[[41.0887451,19.1309529],[41.0887439,19.1308972],[41.0887882,19.1308964],[41.0887894,19.1309521],[41.0887451,19.1309529]]]},"properties":{"sources":[{"property":"","dataset":"Microsoft ML Buildings","license":"ODbL-1.0","record_id":null,"update_time":"2018-09-01T00:00:00.000Z","confidence":null,"between":null,"provider":"microsoft","resource":"ml_buildings","version":"2025-02-25"}],"is_underground":false,"has_parts":false,"version":3}},
{"id":"a6677deb-684b-4318-bc7c-b72bfd71eade","type":"Feature","geometry":{"type":"Polygon","coordinates":[[[41.0886306,19.131204],[41.0886332,19.1313062],[41.0884899,19.1313095],[41.0884873,19.1312072],[41.0886306,19.131204]]]},"properties":{"sources":[{"property":"","dataset":"Microsoft ML Buildings","license":"ODbL-1.0","record_id":null,"update_time":"2018-09-01T00:00:00.000Z","confidence":null,"between":null,"provider":"microsoft","resource":"ml_buildings","version":"2025-02-25"}],"is_underground":false,"has_parts":false,"version":3}},
{"id":"4fc7c69e-3388-42cd-80b0-e94d91fafd13","type":"Feature","geometry":{"type":"Polygon","coordinates":[[[41.0886395,19.1311837],[41.0886368,19.1311839],[41.0886267,19.1310401],[41.0887083,19.131035],[41.0887194,19.131193],[41.0887327,19.1311922],[41.0887412,19.1313117],[41.0886489,19.1313175],[41.0886395,19.1311837]]]},"properties":{"sources":[{"property":"","dataset":"Microsoft ML Buildings","license":"ODbL-1.0","record_id":null,"update_time":"2018-09-01T00:00:00.000Z","confidence":null,"between":null,"provider":"microsoft","resource":"ml_buildings","version":"2025-02-25"}],"is_underground":false,"has_parts":false,"version":3}},
{"id":"26694b1e-9309-436d-9be4-152cea478204","type":"Feature","geometry":{"type":"Polygon","coordinates":[[[41.0887689,19.1309672],[41.0888251,19.1309646],[41.088843,19.1313109],[41.0887868,19.1313135],[41.0887689,19.1309672]]]},"properties":{"sources":[{"property":"","dataset":"Microsoft ML Buildings","license":"ODbL-1.0","record_id":null,"update_time":"2018-09-01T00:00:00.000Z","confidence":null,"between":null,"provider":"microsoft","resource":"ml_buildings","version":"2025-02-25"}],"is_underground":false,"has_parts":false,"version":3}},
{"id":"083141e7-c2e5-4786-938b-276a2e68af4d","type":"Feature","geometry":{"type":"Polygon","coordinates":[[[41.0889088,19.1313163],[41.0889067,19.131253],[41.0890166,19.1312498],[41.0890186,19.1313131],[41.0889088,19.1313163]]]},"properties":{"sources":[{"property":"","dataset":"Microsoft ML Buildings","license":"ODbL-1.0","record_id":null,"update_time":"2018-09-01T00:00:00.000Z","confidence":null,"between":null,"provider":"microsoft","resource":"ml_buildings","version":"2025-02-25"}],"is_underground":false,"has_parts":false,"version":3}},
{"id":"02de9a80-8bb4-4de1-bdac-69f74d3b2767","type":"Feature","geometry":{"type":"Polygon","coordinates":[[[41.089011,19.1314575],[41.08896,19.1314562],[41.0889636,19.1313296],[41.0890145,19.1313309],[41.089011,19.1314575]]]},"properties":{"sources":[{"property":"","dataset":"Microsoft ML Buildings","license":"ODbL-1.0","record_id":null,"update_time":"2018-09-01T00:00:00.000Z","confidence":null,"between":null,"provider":"microsoft","resource":"ml_buildings","version":"2025-02-25"}],"is_underground":false,"has_parts":false,"version":3}},
{"id":"7058dafa-61c3-4141-8de5-92baa255905f","type":"Feature","geometry":{"type":"Polygon","coordinates":[[[41.0890216,19.1311493],[41.0891611,19.131152],[41.0891589,19.1312508],[41.0890195,19.1312481],[41.0890216,19.1311493]]]},"properties":{"sources":[{"property":"","dataset":"Microsoft ML Buildings","license":"ODbL-1.0","record_id":null,"update_time":"2018-09-01T00:00:00.000Z","confidence":null,"between":null,"provider":"microsoft","resource":"ml_buildings","version":"2025-02-25"}],"is_underground":false,"has_parts":false,"version":3}},
{"id":"be128dc5-2242-4163-8fbb-50640b2a4dac","type":"Feature","geometry":{"type":"Polygon","coordinates":[[[41.0881713,19.1302406],[41.0886611,19.1301774],[41.0886822,19.1303233],[41.0886558,19.1303266],[41.0886821,19.1305082],[41.088511,19.1305303],[41.0885189,19.1305851],[41.0884334,19.1305961],[41.0884378,19.1306269],[41.088368,19.1306359],[41.0883768,19.1306972],[41.088282,19.1307094],[41.0882745,19.1306572],[41.0882324,19.1306626],[41.0881713,19.1302406]]]},"properties":{"sources":[{"property":"","dataset":"Microsoft ML Buildings","license":"ODbL-1.0","record_id":null,"update_time":"2018-09-01T00:00:00.000Z","confidence":null,"between":null,"provider":"microsoft","resource":"ml_buildings","version":"2025-02-25"}],"is_underground":false,"has_parts":false,"version":3}},
{"id":"bc09762e-b861-4731-a6f7-a850e223fe64","type":"Feature","geometry":{"type":"Polygon","coordinates":[[[41.0888488,19.1302733],[41.0887547,19.1302832],[41.0886587,19.1294689],[41.088807,19.1294532],[41.0889092,19.1303193],[41.0888549,19.130325],[41.0888488,19.1302733]]]},"properties":{"sources":[{"property":"","dataset":"Microsoft ML Buildings","license":"ODbL-1.0","record_id":null,"update_time":"2018-09-01T00:00:00.000Z","confidence":null,"between":null,"provider":"microsoft","resource":"ml_buildings","version":"2025-02-25"}],"is_underground":false,"has_parts":false,"version":3}},
{"id":"92b029f4-25e4-48b9-8178-1ceefb4c23bc","type":"Feature","geometry":{"type":"Polygon","coordinates":[[[41.0880551,19.1293967],[41.0880462,19.1292392],[41.0882426,19.1292083],[41.0882724,19.1295345],[41.088073,19.129557],[41.0880551,19.1293967]]]},"properties":{"names":{"primary":"شركة مليص التجارية","common":null,"rules":null},"sources":[{"property":"","dataset":"OpenStreetMap","license":"ODbL-1.0","record_id":"w1130699627@1","update_time":"2023-01-10T18:21:36.000Z","confidence":null,"between":null,"provider":"osm","resource":"planet","version":"2026-08-02T00:00:00.000Z"}],"height":5.0,"is_underground":false,"num_floors":1,"subtype":"commercial","class":"commercial","has_parts":false,"version":1}},
{"id":"3e9eff8e-3631-44a9-ab5a-e5138f9f31de","type":"Feature","geometry":{"type":"Polygon","coordinates":[[[41.0882589,19.1290122],[41.0885001,19.129005],[41.0885021,19.1290658],[41.0882609,19.129073],[41.0882589,19.1290122]]]},"properties":{"sources":[{"property":"","dataset":"Microsoft ML Buildings","license":"ODbL-1.0","record_id":null,"update_time":"2018-09-01T00:00:00.000Z","confidence":null,"between":null,"provider":"microsoft","resource":"ml_buildings","version":"2025-02-25"}],"is_underground":false,"has_parts":false,"version":3}},
{"id":"697bbb7f-7f93-45e8-bdf5-6547075178c6","type":"Feature","geometry":{"type":"Polygon","coordinates":[[[41.0884064,19.1292268],[41.0887577,19.1291764],[41.0887881,19.1293656],[41.0884367,19.129416],[41.0884064,19.1292268]]]},"properties":{"sources":[{"property":"","dataset":"Microsoft ML Buildings","license":"ODbL-1.0","record_id":null,"update_time":"2018-09-01T00:00:00.000Z","confidence":null,"between":null,"provider":"microsoft","resource":"ml_buildings","version":"2025-02-25"}],"is_underground":false,"has_parts":false,"version":3}},
{"id":"666f8046-3a65-4512-9fa0-167c64efbda8","type":"Feature","geometry":{"type":"Polygon","coordinates":[[[41.0885619,19.1289825],[41.088732,19.1289671],[41.0887488,19.1291328],[41.0886624,19.1291406],[41.0886518,19.1290368],[41.0885682,19.1290444],[41.0885619,19.1289825]]]},"properties":{"sources":[{"property":"","dataset":"Microsoft ML Buildings","license":"ODbL-1.0","record_id":null,"update_time":"2018-09-01T00:00:00.000Z","confidence":null,"between":null,"provider":"microsoft","resource":"ml_buildings","version":"2025-02-25"}],"is_underground":false,"has_parts":false,"version":3}},
{"id":"4a403a95-9ee6-41c2-a874-24e158dc7612","type":"Feature","geometry":{"type":"Polygon","coordinates":[[[41.0895754,19.1291322],[41.0898086,19.1290791],[41.0897976,19.129036],[41.0899446,19.1290025],[41.0899648,19.1290815],[41.0899243,19.1290908],[41.0899487,19.1291866],[41.0899132,19.1291947],[41.089934,19.1292761],[41.089863,19.1292923],[41.0898593,19.1292779],[41.0896261,19.129331],[41.0895754,19.1291322]]]},"properties":{"sources":[{"property":"","dataset":"Microsoft ML Buildings","license":"ODbL-1.0","record_id":null,"update_time":"2018-09-01T00:00:00.000Z","confidence":null,"between":null,"provider":"microsoft","resource":"ml_buildings","version":"2025-02-25"}],"is_underground":false,"has_parts":false,"version":3}},
{"id":"2094bfca-19b7-4acc-96d6-28bb7a2dd9ea","type":"Feature","geometry":{"type":"Polygon","coordinates":[[[41.0896423,19.1294356],[41.0896779,19.1294804],[41.0896118,19.1295273],[41.0895763,19.1294825],[41.0896423,19.1294356]]]},"properties":{"sources":[{"property":"","dataset":"Microsoft ML Buildings","license":"ODbL-1.0","record_id":null,"update_time":"2018-09-01T00:00:00.000Z","confidence":null,"between":null,"provider":"microsoft","resource":"ml_buildings","version":"2025-02-25"}],"is_underground":false,"has_parts":false,"version":3}},
{"id":"c7b32795-ba6b-4c78-8791-6241140fcead","type":"Feature","geometry":{"type":"Polygon","coordinates":[[[41.0895453,19.1293725],[41.0896826,19.1293288],[41.0897105,19.1294071],[41.0895732,19.1294508],[41.0895453,19.1293725]]]},"properties":{"sources":[{"property":"","dataset":"Microsoft ML Buildings","license":"ODbL-1.0","record_id":null,"update_time":"2018-09-01T00:00:00.000Z","confidence":null,"between":null,"provider":"microsoft","resource":"ml_buildings","version":"2025-02-25"}],"is_underground":false,"has_parts":false,"version":3}},
{"id":"d715dd70-6154-4c9c-94e4-052e91560740","type":"Feature","geometry":{"type":"Polygon","coordinates":[[[41.0914823,19.1292262],[41.0914556,19.1292247],[41.0914581,19.1291828],[41.0914942,19.1291848],[41.0914962,19.1291534],[41.0915897,19.1291585],[41.0915849,19.1292368],[41.0915609,19.1292355],[41.0915575,19.1292911],[41.0914786,19.1292868],[41.0914823,19.1292262]]]},"properties":{"sources":[{"property":"","dataset":"Microsoft ML Buildings","license":"ODbL-1.0","record_id":null,"update_time":"2018-09-01T00:00:00.000Z","confidence":null,"between":null,"provider":"microsoft","resource":"ml_buildings","version":"2025-02-25"}],"is_underground":false,"has_parts":false,"version":3}},
{"id":"151732ab-48ee-4534-9835-a4deac04ffbb","type":"Feature","geometry":{"type":"Polygon","coordinates":[[[41.0916164,19.1291599],[41.0914921,19.1291375],[41.0915226,19.1289859],[41.0916469,19.1290082],[41.0916164,19.1291599]]]},"properties":{"sources":[{"property":"","dataset":"Microsoft ML Buildings","license":"ODbL-1.0","record_id":null,"update_time":"2018-09-01T00:00:00.000Z","confidence":null,"between":null,"provider":"microsoft","resource":"ml_buildings","version":"2025-02-25"}],"is_underground":false,"has_parts":false,"version":3}},
{"id":"359e7c80-6db9-4dd1-bd1f-591e855a262b","type":"Feature","geometry":{"type":"Polygon","coordinates":[[[41.0913445,19.1293677],[41.0913742,19.129289],[41.0915003,19.1293315],[41.0914574,19.1294452],[41.0914598,19.129446],[41.0914258,19.1295359],[41.0912962,19.1294923],[41.0913297,19.1294033],[41.0913773,19.1294193],[41.0913909,19.1293833],[41.0913445,19.1293677]]]},"properties":{"sources":[{"property":"","dataset":"Microsoft ML Buildings","license":"ODbL-1.0","record_id":null,"update_time":"2018-09-01T00:00:00.000Z","confidence":null,"between":null,"provider":"microsoft","resource":"ml_buildings","version":"2025-02-25"}],"is_underground":false,"has_parts":false,"version":3}},
{"id":"ac0e7668-7885-4b04-b47b-cde6db22e276","type":"Feature","geometry":{"type":"Polygon","coordinates":[[[41.0912372,19.1296414],[41.0912418,19.1296039],[41.0913371,19.1296141],[41.0913326,19.1296516],[41.0912372,19.1296414]]]},"properties":{"sources":[{"property":"","dataset":"Microsoft ML Buildings","license":"ODbL-1.0","record_id":null,"update_time":"2018-09-01T00:00:00.000Z","confidence":null,"between":null,"provider":"microsoft","resource":"ml_buildings","version":"2025-02-25"}],"is_underground":false,"has_parts":false,"version":3}},
{"id":"06b54bd5-3e48-4add-9a99-7dfe76c34d0c","type":"Feature","geometry":{"type":"Polygon","coordinates":[[[41.0909535,19.1298831],[41.0909508,19.1298952],[41.0912589,19.1299568],[41.0912431,19.1300271],[41.0911327,19.1300051],[41.091123,19.1300487],[41.0908226,19.1299887],[41.0908508,19.1298626],[41.0909535,19.1298831]]]},"properties":{"sources":[{"property":"","dataset":"Microsoft ML Buildings","license":"ODbL-1.0","record_id":null,"update_time":"2018-09-01T00:00:00.000Z","confidence":null,"between":null,"provider":"microsoft","resource":"ml_buildings","version":"2025-02-25"}],"is_underground":false,"has_parts":false,"version":3}},
{"id":"ad437e82-98e7-40d9-8d80-4f545503d827","type":"Feature","geometry":{"type":"Polygon","coordinates":[[[41.0911308,19.1299053],[41.0911512,19.129821],[41.091120600000004,19.1298144],[41.0911334,19.1297614],[41.0913042,19.1297982],[41.0912711,19.1299355],[41.0911308,19.1299053]]]},"properties":{"sources":[{"property":"","dataset":"Microsoft ML Buildings","license":"ODbL-1.0","record_id":null,"update_time":"2018-09-01T00:00:00.000Z","confidence":null,"between":null,"provider":"microsoft","resource":"ml_buildings","version":"2025-02-25"}],"is_underground":false,"has_parts":false,"version":3}},
{"id":"5367aa91-9b6c-48fc-926a-5eb5b3be64fc","type":"Feature","geometry":{"type":"Polygon","coordinates":[[[41.0911528,19.1294996],[41.0911673,19.1294367],[41.091239,19.1294516],[41.0912244,19.1295144],[41.0911528,19.1294996]]]},"properties":{"sources":[{"property":"","dataset":"Microsoft ML Buildings","license":"ODbL-1.0","record_id":null,"update_time":"2018-09-01T00:00:00.000Z","confidence":null,"between":null,"provider":"microsoft","resource":"ml_buildings","version":"2025-02-25"}],"is_underground":false,"has_parts":false,"version":3}},
{"id":"6849457c-aa1d-4e49-b8fd-f45e68999e10","type":"Feature","geometry":{"type":"Polygon","coordinates":[[[41.0908426,19.1300802],[41.0907865,19.1300616],[41.0908129,19.1299903],[41.090869,19.1300089],[41.0908426,19.1300802]]]},"properties":{"sources":[{"property":"","dataset":"Microsoft ML Buildings","license":"ODbL-1.0","record_id":null,"update_time":"2018-09-01T00:00:00.000Z","confidence":null,"between":null,"provider":"microsoft","resource":"ml_buildings","version":"2025-02-25"}],"is_underground":false,"has_parts":false,"version":3}},
{"id":"315ec3c8-17ea-445a-b993-ddf87e67a419","type":"Feature","geometry":{"type":"Polygon","coordinates":[[[41.0908066,19.1303921],[41.0908834,19.1302036],[41.0909535,19.1302291],[41.0908767,19.1304176],[41.0908066,19.1303921]]]},"properties":{"sources":[{"property":"","dataset":"Microsoft ML Buildings","license":"ODbL-1.0","record_id":null,"update_time":"2018-09-01T00:00:00.000Z","confidence":null,"between":null,"provider":"microsoft","resource":"ml_buildings","version":"2025-02-25"}],"is_underground":false,"has_parts":false,"version":3}},
{"id":"89457341-30e8-48d5-97df-b94edd9db7c8","type":"Feature","geometry":{"type":"Polygon","coordinates":[[[41.0909246,19.130832],[41.0905367,19.1307205],[41.09057,19.130617],[41.0906314,19.1306347],[41.0906324,19.1306314],[41.0905809,19.1306166],[41.0906563,19.1303823],[41.0907373,19.1304056],[41.0906825,19.1305759],[41.090772,19.1306016],[41.0907507,19.1306679],[41.0907728,19.1306743],[41.0907889,19.1306242],[41.0909719,19.1306768],[41.0909535,19.1307338],[41.090956,19.1307345],[41.0909246,19.130832]]]},"properties":{"sources":[{"property":"","dataset":"Microsoft ML Buildings","license":"ODbL-1.0","record_id":null,"update_time":"2018-09-01T00:00:00.000Z","confidence":null,"between":null,"provider":"microsoft","resource":"ml_buildings","version":"2025-02-25"}],"is_underground":false,"has_parts":false,"version":3}},
{"id":"eb3ee6a3-5564-469d-bc82-c12acc6d7dfc","type":"Feature","geometry":{"type":"Polygon","coordinates":[[[41.0919667,19.1303735],[41.0916912,19.1303441],[41.0917235,19.1300739],[41.0920334,19.1301069],[41.092022,19.130202],[41.0919876,19.1301983],[41.0919667,19.1303735]]]},"properties":{"sources":[{"property":"","dataset":"Microsoft ML Buildings","license":"ODbL-1.0","record_id":null,"update_time":"2018-09-01T00:00:00.000Z","confidence":null,"between":null,"provider":"microsoft","resource":"ml_buildings","version":"2025-02-25"}],"is_underground":false,"has_parts":false,"version":3}},
{"id":"19b67e6e-b134-4244-909f-ce38f8dbc6ad","type":"Feature","geometry":{"type":"Polygon","coordinates":[[[41.0918323,19.1304318],[41.0919299,19.1304565],[41.0919192,19.1304944],[41.0918216,19.1304697],[41.0918323,19.1304318]]]},"properties":{"sources":[{"property":"","dataset":"Microsoft ML Buildings","license":"ODbL-1.0","record_id":null,"update_time":"2018-09-01T00:00:00.000Z","confidence":null,"between":null,"provider":"microsoft","resource":"ml_buildings","version":"2025-02-25"}],"is_underground":false,"has_parts":false,"version":3}},
{"id":"0811bdb3-bbf6-48ff-bd77-4eefa42bfc50","type":"Feature","geometry":{"type":"Polygon","coordinates":[[[41.0915419,19.1305784],[41.0916091,19.130401],[41.0919123,19.1305035],[41.0918374,19.1307012],[41.0917566,19.1306738],[41.0917336,19.1307345],[41.0916206,19.1306963],[41.0916513,19.1306154],[41.0915419,19.1305784]]]},"properties":{"sources":[{"property":"","dataset":"Microsoft ML Buildings","license":"ODbL-1.0","record_id":null,"update_time":"2018-09-01T00:00:00.000Z","confidence":null,"between":null,"provider":"microsoft","resource":"ml_buildings","version":"2025-02-25"}],"is_underground":false,"has_parts":false,"version":3}},
{"id":"75f1b38b-fd0b-420e-846c-09e413d06e7f","type":"Feature","geometry":{"type":"Polygon","coordinates":[[[41.0918549,19.1306746],[41.0919688,19.1307256],[41.0919522,19.1307587],[41.0918383,19.1307077],[41.0918549,19.1306746]]]},"properties":{"sources":[{"property":"","dataset":"Microsoft ML Buildings","license":"ODbL-1.0","record_id":null,"update_time":"2018-09-01T00:00:00.000Z","confidence":null,"between":null,"provider":"microsoft","resource":"ml_buildings","version":"2025-02-25"}],"is_underground":false,"has_parts":false,"version":3}},
{"id":"a61beee2-a80f-4f7e-b44b-39bc4f0d0101","type":"Feature","geometry":{"type":"Polygon","coordinates":[[[41.0918755,19.1309077],[41.0918929,19.1308489],[41.0919302,19.1308587],[41.0919129,19.1309175],[41.0918755,19.1309077]]]},"properties":{"sources":[{"property":"","dataset":"Microsoft ML Buildings","license":"ODbL-1.0","record_id":null,"update_time":"2018-09-01T00:00:00.000Z","confidence":null,"between":null,"provider":"microsoft","resource":"ml_buildings","version":"2025-02-25"}],"is_underground":false,"has_parts":false,"version":3}},
{"id":"7499781a-a62c-4d66-ac79-1715842a8e9b","type":"Feature","geometry":{"type":"Polygon","coordinates":[[[41.0916566,19.131574],[41.0913346,19.1314724],[41.0914912,19.131029],[41.0915316,19.1310283],[41.0915793,19.1308933],[41.0916427,19.1309132],[41.0916432,19.1309403],[41.0915845,19.1311066],[41.0915839,19.1310776],[41.0915443,19.13119],[41.0915444,19.131199],[41.0915747,19.1311985],[41.0915927,19.1311475],[41.0916157,19.1311472],[41.0916301,19.1311066],[41.0916294,19.1310709],[41.0916709,19.1310703],[41.0916716,19.1311124],[41.0916962,19.1311202],[41.0916839,19.1311551],[41.0917858,19.1311535],[41.0918317,19.131168],[41.0917772,19.1311688],[41.0917783,19.1312294],[41.0916566,19.131574]]]},"properties":{"sources":[{"property":"","dataset":"Microsoft ML Buildings","license":"ODbL-1.0","record_id":null,"update_time":"2018-09-01T00:00:00.000Z","confidence":null,"between":null,"provider":"microsoft","resource":"ml_buildings","version":"2025-02-25"}],"is_underground":false,"has_parts":false,"version":3}},
{"id":"80df2960-aab3-4165-985e-8d90d50200c5","type":"Feature","geometry":{"type":"Polygon","coordinates":[[[41.0905641,19.1308219],[41.0907711,19.1308918],[41.0907804,19.130867],[41.0908994,19.1309072],[41.0908645,19.1309993],[41.0905387,19.1308893],[41.0905641,19.1308219]]]},"properties":{"sources":[{"property":"","dataset":"Microsoft ML Buildings","license":"ODbL-1.0","record_id":null,"update_time":"2018-09-01T00:00:00.000Z","confidence":null,"between":null,"provider":"microsoft","resource":"ml_buildings","version":"2025-02-25"}],"is_underground":false,"has_parts":false,"version":3}},
{"id":"e91ae346-87d4-4f87-b638-2f2c1295767d","type":"Feature","geometry":{"type":"Polygon","coordinates":[[[41.0906772,19.1310565],[41.0906609,19.1310505],[41.0906382,19.1311056],[41.0905543,19.1310748],[41.0906168,19.1309228],[41.090717,19.1309596],[41.0906772,19.1310565]]]},"properties":{"sources":[{"property":"","dataset":"Microsoft ML Buildings","license":"ODbL-1.0","record_id":null,"update_time":"2018-09-01T00:00:00.000Z","confidence":null,"between":null,"provider":"microsoft","resource":"ml_buildings","version":"2025-02-25"}],"is_underground":false,"has_parts":false,"version":3}},
{"id":"d694e5b5-63d2-4a76-a62f-651b462aedd1","type":"Feature","geometry":{"type":"Polygon","coordinates":[[[41.0904042,19.1310411],[41.0904234,19.1309851],[41.0905691,19.1310295],[41.09055,19.1310855],[41.0904042,19.1310411]]]},"properties":{"sources":[{"property":"","dataset":"Microsoft ML Buildings","license":"ODbL-1.0","record_id":null,"update_time":"2018-09-01T00:00:00.000Z","confidence":null,"between":null,"provider":"microsoft","resource":"ml_buildings","version":"2025-02-25"}],"is_underground":false,"has_parts":false,"version":3}},
{"id":"5eee1a34-8120-432f-bad5-e1832e7b72eb","type":"Feature","geometry":{"type":"Polygon","coordinates":[[[41.0895622,19.1312711],[41.0891836,19.1312435],[41.089192,19.1311402],[41.0890907,19.1311328],[41.0890932,19.1311026],[41.088988,19.1310949],[41.0889949,19.1310093],[41.0888696,19.1310002],[41.0888801,19.1308717],[41.0890027,19.1308806],[41.0890027,19.1308815],[41.0893025,19.1309034],[41.0893004,19.1309302],[41.0895883,19.1309511],[41.0895622,19.1312711]]]},"properties":{"sources":[{"property":"","dataset":"Microsoft ML Buildings","license":"ODbL-1.0","record_id":null,"update_time":"2018-09-01T00:00:00.000Z","confidence":null,"between":null,"provider":"microsoft","resource":"ml_buildings","version":"2025-02-25"}],"is_underground":false,"has_parts":false,"version":3}},
{"id":"360c7770-2449-43ca-af24-07a9505bf12b","type":"Feature","geometry":{"type":"Polygon","coordinates":[[[41.0890316,19.1312536],[41.0894731,19.131285],[41.0894426,19.131668],[41.089001,19.1316366],[41.0890316,19.1312536]]]},"properties":{"sources":[{"property":"","dataset":"Microsoft ML Buildings","license":"ODbL-1.0","record_id":null,"update_time":"2018-09-01T00:00:00.000Z","confidence":null,"between":null,"provider":"microsoft","resource":"ml_buildings","version":"2025-02-25"}],"is_underground":false,"has_parts":false,"version":3}},
{"id":"8de4a930-24fa-4ff4-8d82-aa28bbcd9288","type":"Feature","geometry":{"type":"Polygon","coordinates":[[[41.0894694,19.1314722],[41.0894961,19.1314736],[41.0894929,19.1315282],[41.0894661,19.1315268],[41.0894694,19.1314722]]]},"properties":{"sources":[{"property":"","dataset":"Microsoft ML Buildings","license":"ODbL-1.0","record_id":null,"update_time":"2018-09-01T00:00:00.000Z","confidence":null,"between":null,"provider":"microsoft","resource":"ml_buildings","version":"2025-02-25"}],"is_underground":false,"has_parts":false,"version":3}},
{"id":"fd748f23-5b1c-4c3d-beed-17837aeb7985","type":"Feature","geometry":{"type":"Polygon","coordinates":[[[41.0898201,19.1326399],[41.0898882,19.1326607],[41.0898223,19.1328535],[41.0897543,19.1328327],[41.0898201,19.1326399]]]},"properties":{"sources":[{"property":"","dataset":"Microsoft ML Buildings","license":"ODbL-1.0","record_id":null,"update_time":"2018-09-01T00:00:00.000Z","confidence":null,"between":null,"provider":"microsoft","resource":"ml_buildings","version":"2025-02-25"}],"is_underground":false,"has_parts":false,"version":3}},
{"id":"577557ed-91e6-4400-b9f9-61352a583f08","type":"Feature","geometry":{"type":"Polygon","coordinates":[[[41.0901362,19.1325819],[41.0901367,19.1326099],[41.0900384,19.1325767],[41.0900086,19.1326553],[41.0899444,19.1326336],[41.0899949,19.1325002],[41.0899365,19.1324804],[41.0899637,19.1324085],[41.0899009,19.1323873],[41.0898796,19.1324435],[41.0898344,19.1324282],[41.0898954,19.1322673],[41.089805,19.1322367],[41.0898589,19.1320944],[41.0900193,19.1321486],[41.0899367,19.1323665],[41.0901016,19.1324222],[41.0901025,19.1324794],[41.0901749,19.1324784],[41.0901747,19.1324682],[41.0901188,19.1324493],[41.0901522,19.1323612],[41.0901857,19.1323607],[41.0902069,19.1323047],[41.0902812,19.1323037],[41.0903189,19.1322043],[41.0904132,19.132203],[41.0902546,19.1326219],[41.0901362,19.1325819]]]},"properties":{"sources":[{"property":"","dataset":"Microsoft ML Buildings","license":"ODbL-1.0","record_id":null,"update_time":"2018-09-01T00:00:00.000Z","confidence":null,"between":null,"provider":"microsoft","resource":"ml_buildings","version":"2025-02-25"}],"is_underground":false,"has_parts":false,"version":3}},
{"id":"c7efc531-985c-407f-ba13-9245974cd887","type":"Feature","geometry":{"type":"Polygon","coordinates":[[[41.0901962,19.1327475],[41.0900853,19.1327024],[41.0901257,19.1326134],[41.0902367,19.1326584],[41.0901962,19.1327475]]]},"properties":{"sources":[{"property":"","dataset":"Microsoft ML Buildings","license":"ODbL-1.0","record_id":null,"update_time":"2018-09-01T00:00:00.000Z","confidence":null,"between":null,"provider":"microsoft","resource":"ml_buildings","version":"2025-02-25"}],"is_underground":false,"has_parts":false,"version":3}},
{"id":"c1459bc7-8ce6-466e-bd2b-0b06490db6bf","type":"Feature","geometry":{"type":"Polygon","coordinates":[[[41.09043,19.1322111],[41.0902975,19.1321728],[41.0905587,19.1313665],[41.0905513,19.1313643],[41.0905813,19.1312716],[41.0906034,19.131278],[41.0907002,19.1309791],[41.0908572,19.1310245],[41.0908362,19.1310894],[41.090819,19.1310844],[41.0907267,19.1313694],[41.0906801,19.1313559],[41.0906703,19.1313861],[41.0907107,19.1313977],[41.0906514,19.1315808],[41.0906429,19.1315783],[41.0904861,19.1320626],[41.0904763,19.1320598],[41.0904515,19.1321362],[41.090454,19.1321369],[41.09043,19.1322111]]]},"properties":{"sources":[{"property":"","dataset":"Microsoft ML Buildings","license":"ODbL-1.0","record_id":null,"update_time":"2018-09-01T00:00:00.000Z","confidence":null,"between":null,"provider":"microsoft","resource":"ml_buildings","version":"2025-02-25"}],"is_underground":false,"has_parts":false,"version":3}},
{"id":"27ad945a-27b1-4858-b2f4-5a26e68b2268","type":"Feature","geometry":{"type":"Polygon","coordinates":[[[41.0911027,19.131742],[41.0911673,19.131624],[41.0913735,19.1317248],[41.0913089,19.1318427],[41.0911027,19.131742]]]},"properties":{"sources":[{"property":"","dataset":"Microsoft ML Buildings","license":"ODbL-1.0","record_id":null,"update_time":"2018-09-01T00:00:00.000Z","confidence":null,"between":null,"provider":"microsoft","resource":"ml_buildings","version":"2025-02-25"}],"is_underground":false,"has_parts":false,"version":3}},
{"id":"9818c6da-78ce-4bcf-b595-1f3a0c165208","type":"Feature","geometry":{"type":"Polygon","coordinates":[[[41.0919267,19.1320751],[41.0914414,19.131885],[41.0915087,19.1317315],[41.0917501,19.131826],[41.0917444,19.131839],[41.0919883,19.1319345],[41.0919267,19.1320751]]]},"properties":{"sources":[{"property":"","dataset":"Microsoft ML Buildings","license":"ODbL-1.0","record_id":null,"update_time":"2018-09-01T00:00:00.000Z","confidence":null,"between":null,"provider":"microsoft","resource":"ml_buildings","version":"2025-02-25"}],"is_underground":false,"has_parts":false,"version":3}},
{"id":"065c8fdd-004d-437b-8370-1a53e00532ff","type":"Feature","geometry":{"type":"Polygon","coordinates":[[[41.0915706,19.1321709],[41.0910721,19.131972],[41.0911374,19.1318258],[41.0914994,19.1319702],[41.0914788,19.1320162],[41.0916153,19.1320707],[41.0915706,19.1321709]]]},"properties":{"sources":[{"property":"","dataset":"Microsoft ML Buildings","license":"ODbL-1.0","record_id":null,"update_time":"2018-09-01T00:00:00.000Z","confidence":null,"between":null,"provider":"microsoft","resource":"ml_buildings","version":"2025-02-25"}],"is_underground":false,"has_parts":false,"version":3}},
{"id":"05324dcd-03c3-4ab2-ad1e-5f2c578b009f","type":"Feature","geometry":{"type":"Polygon","coordinates":[[[41.0917628,19.1321619],[41.0918303,19.1321912],[41.0917672,19.1323209],[41.0916998,19.1322917],[41.0917628,19.1321619]]]},"properties":{"sources":[{"property":"","dataset":"Microsoft ML Buildings","license":"ODbL-1.0","record_id":null,"update_time":"2018-09-01T00:00:00.000Z","confidence":null,"between":null,"provider":"microsoft","resource":"ml_buildings","version":"2025-02-25"}],"is_underground":false,"has_parts":false,"version":3}},
{"id":"4e07ce27-182e-42c8-9fc0-b901ce127c26","type":"Feature","geometry":{"type":"Polygon","coordinates":[[[41.091684,19.1325211],[41.0917802,19.1325644],[41.0917584,19.1326078],[41.0916621,19.1325645],[41.091684,19.1325211]]]},"properties":{"sources":[{"property":"","dataset":"Microsoft ML Buildings","license":"ODbL-1.0","record_id":null,"update_time":"2018-09-01T00:00:00.000Z","confidence":null,"between":null,"provider":"microsoft","resource":"ml_buildings","version":"2025-02-25"}],"is_underground":false,"has_parts":false,"version":3}},
{"id":"05041245-3233-401d-bc59-77094f1d4d7a","type":"Feature","geometry":{"type":"Polygon","coordinates":[[[41.0917913,19.1325448],[41.0918956,19.1325806],[41.0918398,19.1327262],[41.091285,19.1325362],[41.0913211,19.1324421],[41.0917715,19.1325964],[41.0917913,19.1325448]]]},"properties":{"sources":[{"property":"","dataset":"Microsoft ML Buildings","license":"ODbL-1.0","record_id":null,"update_time":"2018-09-01T00:00:00.000Z","confidence":null,"between":null,"provider":"microsoft","resource":"ml_buildings","version":"2025-02-25"}],"is_underground":false,"has_parts":false,"version":3}},
{"id":"a036ae69-e324-4041-b70c-eacb90cd286d","type":"Feature","geometry":{"type":"Polygon","coordinates":[[[41.0915847,19.1327379],[41.0913251,19.1326388],[41.0913453,19.1325918],[41.0916048,19.1326909],[41.0915847,19.1327379]]]},"properties":{"sources":[{"property":"","dataset":"Microsoft ML Buildings","license":"ODbL-1.0","record_id":null,"update_time":"2018-09-01T00:00:00.000Z","confidence":null,"between":null,"provider":"microsoft","resource":"ml_buildings","version":"2025-02-25"}],"is_underground":false,"has_parts":false,"version":3}},
{"id":"f1f8598e-4241-4a7f-a136-8c5ba5fca9b1","type":"Feature","geometry":{"type":"Polygon","coordinates":[[[41.0913033,19.1327423],[41.091282,19.1327349],[41.0912603,19.1327907],[41.091213,19.1327743],[41.0912704,19.132627],[41.0913389,19.1326508],[41.0913033,19.1327423]]]},"properties":{"sources":[{"property":"","dataset":"Microsoft ML Buildings","license":"ODbL-1.0","record_id":null,"update_time":"2018-09-01T00:00:00.000Z","confidence":null,"between":null,"provider":"microsoft","resource":"ml_buildings","version":"2025-02-25"}],"is_underground":false,"has_parts":false,"version":3}},
{"id":"dcb17bcf-6f8b-41fb-9dcd-384f60b46699","type":"Feature","geometry":{"type":"Polygon","coordinates":[[[41.090889,19.132414],[41.0909948,19.1324565],[41.0909784,19.132493],[41.0910247,19.1325116],[41.0909851,19.1325996],[41.090833,19.1325384],[41.090889,19.132414]]]},"properties":{"sources":[{"property":"","dataset":"Microsoft ML Buildings","license":"ODbL-1.0","record_id":null,"update_time":"2018-09-01T00:00:00.000Z","confidence":null,"between":null,"provider":"microsoft","resource":"ml_buildings","version":"2025-02-25"}],"is_underground":false,"has_parts":false,"version":3}},
{"id":"9fe8d101-6dcf-40ae-98ed-49e250d114f7","type":"Feature","geometry":{"type":"Polygon","coordinates":[[[41.0910964,19.1324205],[41.0909036,19.1323593],[41.0909493,19.1322309],[41.0910554,19.1322645],[41.0910384,19.1323124],[41.0913227,19.1324027],[41.0912859,19.1325061],[41.0912931,19.1325084],[41.0912251,19.1326996],[41.0910708,19.1326506],[41.0911041,19.1325573],[41.0911488,19.1325715],[41.0911723,19.1325055],[41.091077,19.1324752],[41.0910964,19.1324205]]]},"properties":{"sources":[{"property":"","dataset":"Microsoft ML Buildings","license":"ODbL-1.0","record_id":null,"update_time":"2018-09-01T00:00:00.000Z","confidence":null,"between":null,"provider":"microsoft","resource":"ml_buildings","version":"2025-02-25"}],"is_underground":false,"has_parts":false,"version":3}},
{"id":"13dba8d5-f13d-430f-b940-fd1dc368ec1c","type":"Feature","geometry":{"type":"Polygon","coordinates":[[[41.0912377,19.1321059],[41.0913271,19.1321376],[41.0913094,19.132182],[41.0913692,19.1322032],[41.0913539,19.1322419],[41.0913858,19.1322532],[41.0913664,19.1323021],[41.0911853,19.1322379],[41.0912377,19.1321059]]]},"properties":{"sources":[{"property":"","dataset":"Microsoft ML Buildings","license":"ODbL-1.0","record_id":null,"update_time":"2018-09-01T00:00:00.000Z","confidence":null,"between":null,"provider":"microsoft","resource":"ml_buildings","version":"2025-02-25"}],"is_underground":false,"has_parts":false,"version":3}},
{"id":"9083939e-a26a-4767-8b01-d3feb08ed6c9","type":"Feature","geometry":{"type":"Polygon","coordinates":[[[41.0910645,19.1320305],[41.0912338,19.1320871],[41.0912127,19.1321434],[41.0910434,19.1320868],[41.0910645,19.1320305]]]},"properties":{"sources":[{"property":"","dataset":"Microsoft ML Buildings","license":"ODbL-1.0","record_id":null,"update_time":"2018-09-01T00:00:00.000Z","confidence":null,"between":null,"provider":"microsoft","resource":"ml_buildings","version":"2025-02-25"}],"is_underground":false,"has_parts":false,"version":3}},
{"id":"a8074341-b977-40de-8ec6-06e31085e376","type":"Feature","geometry":{"type":"Polygon","coordinates":[[[41.0911705,19.1322299],[41.0910106,19.1321623],[41.0910432,19.1320935],[41.0912031,19.1321612],[41.0911705,19.1322299]]]},"properties":{"sources":[{"property":"","dataset":"Microsoft ML Buildings","license":"ODbL-1.0","record_id":null,"update_time":"2018-09-01T00:00:00.000Z","confidence":null,"between":null,"provider":"microsoft","resource":"ml_buildings","version":"2025-02-25"}],"is_underground":false,"has_parts":false,"version":3}},
{"id":"53c62da8-c00f-4721-a846-aefcf81bfd6b","type":"Feature","geometry":{"type":"Polygon","coordinates":[[[41.0908165,19.1326526],[41.0908522,19.132567],[41.0909172,19.1325912],[41.0908815,19.1326768],[41.0908165,19.1326526]]]},"properties":{"sources":[{"property":"","dataset":"Microsoft ML Buildings","license":"ODbL-1.0","record_id":null,"update_time":"2018-09-01T00:00:00.000Z","confidence":null,"between":null,"provider":"microsoft","resource":"ml_buildings","version":"2025-02-25"}],"is_underground":false,"has_parts":false,"version":3}},
{"id":"2b31436d-b1ad-4e42-9d67-ce545b0be31d","type":"Feature","geometry":{"type":"Polygon","coordinates":[[[41.091055,19.1327994],[41.0910264,19.1328642],[41.090872,19.1328033],[41.0908157,19.1329306],[41.0906992,19.1328847],[41.0908016,19.1326529],[41.0909217,19.1327002],[41.0909042,19.13274],[41.091055,19.1327994]]]},"properties":{"sources":[{"property":"","dataset":"Microsoft ML Buildings","license":"ODbL-1.0","record_id":null,"update_time":"2018-09-01T00:00:00.000Z","confidence":null,"between":null,"provider":"microsoft","resource":"ml_buildings","version":"2025-02-25"}],"is_underground":false,"has_parts":false,"version":3}},
{"id":"c87a72e5-77f3-42fa-9b48-4603826bf8de","type":"Feature","geometry":{"type":"Polygon","coordinates":[[[41.090793,19.133096],[41.0908153,19.1330072],[41.0909128,19.1330291],[41.0908906,19.1331178],[41.090793,19.133096]]]},"properties":{"sources":[{"property":"","dataset":"Microsoft ML Buildings","license":"ODbL-1.0","record_id":null,"update_time":"2018-09-01T00:00:00.000Z","confidence":null,"between":null,"provider":"microsoft","resource":"ml_buildings","version":"2025-02-25"}],"is_underground":false,"has_parts":false,"version":3}},
{"id":"b30b1831-adc2-4c9f-8d67-7ce884bd9f17","type":"Feature","geometry":{"type":"Polygon","coordinates":[[[41.0907875,19.1330669],[41.0906205,19.1330191],[41.0906491,19.1329299],[41.0908161,19.1329778],[41.0907875,19.1330669]]]},"properties":{"sources":[{"property":"","dataset":"Microsoft ML Buildings","license":"ODbL-1.0","record_id":null,"update_time":"2018-09-01T00:00:00.000Z","confidence":null,"between":null,"provider":"microsoft","resource":"ml_buildings","version":"2025-02-25"}],"is_underground":false,"has_parts":false,"version":3}},
{"id":"7339423b-4b2b-43a9-8ea1-53a0f213901b","type":"Feature","geometry":{"type":"Polygon","coordinates":[[[41.0907178,19.1332138],[41.0905561,19.1331436],[41.0905927,19.1330683],[41.0906149,19.1330779],[41.0906393,19.1330277],[41.0908187,19.1331055],[41.090779,19.1331871],[41.0907391,19.1331698],[41.0907178,19.1332138]]]},"properties":{"sources":[{"property":"","dataset":"Microsoft ML Buildings","license":"ODbL-1.0","record_id":null,"update_time":"2018-09-01T00:00:00.000Z","confidence":null,"between":null,"provider":"microsoft","resource":"ml_buildings","version":"2025-02-25"}],"is_underground":false,"has_parts":false,"version":3}},
{"id":"818d59a4-6a55-4bd7-8768-163fb26f689a","type":"Feature","geometry":{"type":"Polygon","coordinates":[[[41.090465,19.1333328],[41.0905288,19.1332007],[41.0906487,19.1332524],[41.0906081,19.1333363],[41.0907657,19.1334043],[41.0907424,19.1334525],[41.090465,19.1333328]]]},"properties":{"sources":[{"property":"","dataset":"Microsoft ML Buildings","license":"ODbL-1.0","record_id":null,"update_time":"2018-09-01T00:00:00.000Z","confidence":null,"between":null,"provider":"microsoft","resource":"ml_buildings","version":"2025-02-25"}],"is_underground":false,"has_parts":false,"version":3}},
{"id":"fbf78f68-8abf-454d-8065-784bdc9f79a2","type":"Feature","geometry":{"type":"Polygon","coordinates":[[[41.0907935,19.133219],[41.090842,19.1331169],[41.0909327,19.1331553],[41.0908842,19.1332574],[41.0907935,19.133219]]]},"properties":{"sources":[{"property":"","dataset":"Microsoft ML Buildings","license":"ODbL-1.0","record_id":null,"update_time":"2018-09-01T00:00:00.000Z","confidence":null,"between":null,"provider":"microsoft","resource":"ml_buildings","version":"2025-02-25"}],"is_underground":false,"has_parts":false,"version":3}},
{"id":"b0e5463e-aa92-4518-a1d0-25a88fcbf34c","type":"Feature","geometry":{"type":"Polygon","coordinates":[[[41.0909201,19.1332513],[41.0909392,19.133201],[41.0909939,19.1332194],[41.0909748,19.1332698],[41.0909201,19.1332513]]]},"properties":{"sources":[{"property":"","dataset":"Microsoft ML Buildings","license":"ODbL-1.0","record_id":null,"update_time":"2018-09-01T00:00:00.000Z","confidence":null,"between":null,"provider":"microsoft","resource":"ml_buildings","version":"2025-02-25"}],"is_underground":false,"has_parts":false,"version":3}},
{"id":"ed559aec-d1db-4980-95c0-5282ef2389c4","type":"Feature","geometry":{"type":"Polygon","coordinates":[[[41.0912768,19.1329941],[41.0911995,19.132976],[41.0912134,19.1329235],[41.0912906,19.1329416],[41.0912768,19.1329941]]]},"properties":{"sources":[{"property":"","dataset":"Microsoft ML Buildings","license":"ODbL-1.0","record_id":null,"update_time":"2018-09-01T00:00:00.000Z","confidence":null,"between":null,"provider":"microsoft","resource":"ml_buildings","version":"2025-02-25"}],"is_underground":false,"has_parts":false,"version":3}},
{"id":"4f3003e2-29ed-42b0-bf82-a213835934a9","type":"Feature","geometry":{"type":"Polygon","coordinates":[[[41.0909106,19.1330938],[41.0909229,19.1330569],[41.0909815,19.1330743],[41.0909692,19.1331112],[41.0909106,19.1330938]]]},"properties":{"sources":[{"property":"","dataset":"Microsoft ML Buildings","license":"ODbL-1.0","record_id":null,"update_time":"2018-09-01T00:00:00.000Z","confidence":null,"between":null,"provider":"microsoft","resource":"ml_buildings","version":"2025-02-25"}],"is_underground":false,"has_parts":false,"version":3}},
{"id":"db37fc0d-322f-49e2-aad3-ba4f70b8358c","type":"Feature","geometry":{"type":"Polygon","coordinates":[[[41.0910831,19.1330448],[41.0909753,19.1330134],[41.0910055,19.1329209],[41.0911133,19.1329523],[41.0910831,19.1330448]]]},"properties":{"sources":[{"property":"","dataset":"Microsoft ML Buildings","license":"ODbL-1.0","record_id":null,"update_time":"2018-09-01T00:00:00.000Z","confidence":null,"between":null,"provider":"microsoft","resource":"ml_buildings","version":"2025-02-25"}],"is_underground":false,"has_parts":false,"version":3}},
{"id":"bfdef560-6c5c-45b4-a9c6-cf821bc80ed0","type":"Feature","geometry":{"type":"Polygon","coordinates":[[[41.09105,19.1328669],[41.091074,19.1328285],[41.0911309,19.1328602],[41.0911069,19.1328986],[41.09105,19.1328669]]]},"properties":{"sources":[{"property":"","dataset":"Microsoft ML Buildings","license":"ODbL-1.0","record_id":null,"update_time":"2018-09-01T00:00:00.000Z","confidence":null,"between":null,"provider":"microsoft","resource":"ml_buildings","version":"2025-02-25"}],"is_underground":false,"has_parts":false,"version":3}},
{"id":"88f22317-8bad-462e-9dcd-97c9e11480c5","type":"Feature","geometry":{"type":"Polygon","coordinates":[[[41.0911552,19.1328556],[41.0910711,19.1328191],[41.091126,19.1327061],[41.0912102,19.1327426],[41.0911552,19.1328556]]]},"properties":{"sources":[{"property":"","dataset":"Microsoft ML Buildings","license":"ODbL-1.0","record_id":null,"update_time":"2018-09-01T00:00:00.000Z","confidence":null,"between":null,"provider":"microsoft","resource":"ml_buildings","version":"2025-02-25"}],"is_underground":false,"has_parts":false,"version":3}},
{"id":"66564841-9700-496a-88e0-a813c7850c48","type":"Feature","geometry":{"type":"Polygon","coordinates":[[[41.0916285,19.1327014],[41.0920789,19.1328704],[41.0920596,19.1329163],[41.0916091,19.1327474],[41.0916285,19.1327014]]]},"properties":{"sources":[{"property":"","dataset":"Microsoft ML Buildings","license":"ODbL-1.0","record_id":null,"update_time":"2018-09-01T00:00:00.000Z","confidence":null,"between":null,"provider":"microsoft","resource":"ml_buildings","version":"2025-02-25"}],"is_underground":false,"has_parts":false,"version":3}},
{"id":"0e84c5f0-bd26-4975-a710-caefc33cbd7d","type":"Feature","geometry":{"type":"Polygon","coordinates":[[[41.091312,19.1328196],[41.0913508,19.1327132],[41.0920772,19.1329497],[41.0920974,19.1328944],[41.0924896,19.133022],[41.0924694,19.1330774],[41.092268,19.1330118],[41.0922246,19.1331309],[41.0919499,19.1330414],[41.0919383,19.1330731],[41.0920749,19.1331176],[41.0920609,19.1331561],[41.0912232,19.1328834],[41.0912534,19.1328005],[41.091312,19.1328196]]]},"properties":{"sources":[{"property":"","dataset":"Microsoft ML Buildings","license":"ODbL-1.0","record_id":null,"update_time":"2018-09-01T00:00:00.000Z","confidence":null,"between":null,"provider":"microsoft","resource":"ml_buildings","version":"2025-02-25"}],"is_underground":false,"has_parts":false,"version":3}},
{"id":"24da5dd8-ab72-4503-a1dc-f268f1ee394a","type":"Feature","geometry":{"type":"Polygon","coordinates":[[[41.0915767,19.1334199],[41.0916866,19.1330762],[41.0918552,19.1331243],[41.0917454,19.133468],[41.0915767,19.1334199]]]},"properties":{"sources":[{"property":"","dataset":"Microsoft ML Buildings","license":"ODbL-1.0","record_id":null,"update_time":"2018-09-01T00:00:00.000Z","confidence":null,"between":null,"provider":"microsoft","resource":"ml_buildings","version":"2025-02-25"}],"is_underground":false,"has_parts":false,"version":3}},
{"id":"4cafed84-0411-4ff0-a52e-dac93705bdbd","type":"Feature","geometry":{"type":"Polygon","coordinates":[[[41.092072,19.1332347],[41.0920522,19.1333031],[41.0920073,19.1332915],[41.0919875,19.1333599],[41.0919301,19.1333451],[41.0919403,19.1333097],[41.0919079,19.1333014],[41.0919372,19.1331999],[41.092072,19.1332347]]]},"properties":{"sources":[{"property":"","dataset":"Microsoft ML Buildings","license":"ODbL-1.0","record_id":null,"update_time":"2018-09-01T00:00:00.000Z","confidence":null,"between":null,"provider":"microsoft","resource":"ml_buildings","version":"2025-02-25"}],"is_underground":false,"has_parts":false,"version":3}},
{"id":"ffc5d756-ed1b-4f69-a583-55f414bb0d67","type":"Feature","geometry":{"type":"Polygon","coordinates":[[[41.0911578,19.133524],[41.0914888,19.1336278],[41.0914455,19.1337511],[41.0912957,19.1337041],[41.0913005,19.1336904],[41.0911193,19.1336336],[41.0911578,19.133524]]]},"properties":{"sources":[{"property":"","dataset":"Microsoft ML Buildings","license":"ODbL-1.0","record_id":null,"update_time":"2018-09-01T00:00:00.000Z","confidence":null,"between":null,"provider":"microsoft","resource":"ml_buildings","version":"2025-02-25"}],"is_underground":false,"has_parts":false,"version":3}},
{"id":"62d2425e-7ce4-462a-a714-589c84a7d652","type":"Feature","geometry":{"type":"Polygon","coordinates":[[[41.0914916,19.1337729],[41.0914594,19.1337618],[41.0914883,19.1336871],[41.0915205,19.1336982],[41.0914916,19.1337729]]]},"properties":{"sources":[{"property":"","dataset":"Microsoft ML Buildings","license":"ODbL-1.0","record_id":null,"update_time":"2018-09-01T00:00:00.000Z","confidence":null,"between":null,"provider":"microsoft","resource":"ml_buildings","version":"2025-02-25"}],"is_underground":false,"has_parts":false,"version":3}},
{"id":"dc731748-fa44-4248-b44e-85dbd4a5c5c8","type":"Feature","geometry":{"type":"Polygon","coordinates":[[[41.0920061,19.1341526],[41.0919651,19.1341397],[41.0919852,19.1340827],[41.0920263,19.1340957],[41.0920061,19.1341526]]]},"properties":{"sources":[{"property":"","dataset":"Microsoft ML Buildings","license":"ODbL-1.0","record_id":null,"update_time":"2018-09-01T00:00:00.000Z","confidence":null,"between":null,"provider":"microsoft","resource":"ml_buildings","version":"2025-02-25"}],"is_underground":false,"has_parts":false,"version":3}},
{"id":"f48c48b2-bcca-4600-be9f-ac1e68f272b7","type":"Feature","geometry":{"type":"Polygon","coordinates":[[[41.0909421,19.1335461],[41.0909645,19.1335014],[41.0910411,19.1335358],[41.0910187,19.1335804],[41.0909421,19.1335461]]]},"properties":{"sources":[{"property":"","dataset":"Microsoft ML Buildings","license":"ODbL-1.0","record_id":null,"update_time":"2018-09-01T00:00:00.000Z","confidence":null,"between":null,"provider":"microsoft","resource":"ml_buildings","version":"2025-02-25"}],"is_underground":false,"has_parts":false,"version":3}},
{"id":"470f59cd-7327-42ab-b489-a26ce8baa054","type":"Feature","geometry":{"type":"Polygon","coordinates":[[[41.0908035,19.1334943],[41.0908223,19.1334478],[41.0909534,19.1334951],[41.0909346,19.1335415],[41.0908035,19.1334943]]]},"properties":{"sources":[{"property":"","dataset":"Microsoft ML Buildings","license":"ODbL-1.0","record_id":null,"update_time":"2018-09-01T00:00:00.000Z","confidence":null,"between":null,"provider":"microsoft","resource":"ml_buildings","version":"2025-02-25"}],"is_underground":false,"has_parts":false,"version":3}},
{"id":"2b2c581d-eedf-48f0-88e6-6d05bce2e5ba","type":"Feature","geometry":{"type":"Polygon","coordinates":[[[41.0905822,19.1339026],[41.0906636,19.1339327],[41.090653,19.1339581],[41.0905716,19.133928],[41.0905822,19.1339026]]]},"properties":{"sources":[{"property":"","dataset":"Microsoft ML Buildings","license":"ODbL-1.0","record_id":null,"update_time":"2018-09-01T00:00:00.000Z","confidence":null,"between":null,"provider":"microsoft","resource":"ml_buildings","version":"2025-02-25"}],"is_underground":false,"has_parts":false,"version":3}},
{"id":"c2aaf90e-67a1-4d3a-aa7e-79564a742463","type":"Feature","geometry":{"type":"Polygon","coordinates":[[[41.0903048,19.1337889],[41.0903524,19.1336779],[41.0907149,19.1338168],[41.0906673,19.1339278],[41.0903048,19.1337889]]]},"properties":{"sources":[{"property":"","dataset":"Microsoft ML Buildings","license":"ODbL-1.0","record_id":null,"update_time":"2018-09-01T00:00:00.000Z","confidence":null,"between":null,"provider":"microsoft","resource":"ml_buildings","version":"2025-02-25"}],"is_underground":false,"has_parts":false,"version":3}},
{"id":"083be910-0b0c-44e8-95b9-28a6a1e8970b","type":"Feature","geometry":{"type":"Polygon","coordinates":[[[41.0900755,19.1328216],[41.0900362,19.1328132],[41.090044,19.1327804],[41.0901574,19.1328046],[41.0901392,19.1328808],[41.0900651,19.132865],[41.0900755,19.1328216]]]},"properties":{"sources":[{"property":"","dataset":"Microsoft ML Buildings","license":"ODbL-1.0","record_id":null,"update_time":"2018-09-01T00:00:00.000Z","confidence":null,"between":null,"provider":"microsoft","resource":"ml_buildings","version":"2025-02-25"}],"is_underground":false,"has_parts":false,"version":3}},
{"id":"8a9a5d4d-8eba-48fa-b172-4221ac5e641d","type":"Feature","geometry":{"type":"Polygon","coordinates":[[[41.0899691,19.1329672],[41.0899551,19.133001],[41.0900609,19.1330399],[41.0900178,19.1331447],[41.0899339,19.1331139],[41.0899544,19.1330641],[41.0897717,19.132997],[41.0898083,19.1329081],[41.0899691,19.1329672]]]},"properties":{"sources":[{"property":"","dataset":"Microsoft ML Buildings","license":"ODbL-1.0","record_id":null,"update_time":"2018-09-01T00:00:00.000Z","confidence":null,"between":null,"provider":"microsoft","resource":"ml_buildings","version":"2025-02-25"}],"is_underground":false,"has_parts":false,"version":3}},
{"id":"a8183e95-64f0-4c48-831f-5ae10683a019","type":"Feature","geometry":{"type":"Polygon","coordinates":[[[41.0898346,19.1330745],[41.089919,19.1331134],[41.0899021,19.1331462],[41.0898177,19.1331072],[41.0898346,19.1330745]]]},"properties":{"sources":[{"property":"","dataset":"Microsoft ML Buildings","license":"ODbL-1.0","record_id":null,"update_time":"2018-09-01T00:00:00.000Z","confidence":null,"between":null,"provider":"microsoft","resource":"ml_buildings","version":"2025-02-25"}],"is_underground":false,"has_parts":false,"version":3}},
{"id":"d3dddd76-fdd0-48ab-a268-813e7f9b4e46","type":"Feature","geometry":{"type":"Polygon","coordinates":[[[41.0896164,19.132868],[41.0896842,19.1328956],[41.089614,19.1330495],[41.0895462,19.1330218],[41.0896164,19.132868]]]},"properties":{"sources":[{"property":"","dataset":"Microsoft ML Buildings","license":"ODbL-1.0","record_id":null,"update_time":"2018-09-01T00:00:00.000Z","confidence":null,"between":null,"provider":"microsoft","resource":"ml_buildings","version":"2025-02-25"}],"is_underground":false,"has_parts":false,"version":3}},
{"id":"b899dbf8-c3ad-4e3c-a47c-5285df1e2556","type":"Feature","geometry":{"type":"Polygon","coordinates":[[[41.0893215,19.1330005],[41.0893653,19.1329105],[41.0894783,19.1329595],[41.0894345,19.1330495],[41.0893215,19.1330005]]]},"properties":{"sources":[{"property":"","dataset":"Microsoft ML Buildings","license":"ODbL-1.0","record_id":null,"update_time":"2018-09-01T00:00:00.000Z","confidence":null,"between":null,"provider":"microsoft","resource":"ml_buildings","version":"2025-02-25"}],"is_underground":false,"has_parts":false,"version":3}},
{"id":"6085f360-963f-4bdb-8b75-141db0cdb8f5","type":"Feature","geometry":{"type":"Polygon","coordinates":[[[41.0886615,19.131632],[41.0886465,19.131359],[41.0889448,19.1313443],[41.0889599,19.1316172],[41.0886615,19.131632]]]},"properties":{"sources":[{"property":"","dataset":"Microsoft ML Buildings","license":"ODbL-1.0","record_id":null,"update_time":"2018-09-01T00:00:00.000Z","confidence":null,"between":null,"provider":"microsoft","resource":"ml_buildings","version":"2025-02-25"}],"is_underground":false,"has_parts":false,"version":3}},
{"id":"68ced429-09dd-4ebc-9bb2-96641cc10d60","type":"Feature","geometry":{"type":"Polygon","coordinates":[[[41.0885715,19.1313775],[41.0886316,19.1313803],[41.0886297,19.1314182],[41.0885696,19.1314155],[41.0885715,19.1313775]]]},"properties":{"sources":[{"property":"","dataset":"Microsoft ML Buildings","license":"ODbL-1.0","record_id":null,"update_time":"2018-09-01T00:00:00.000Z","confidence":null,"between":null,"provider":"microsoft","resource":"ml_buildings","version":"2025-02-25"}],"is_underground":false,"has_parts":false,"version":3}},
{"id":"98b7ce61-0bda-44ab-b2d4-710f227b7e27","type":"Feature","geometry":{"type":"Polygon","coordinates":[[[41.0885385,19.131556],[41.0885975,19.1315555],[41.0885987,19.1316721],[41.0885397,19.1316726],[41.0885385,19.131556]]]},"properties":{"sources":[{"property":"","dataset":"Microsoft ML Buildings","license":"ODbL-1.0","record_id":null,"update_time":"2018-09-01T00:00:00.000Z","confidence":null,"between":null,"provider":"microsoft","resource":"ml_buildings","version":"2025-02-25"}],"is_underground":false,"has_parts":false,"version":3}},
{"id":"fdd2cd11-e667-4c40-b2c6-f630250a04d1","type":"Feature","geometry":{"type":"Polygon","coordinates":[[[41.0885141,19.1317388],[41.088511,19.1316934],[41.0885629,19.1316902],[41.088566,19.1317357],[41.0885141,19.1317388]]]},"properties":{"sources":[{"property":"","dataset":"Microsoft ML Buildings","license":"ODbL-1.0","record_id":null,"update_time":"2018-09-01T00:00:00.000Z","confidence":null,"between":null,"provider":"microsoft","resource":"ml_buildings","version":"2025-02-25"}],"is_underground":false,"has_parts":false,"version":3}},
{"id":"6cd818b5-a043-4b49-980d-c733ef06e78e","type":"Feature","geometry":{"type":"Polygon","coordinates":[[[41.0883886,19.1317479],[41.0883875,19.1317023],[41.0885055,19.1316997],[41.0885066,19.1317453],[41.0883886,19.1317479]]]},"properties":{"sources":[{"property":"","dataset":"Microsoft ML Buildings","license":"ODbL-1.0","record_id":null,"update_time":"2018-09-01T00:00:00.000Z","confidence":null,"between":null,"provider":"microsoft","resource":"ml_buildings","version":"2025-02-25"}],"is_underground":false,"has_parts":false,"version":3}},
{"id":"54bd20e3-f32f-4cac-a0c5-bf1a31009f70","type":"Feature","geometry":{"type":"Polygon","coordinates":[[[41.0885434,19.1318747],[41.088591,19.1318692],[41.0885948,19.1318991],[41.0884786,19.1319126],[41.0884713,19.1318567],[41.08854,19.1318488],[41.0885434,19.1318747]]]},"properties":{"sources":[{"property":"","dataset":"Microsoft ML Buildings","license":"ODbL-1.0","record_id":null,"update_time":"2018-09-01T00:00:00.000Z","confidence":null,"between":null,"provider":"microsoft","resource":"ml_buildings","version":"2025-02-25"}],"is_underground":false,"has_parts":false,"version":3}},
{"id":"595978cb-aad3-46b2-b90e-2d5672a9aa87","type":"Feature","geometry":{"type":"Polygon","coordinates":[[[41.088269,19.1315423],[41.0885235,19.1315333],[41.0885294,19.1316842],[41.088275,19.1316932],[41.088269,19.1315423]]]},"properties":{"sources":[{"property":"","dataset":"Microsoft ML Buildings","license":"ODbL-1.0","record_id":null,"update_time":"2018-09-01T00:00:00.000Z","confidence":null,"between":null,"provider":"microsoft","resource":"ml_buildings","version":"2025-02-25"}],"is_underground":false,"has_parts":false,"version":3}},
{"id":"55c04124-65c3-4cb1-938b-b8959b7c22a7","type":"Feature","geometry":{"type":"Polygon","coordinates":[[[41.0885538,19.1314959],[41.0882623,19.1315111],[41.0882565,19.131411],[41.0883005,19.1314087],[41.0883005,19.1314077],[41.0885479,19.1313949],[41.0885538,19.1314959]]]},"properties":{"sources":[{"property":"","dataset":"Microsoft ML Buildings","license":"ODbL-1.0","record_id":null,"update_time":"2018-09-01T00:00:00.000Z","confidence":null,"between":null,"provider":"microsoft","resource":"ml_buildings","version":"2025-02-25"}],"is_underground":false,"has_parts":false,"version":3}},
{"id":"3b3baf03-32df-4cfe-81bb-f028ee37eefb","type":"Feature","geometry":{"type":"Polygon","coordinates":[[[41.0879691,19.131572],[41.0879733,19.1316925],[41.0879212,19.1316941],[41.087917,19.1315736],[41.0879691,19.131572]]]},"properties":{"sources":[{"property":"","dataset":"Microsoft ML Buildings","license":"ODbL-1.0","record_id":null,"update_time":"2018-09-01T00:00:00.000Z","confidence":null,"between":null,"provider":"microsoft","resource":"ml_buildings","version":"2025-02-25"}],"is_underground":false,"has_parts":false,"version":3}},
{"id":"abf53acd-9080-45d1-9d2c-d6b8b07f79ba","type":"Feature","geometry":{"type":"Polygon","coordinates":[[[41.0881987,19.1327766],[41.0882081,19.1326083],[41.0883578,19.1326157],[41.0883572,19.1326274],[41.0884187,19.1326304],[41.0884155,19.1326886],[41.0883914,19.1326874],[41.088386,19.1327859],[41.0882923,19.1327813],[41.0881987,19.1327766]]]},"properties":{"sources":[{"property":"","dataset":"Microsoft ML Buildings","license":"ODbL-1.0","record_id":null,"update_time":"2018-09-01T00:00:00.000Z","confidence":null,"between":null,"provider":"microsoft","resource":"ml_buildings","version":"2025-02-25"}],"is_underground":false,"has_parts":false,"version":3}},
{"id":"3ae6466b-7a14-4fe5-8a34-5f1b38ea8c83","type":"Feature","geometry":{"type":"Polygon","coordinates":[[[41.0873201,19.1324405],[41.0873181,19.1323924],[41.0873583,19.132391],[41.0873603,19.132439],[41.0873201,19.1324405]]]},"properties":{"sources":[{"property":"","dataset":"Microsoft ML Buildings","license":"ODbL-1.0","record_id":null,"update_time":"2018-09-01T00:00:00.000Z","confidence":null,"between":null,"provider":"microsoft","resource":"ml_buildings","version":"2025-02-25"}],"is_underground":false,"has_parts":false,"version":3}},
{"id":"6e357c72-289d-4845-a0d2-6377a152fa73","type":"Feature","geometry":{"type":"Polygon","coordinates":[[[41.0872384,19.1324031],[41.0871489,19.132399],[41.0871519,19.1323409],[41.0872413,19.1323449],[41.0872384,19.1324031]]]},"properties":{"sources":[{"property":"","dataset":"Microsoft ML Buildings","license":"ODbL-1.0","record_id":null,"update_time":"2018-09-01T00:00:00.000Z","confidence":null,"between":null,"provider":"microsoft","resource":"ml_buildings","version":"2025-02-25"}],"is_underground":false,"has_parts":false,"version":3}},
{"id":"c9a0d60b-2b96-4fff-b1c7-897f0e0daa99","type":"Feature","geometry":{"type":"Polygon","coordinates":[[[41.0871248,19.1321268],[41.0871342,19.1323251],[41.0869238,19.1323339],[41.0869145,19.1321356],[41.0871248,19.1321268]]]},"properties":{"sources":[{"property":"","dataset":"Microsoft ML Buildings","license":"ODbL-1.0","record_id":null,"update_time":"2018-09-01T00:00:00.000Z","confidence":null,"between":null,"provider":"microsoft","resource":"ml_buildings","version":"2025-02-25"}],"is_underground":false,"has_parts":false,"version":3}},
{"id":"85391473-eccd-4bd6-8bea-b28ec428c09e","type":"Feature","geometry":{"type":"Polygon","coordinates":[[[41.087727,19.1320041],[41.087726,19.1323446],[41.087549,19.1323442],[41.08755,19.1320036],[41.087727,19.1320041]]]},"properties":{"sources":[{"property":"","dataset":"Microsoft ML Buildings","license":"ODbL-1.0","record_id":null,"update_time":"2018-09-01T00:00:00.000Z","confidence":null,"between":null,"provider":"microsoft","resource":"ml_buildings","version":"2025-02-25"}],"is_underground":false,"has_parts":false,"version":3}},
{"id":"0feec1de-451c-4498-b469-69fedc3e4bb2","type":"Feature","geometry":{"type":"Polygon","coordinates":[[[41.0876254,19.1318228],[41.0876309,19.1319721],[41.0875719,19.131974],[41.0875664,19.1318247],[41.0876254,19.1318228]]]},"properties":{"sources":[{"property":"","dataset":"Microsoft ML Buildings","license":"ODbL-1.0","record_id":null,"update_time":"2018-09-01T00:00:00.000Z","confidence":null,"between":null,"provider":"microsoft","resource":"ml_buildings","version":"2025-02-25"}],"is_underground":false,"has_parts":false,"version":3}},
{"id":"9b37260d-2fac-4466-b571-15c499cb6c41","type":"Feature","geometry":{"type":"Polygon","coordinates":[[[41.087621,19.1316504],[41.0876244,19.1317482],[41.0875708,19.1317498],[41.0875674,19.1316521],[41.087621,19.1316504]]]},"properties":{"sources":[{"property":"","dataset":"Microsoft ML Buildings","license":"ODbL-1.0","record_id":null,"update_time":"2018-09-01T00:00:00.000Z","confidence":null,"between":null,"provider":"microsoft","resource":"ml_buildings","version":"2025-02-25"}],"is_underground":false,"has_parts":false,"version":3}},
{"id":"63c6da41-29b6-4637-aa5b-3132857a394c","type":"Feature","geometry":{"type":"Polygon","coordinates":[[[41.0875525,19.1315743],[41.087572,19.1319535],[41.0874061,19.1319612],[41.0874091,19.1320193],[41.087278,19.1320253],[41.0872747,19.1319621],[41.0871142,19.1319695],[41.0870949,19.1315953],[41.0875525,19.1315743]]]},"properties":{"sources":[{"property":"","dataset":"Microsoft ML Buildings","license":"ODbL-1.0","record_id":null,"update_time":"2018-09-01T00:00:00.000Z","confidence":null,"between":null,"provider":"microsoft","resource":"ml_buildings","version":"2025-02-25"}],"is_underground":false,"has_parts":false,"version":3}},
{"id":"54147bb7-18f9-4e59-86c5-0d402ccf7a9c","type":"Feature","geometry":{"type":"Polygon","coordinates":[[[41.0870556,19.1320338],[41.0868802,19.1320287],[41.0868853,19.1318732],[41.0870607,19.1318784],[41.0870556,19.1320338]]]},"properties":{"sources":[{"property":"","dataset":"Microsoft ML Buildings","license":"ODbL-1.0","record_id":null,"update_time":"2018-09-01T00:00:00.000Z","confidence":null,"between":null,"provider":"microsoft","resource":"ml_buildings","version":"2025-02-25"}],"is_underground":false,"has_parts":false,"version":3}},
{"id":"c2049fbd-75d0-45b6-be4f-bad373d2629c","type":"Feature","geometry":{"type":"Polygon","coordinates":[[[41.0866692,19.1315666],[41.0866697,19.1319315],[41.0865571,19.1319317],[41.0865566,19.1315667],[41.0866692,19.1315666]]]},"properties":{"sources":[{"property":"","dataset":"Microsoft ML Buildings","license":"ODbL-1.0","record_id":null,"update_time":"2018-09-01T00:00:00.000Z","confidence":null,"between":null,"provider":"microsoft","resource":"ml_buildings","version":"2025-02-25"}],"is_underground":false,"has_parts":false,"version":3}},
{"id":"2f562577-3d95-4c20-a498-4dc0e7d9bbf8","type":"Feature","geometry":{"type":"Polygon","coordinates":[[[41.0861982,19.1323612],[41.0861835,19.1320745],[41.0863372,19.1320674],[41.0863519,19.1323542],[41.0861982,19.1323612]]]},"properties":{"sources":[{"property":"","dataset":"Microsoft ML Buildings","license":"ODbL-1.0","record_id":null,"update_time":"2018-09-01T00:00:00.000Z","confidence":null,"between":null,"provider":"microsoft","resource":"ml_buildings","version":"2025-02-25"}],"is_underground":false,"has_parts":false,"version":3}},
{"id":"839ee44e-1fa6-4987-a753-f130eb802fca","type":"Feature","geometry":{"type":"Polygon","coordinates":[[[41.0865667,19.1323855],[41.0865605,19.1320663],[41.0866719,19.1320643],[41.0866782,19.1323835],[41.0865667,19.1323855]]]},"properties":{"sources":[{"property":"","dataset":"Microsoft ML Buildings","license":"ODbL-1.0","record_id":null,"update_time":"2018-09-01T00:00:00.000Z","confidence":null,"between":null,"provider":"microsoft","resource":"ml_buildings","version":"2025-02-25"}],"is_underground":false,"has_parts":false,"version":3}},
{"id":"0316f4d3-84f5-489d-bd93-8ef72e70d5e3","type":"Feature","geometry":{"type":"Polygon","coordinates":[[[41.0861629,19.132598],[41.0861651,19.1324703],[41.0864027,19.1324739],[41.0864005,19.1326017],[41.0861629,19.132598]]]},"properties":{"sources":[{"property":"","dataset":"Microsoft ML Buildings","license":"ODbL-1.0","record_id":null,"update_time":"2018-09-01T00:00:00.000Z","confidence":null,"between":null,"provider":"microsoft","resource":"ml_buildings","version":"2025-02-25"}],"is_underground":false,"has_parts":false,"version":3}},
{"id":"2673aa90-ed1c-4661-886c-e02ca4640c5f","type":"Feature","geometry":{"type":"Polygon","coordinates":[[[41.0873469,19.1338129],[41.0873499,19.1337863],[41.0872491,19.1337763],[41.0872537,19.1337352],[41.0872192,19.1337317],[41.0872256,19.1336741],[41.0873635,19.1336878],[41.0873585,19.1337329],[41.0873999,19.133737],[41.087391,19.1338172],[41.0873469,19.1338129]]]},"properties":{"sources":[{"property":"","dataset":"Microsoft ML Buildings","license":"ODbL-1.0","record_id":null,"update_time":"2018-09-01T00:00:00.000Z","confidence":null,"between":null,"provider":"microsoft","resource":"ml_buildings","version":"2025-02-25"}],"is_underground":false,"has_parts":false,"version":3}},
{"id":"15f49f4d-8a17-4591-9b40-6bb1b8340d79","type":"Feature","geometry":{"type":"Polygon","coordinates":[[[41.0874476,19.1338272],[41.0875464,19.1338499],[41.0875393,19.1338776],[41.0874405,19.133855],[41.0874476,19.1338272]]]},"properties":{"sources":[{"property":"","dataset":"Microsoft ML Buildings","license":"ODbL-1.0","record_id":null,"update_time":"2018-09-01T00:00:00.000Z","confidence":null,"between":null,"provider":"microsoft","resource":"ml_buildings","version":"2025-02-25"}],"is_underground":false,"has_parts":false,"version":3}},
{"id":"97031b21-3398-4708-b01b-7a0f7f098aa1","type":"Feature","geometry":{"type":"Polygon","coordinates":[[[41.0867801,19.1337855],[41.0867755,19.1337521],[41.0868177,19.1337469],[41.0868223,19.1337803],[41.0867801,19.1337855]]]},"properties":{"sources":[{"property":"","dataset":"Microsoft ML Buildings","license":"ODbL-1.0","record_id":null,"update_time":"2018-09-01T00:00:00.000Z","confidence":null,"between":null,"provider":"microsoft","resource":"ml_buildings","version":"2025-02-25"}],"is_underground":false,"has_parts":false,"version":3}},
{"id":"5a2d9358-8317-40eb-a016-dc477d047560","type":"Feature","geometry":{"type":"Polygon","coordinates":[[[41.0868914,19.1347157],[41.0868899,19.1347623],[41.0869167,19.1347631],[41.0869133,19.1348694],[41.0868704,19.1348682],[41.0868722,19.134814],[41.0867962,19.1348118],[41.0867994,19.1347131],[41.0868914,19.1347157]]]},"properties":{"sources":[{"property":"","dataset":"Microsoft ML Buildings","license":"ODbL-1.0","record_id":null,"update_time":"2018-09-01T00:00:00.000Z","confidence":null,"between":null,"provider":"microsoft","resource":"ml_buildings","version":"2025-02-25"}],"is_underground":false,"has_parts":false,"version":3}},
{"id":"f24385c7-aa3c-4720-bdcf-61a47053e633","type":"Feature","geometry":{"type":"Polygon","coordinates":[[[41.0874279,19.1351012],[41.0874659,19.1351053],[41.0874611,19.1351443],[41.0874231,19.1351402],[41.0874279,19.1351012]]]},"properties":{"sources":[{"property":"","dataset":"Microsoft ML Buildings","license":"ODbL-1.0","record_id":null,"update_time":"2018-09-01T00:00:00.000Z","confidence":null,"between":null,"provider":"microsoft","resource":"ml_buildings","version":"2025-02-25"}],"is_underground":false,"has_parts":false,"version":3}},
{"id":"2872ea87-01f0-4d73-af02-4f188d71dfcc","type":"Feature","geometry":{"type":"Polygon","coordinates":[[[41.0898488,19.1353971],[41.0896966,19.1353494],[41.0896837,19.1353859],[41.0896185,19.1353654],[41.0896618,19.1352422],[41.0899493,19.1353324],[41.0899325,19.1353803],[41.0898624,19.1353583],[41.0898488,19.1353971]]]},"properties":{"sources":[{"property":"","dataset":"Microsoft ML Buildings","license":"ODbL-1.0","record_id":null,"update_time":"2018-09-01T00:00:00.000Z","confidence":null,"between":null,"provider":"microsoft","resource":"ml_buildings","version":"2025-02-25"}],"is_underground":false,"has_parts":false,"version":3}},
{"id":"b12ea8f5-6c4e-4738-b476-131b36a5a812","type":"Feature","geometry":{"type":"Polygon","coordinates":[[[41.090159,19.1351738],[41.089797,19.1350717],[41.0898308,19.1349647],[41.0901411,19.1350521],[41.0901756,19.1349428],[41.0902298,19.134958],[41.0901938,19.1350721],[41.090147,19.1350589],[41.0901235,19.1351333],[41.0901678,19.1351458],[41.090159,19.1351738]]]},"properties":{"sources":[{"property":"","dataset":"Microsoft ML Buildings","license":"ODbL-1.0","record_id":null,"update_time":"2018-09-01T00:00:00.000Z","confidence":null,"between":null,"provider":"microsoft","resource":"ml_buildings","version":"2025-02-25"}],"is_underground":false,"has_parts":false,"version":3}},
{"id":"dfbdce26-bd9c-41a6-b09e-4ae6ab36b9ee","type":"Feature","geometry":{"type":"Polygon","coordinates":[[[41.0900286,19.1353387],[41.0900627,19.1352375],[41.0897657,19.1351481],[41.089783,19.1350966],[41.0901361,19.1352029],[41.0900846,19.1353556],[41.0900286,19.1353387]]]},"properties":{"sources":[{"property":"","dataset":"Microsoft ML Buildings","license":"ODbL-1.0","record_id":null,"update_time":"2018-09-01T00:00:00.000Z","confidence":null,"between":null,"provider":"microsoft","resource":"ml_buildings","version":"2025-02-25"}],"is_underground":false,"has_parts":false,"version":3}},
{"id":"6b658430-2ab2-43a8-af0f-811304dd6a5a","type":"Feature","geometry":{"type":"Polygon","coordinates":[[[41.0899587,19.1354319],[41.0899884,19.1353485],[41.0900655,19.135373],[41.0900358,19.1354564],[41.0899587,19.1354319]]]},"properties":{"sources":[{"property":"","dataset":"Microsoft ML Buildings","license":"ODbL-1.0","record_id":null,"update_time":"2018-09-01T00:00:00.000Z","confidence":null,"between":null,"provider":"microsoft","resource":"ml_buildings","version":"2025-02-25"}],"is_underground":false,"has_parts":false,"version":3}},
{"id":"1d4d61f2-99f2-4131-bbf1-7a4af4e5fbc5","type":"Feature","geometry":{"type":"Polygon","coordinates":[[[41.0902077,19.1352786],[41.0902696,19.1350722],[41.0905005,19.135134],[41.0904386,19.1353405],[41.0902077,19.1352786]]]},"properties":{"sources":[{"property":"","dataset":"Microsoft ML Buildings","license":"ODbL-1.0","record_id":null,"update_time":"2018-09-01T00:00:00.000Z","confidence":null,"between":null,"provider":"microsoft","resource":"ml_buildings","version":"2025-02-25"}],"is_underground":false,"has_parts":false,"version":3}},
{"id":"0639660b-628e-494f-870b-f7ea09449f84","type":"Feature","geometry":{"type":"Polygon","coordinates":[[[41.0903106,19.1354294],[41.0901648,19.1353907],[41.0901927,19.1352968],[41.0903385,19.1353354],[41.0903106,19.1354294]]]},"properties":{"sources":[{"property":"","dataset":"Microsoft ML Buildings","license":"ODbL-1.0","record_id":null,"update_time":"2018-09-01T00:00:00.000Z","confidence":null,"between":null,"provider":"microsoft","resource":"ml_buildings","version":"2025-02-25"}],"is_underground":false,"has_parts":false,"version":3}},
{"id":"80aa52ba-0a0d-43a2-b0f1-2e6271ce76c8","type":"Feature","geometry":{"type":"Polygon","coordinates":[[[41.0902833,19.13481],[41.0902676,19.1348766],[41.0902293,19.1348685],[41.090245,19.1348019],[41.0902833,19.13481]]]},"properties":{"sources":[{"property":"","dataset":"Microsoft ML Buildings","license":"ODbL-1.0","record_id":null,"update_time":"2018-09-01T00:00:00.000Z","confidence":null,"between":null,"provider":"microsoft","resource":"ml_buildings","version":"2025-02-25"}],"is_underground":false,"has_parts":false,"version":3}},
{"id":"7985b935-88cb-4260-95bc-665f46efd33c","type":"Feature","geometry":{"type":"Polygon","coordinates":[[[41.0902954,19.1346895],[41.0903786,19.134723],[41.0903457,19.1347959],[41.0902625,19.1347624],[41.0902954,19.1346895]]]},"properties":{"sources":[{"property":"","dataset":"Microsoft ML Buildings","license":"ODbL-1.0","record_id":null,"update_time":"2018-09-01T00:00:00.000Z","confidence":null,"between":null,"provider":"microsoft","resource":"ml_buildings","version":"2025-02-25"}],"is_underground":false,"has_parts":false,"version":3}},
{"id":"736bf5c2-21cf-4987-813a-085f73b11a20","type":"Feature","geometry":{"type":"Polygon","coordinates":[[[41.0899752,19.1349833],[41.0898414,19.1349429],[41.0898967,19.1347797],[41.0898772,19.1347738],[41.0899372,19.1345968],[41.0900272,19.134624],[41.0900062,19.1346861],[41.0900451,19.1346979],[41.0900619,19.1346482],[41.0901593,19.1346776],[41.0901393,19.1347365],[41.0902391,19.1347667],[41.0902009,19.1348793],[41.0902082,19.1348815],[41.0901763,19.1349757],[41.0900586,19.1349402],[41.0900531,19.1349562],[41.0899908,19.1349374],[41.0899752,19.1349833]]]},"properties":{"sources":[{"property":"","dataset":"Microsoft ML Buildings","license":"ODbL-1.0","record_id":null,"update_time":"2018-09-01T00:00:00.000Z","confidence":null,"between":null,"provider":"microsoft","resource":"ml_buildings","version":"2025-02-25"}],"is_underground":false,"has_parts":false,"version":3}},
{"id":"593d755d-c8f0-4a2b-b06a-566d10f1204e","type":"Feature","geometry":{"type":"Polygon","coordinates":[[[41.0900763,19.1344389],[41.0901429,19.1342297],[41.0902511,19.1342605],[41.0902185,19.1343627],[41.0903415,19.1343977],[41.0903689,19.1343117],[41.0905067,19.1343508],[41.0904675,19.134474],[41.0904773,19.1344768],[41.0904351,19.1346092],[41.0901473,19.1345275],[41.0901673,19.1344647],[41.0900763,19.1344389]]]},"properties":{"sources":[{"property":"","dataset":"Microsoft ML Buildings","license":"ODbL-1.0","record_id":null,"update_time":"2018-09-01T00:00:00.000Z","confidence":null,"between":null,"provider":"microsoft","resource":"ml_buildings","version":"2025-02-25"}],"is_underground":false,"has_parts":false,"version":3}},
{"id":"36d13fe2-d12a-44f4-ab81-ae593583c7cc","type":"Feature","geometry":{"type":"Polygon","coordinates":[[[41.0904515,19.1342321],[41.0905422,19.1342623],[41.0905161,19.1343322],[41.0904254,19.134302],[41.0904515,19.1342321]]]},"properties":{"sources":[{"property":"","dataset":"Microsoft ML Buildings","license":"ODbL-1.0","record_id":null,"update_time":"2018-09-01T00:00:00.000Z","confidence":null,"between":null,"provider":"microsoft","resource":"ml_buildings","version":"2025-02-25"}],"is_underground":false,"has_parts":false,"version":3}},
{"id":"9524e236-b171-4cab-986f-63967789219a","type":"Feature","geometry":{"type":"Polygon","coordinates":[[[41.0908049,19.134422],[41.0907091,19.1343884],[41.0907275,19.1343417],[41.0908233,19.1343752],[41.0908049,19.134422]]]},"properties":{"sources":[{"property":"","dataset":"Microsoft ML Buildings","license":"ODbL-1.0","record_id":null,"update_time":"2018-09-01T00:00:00.000Z","confidence":null,"between":null,"provider":"microsoft","resource":"ml_buildings","version":"2025-02-25"}],"is_underground":false,"has_parts":false,"version":3}},
{"id":"cbea511c-c049-4ff6-8b7c-9dd238bc3ba7","type":"Feature","geometry":{"type":"Polygon","coordinates":[[[41.0916508,19.1347055],[41.0915417,19.1348989],[41.0914853,19.1348705],[41.0915944,19.1346771],[41.0916508,19.1347055]]]},"properties":{"sources":[{"property":"","dataset":"Microsoft ML Buildings","license":"ODbL-1.0","record_id":null,"update_time":"2018-09-01T00:00:00.000Z","confidence":null,"between":null,"provider":"microsoft","resource":"ml_buildings","version":"2025-02-25"}],"is_underground":false,"has_parts":false,"version":3}},
{"id":"0255e1b0-c7cb-4348-b2c1-9392a47e18a4","type":"Feature","geometry":{"type":"Polygon","coordinates":[[[41.0912517,19.1347917],[41.091367,19.1347917],[41.091367,19.1348272],[41.0912517,19.1348272],[41.0912517,19.1347917]]]},"properties":{"sources":[{"property":"","dataset":"Microsoft ML Buildings","license":"ODbL-1.0","record_id":null,"update_time":"2018-09-01T00:00:00.000Z","confidence":null,"between":null,"provider":"microsoft","resource":"ml_buildings","version":"2025-02-25"}],"is_underground":false,"has_parts":false,"version":3}},
{"id":"0ff83ae8-0c57-47bc-8fab-82b9007d6d88","type":"Feature","geometry":{"type":"Polygon","coordinates":[[[41.0914093,19.134824],[41.0914732,19.1348461],[41.0914607,19.1348783],[41.0913968,19.1348562],[41.0914093,19.134824]]]},"properties":{"sources":[{"property":"","dataset":"Microsoft ML Buildings","license":"ODbL-1.0","record_id":null,"update_time":"2018-09-01T00:00:00.000Z","confidence":null,"between":null,"provider":"microsoft","resource":"ml_buildings","version":"2025-02-25"}],"is_underground":false,"has_parts":false,"version":3}},
{"id":"2adb0568-e266-4607-9c2f-f41a3d610d88","type":"Feature","geometry":{"type":"Polygon","coordinates":[[[41.0914806,19.1348832],[41.0916748,19.1349811],[41.0915768,19.1351547],[41.0913826,19.1350568],[41.0914806,19.1348832]]]},"properties":{"sources":[{"property":"","dataset":"Microsoft ML Buildings","license":"ODbL-1.0","record_id":null,"update_time":"2018-09-01T00:00:00.000Z","confidence":null,"between":null,"provider":"microsoft","resource":"ml_buildings","version":"2025-02-25"}],"is_underground":false,"has_parts":false,"version":3}},
{"id":"323baa88-3c3a-4330-8d48-77a91dcecd0b","type":"Feature","geometry":{"type":"Polygon","coordinates":[[[41.0913662,19.1350617],[41.0915953,19.1351664],[41.0917717,19.1348218],[41.0917677,19.1348454],[41.0917909,19.1348],[41.0918052,19.1348022],[41.0919005,19.1348458],[41.0919026,19.1348461],[41.091893,19.1349021],[41.0918449,19.1348801],[41.09184,19.1349084],[41.0917688,19.1350474],[41.0917693,19.1350445],[41.0917341,19.1351133],[41.0918006,19.1351437],[41.0917835,19.1352434],[41.0917634,19.1352342],[41.0917532,19.135254],[41.0917171,19.1352485],[41.0916468,19.1352164],[41.0916337,19.1352144],[41.0915872,19.1351931],[41.0915562,19.1351884],[41.0915138,19.1352711],[41.0913193,19.1351822],[41.0913267,19.135139],[41.0913662,19.1350617]]]},"properties":{"sources":[{"property":"","dataset":"Microsoft ML Buildings","license":"ODbL-1.0","record_id":null,"update_time":"2018-09-01T00:00:00.000Z","confidence":null,"between":null,"provider":"microsoft","resource":"ml_buildings","version":"2025-02-25"}],"is_underground":false,"has_parts":false,"version":3}},
{"id":"2dbc83c5-4b7d-46cc-8fe4-f609a66190dc","type":"Feature","geometry":{"type":"Polygon","coordinates":[[[41.0919916,19.1353805],[41.0917935,19.1352931],[41.0918912,19.1350955],[41.0919224,19.1351092],[41.0919595,19.1351434],[41.0919943,19.1351587],[41.09203,19.1351241],[41.0920313,19.1350617],[41.092001,19.1351231],[41.0919584,19.1351223],[41.0919708,19.1350973],[41.0920136,19.1350557],[41.0920144,19.1350155],[41.0919448,19.1350142],[41.0919723,19.1349587],[41.092009,19.1349231],[41.0920721,19.1349509],[41.0920714,19.134985],[41.0920212,19.1349628],[41.0920078,19.1349899],[41.0920485,19.1350078],[41.0920479,19.1350379],[41.0920686,19.1350471],[41.0920774,19.1350552],[41.092078,19.135054],[41.0920764,19.1351333],[41.0921038,19.1350778],[41.0921193,19.1350847],[41.0921186,19.1351214],[41.0920993,19.1351401],[41.0920234,19.1351387],[41.0920838,19.1351942],[41.0919916,19.1353805]]]},"properties":{"sources":[{"property":"","dataset":"Microsoft ML Buildings","license":"ODbL-1.0","record_id":null,"update_time":"2018-09-01T00:00:00.000Z","confidence":null,"between":null,"provider":"microsoft","resource":"ml_buildings","version":"2025-02-25"}],"is_underground":false,"has_parts":false,"version":3}},
{"id":"57eeec01-599f-4d37-8558-8e1ad45da461","type":"Feature","geometry":{"type":"Polygon","coordinates":[[[41.0918895,19.1354724],[41.0919068,19.1354191],[41.0919518,19.1354321],[41.0919345,19.1354854],[41.0918895,19.1354724]]]},"properties":{"sources":[{"property":"","dataset":"Microsoft ML Buildings","license":"ODbL-1.0","record_id":null,"update_time":"2018-09-01T00:00:00.000Z","confidence":null,"between":null,"provider":"microsoft","resource":"ml_buildings","version":"2025-02-25"}],"is_underground":false,"has_parts":false,"version":3}},
{"id":"95146297-8f2b-4f04-9937-1ab3a85d48d9","type":"Feature","geometry":{"type":"Polygon","coordinates":[[[41.0917986,19.135292],[41.0918228,19.1353072],[41.091808,19.1353283],[41.0918657,19.1353645],[41.0918237,19.1354243],[41.0917418,19.135373],[41.0917986,19.135292]]]},"properties":{"sources":[{"property":"","dataset":"Microsoft ML Buildings","license":"ODbL-1.0","record_id":null,"update_time":"2018-09-01T00:00:00.000Z","confidence":null,"between":null,"provider":"microsoft","resource":"ml_buildings","version":"2025-02-25"}],"is_underground":false,"has_parts":false,"version":3}},
{"id":"0c9efd28-1c9e-417a-a929-df6e5b9e55bd","type":"Feature","geometry":{"type":"Polygon","coordinates":[[[41.0901423,19.1354421],[41.0903787,19.1355016],[41.090356,19.1355821],[41.0901196,19.1355225],[41.0901423,19.1354421]]]},"properties":{"sources":[{"property":"","dataset":"Microsoft ML Buildings","license":"ODbL-1.0","record_id":null,"update_time":"2018-09-01T00:00:00.000Z","confidence":null,"between":null,"provider":"microsoft","resource":"ml_buildings","version":"2025-02-25"}],"is_underground":false,"has_parts":false,"version":3}},
{"id":"fa8479d7-d239-4021-827c-577f44aa9484","type":"Feature","geometry":{"type":"Polygon","coordinates":[[[41.0834942,19.134295],[41.083495,19.1343304],[41.08342,19.1343321],[41.0834181,19.1342561],[41.083452,19.1342553],[41.083453,19.1342959],[41.0834942,19.134295]]]},"properties":{"sources":[{"property":"","dataset":"Microsoft ML Buildings","license":"ODbL-1.0","record_id":null,"update_time":"2018-09-01T00:00:00.000Z","confidence":null,"between":null,"provider":"microsoft","resource":"ml_buildings","version":"2025-02-25"}],"is_underground":false,"has_parts":false,"version":3}},
{"id":"836c452a-b7f3-4acf-b4db-a420b9c7ebb5","type":"Feature","geometry":{"type":"Polygon","coordinates":[[[41.0834756,19.1344299],[41.0836794,19.1344335],[41.0836764,19.1345855],[41.0834726,19.1345819],[41.0834756,19.1344299]]]},"properties":{"sources":[{"property":"","dataset":"Microsoft ML Buildings","license":"ODbL-1.0","record_id":null,"update_time":"2018-09-01T00:00:00.000Z","confidence":null,"between":null,"provider":"microsoft","resource":"ml_buildings","version":"2025-02-25"}],"is_underground":false,"has_parts":false,"version":3}},
{"id":"cdfb32da-80c3-409b-a02c-295bf13962b7","type":"Feature","geometry":{"type":"Polygon","coordinates":[[[41.0822596,19.1359988],[41.0825769,19.135991],[41.0825845,19.1362644],[41.0826558,19.1362627],[41.0826608,19.136445],[41.082626,19.1364459],[41.0826272,19.1364889],[41.0822733,19.1364976],[41.0822596,19.1359988]]]},"properties":{"sources":[{"property":"","dataset":"Microsoft ML Buildings","license":"ODbL-1.0","record_id":null,"update_time":"2018-09-01T00:00:00.000Z","confidence":null,"between":null,"provider":"microsoft","resource":"ml_buildings","version":"2025-02-25"}],"is_underground":false,"has_parts":false,"version":3}},
{"id":"d011fc45-c9b7-4525-9185-d0c6ee4ec52f","type":"Feature","geometry":{"type":"Polygon","coordinates":[[[41.0825285,19.1350696],[41.0826605,19.1350707],[41.0826586,19.1352697],[41.0826871,19.1353718],[41.0826855,19.1355425],[41.0826933,19.1355704],[41.0826918,19.1357273],[41.0827937,19.1357282],[41.0828145,19.1358027],[41.0828148,19.1357712],[41.0828751,19.1359873],[41.082581,19.1359848],[41.0825613,19.1359142],[41.0825625,19.1357898],[41.0825236,19.1356505],[41.0825241,19.1355947],[41.0824982,19.1355019],[41.0824988,19.135433],[41.0824628,19.1354327],[41.0824613,19.1354276],[41.0824646,19.1350855],[41.0825285,19.1350696]]]},"properties":{"sources":[{"property":"","dataset":"Microsoft ML Buildings","license":"ODbL-1.0","record_id":null,"update_time":"2018-09-01T00:00:00.000Z","confidence":null,"between":null,"provider":"microsoft","resource":"ml_buildings","version":"2025-02-25"}],"is_underground":false,"has_parts":false,"version":3}},
{"id":"7c0e01ce-01b1-454a-9a68-3f11bba7375d","type":"Feature","geometry":{"type":"Polygon","coordinates":[[[41.0830052,19.1350232],[41.083009,19.1349029],[41.0831501,19.134907],[41.0831452,19.1350614],[41.0830487,19.1350586],[41.0830498,19.1350245],[41.0830052,19.1350232]]]},"properties":{"sources":[{"property":"","dataset":"Microsoft ML Buildings","license":"ODbL-1.0","record_id":null,"update_time":"2018-09-01T00:00:00.000Z","confidence":null,"between":null,"provider":"microsoft","resource":"ml_buildings","version":"2025-02-25"}],"is_underground":false,"has_parts":false,"version":3}},
{"id":"2f46907f-024a-43b1-87b9-9c8ffacd8b88","type":"Feature","geometry":{"type":"Polygon","coordinates":[[[41.0829917,19.1345565],[41.0829917,19.134516],[41.0830453,19.1345159],[41.0830454,19.1345564],[41.0829917,19.1345565]]]},"properties":{"sources":[{"property":"","dataset":"Microsoft ML Buildings","license":"ODbL-1.0","record_id":null,"update_time":"2018-09-01T00:00:00.000Z","confidence":null,"between":null,"provider":"microsoft","resource":"ml_buildings","version":"2025-02-25"}],"is_underground":false,"has_parts":false,"version":3}},
{"id":"f3c1fe90-c8dc-493e-b9e7-1d01907fc971","type":"Feature","geometry":{"type":"Polygon","coordinates":[[[41.0817546,19.1348594],[41.0817787,19.1348589],[41.0817726,19.134593],[41.0820282,19.1345877],[41.0820414,19.1351551],[41.0817616,19.1351608],[41.0817546,19.1348594]]]},"properties":{"sources":[{"property":"","dataset":"Microsoft ML Buildings","license":"ODbL-1.0","record_id":null,"update_time":"2018-09-01T00:00:00.000Z","confidence":null,"between":null,"provider":"microsoft","resource":"ml_buildings","version":"2025-02-25"}],"is_underground":false,"has_parts":false,"version":3}},
{"id":"27276ea2-2ab1-4e58-8353-0dbec4ebd5de","type":"Feature","geometry":{"type":"Polygon","coordinates":[[[41.0814108,19.1345735],[41.0814125,19.1346318],[41.0813563,19.1346333],[41.0813545,19.1345751],[41.0814108,19.1345735]]]},"properties":{"sources":[{"property":"","dataset":"Microsoft ML Buildings","license":"ODbL-1.0","record_id":null,"update_time":"2018-09-01T00:00:00.000Z","confidence":null,"between":null,"provider":"microsoft","resource":"ml_buildings","version":"2025-02-25"}],"is_underground":false,"has_parts":false,"version":3}},
{"id":"ce187120-a816-4d63-a8d5-5038eb902617","type":"Feature","geometry":{"type":"Polygon","coordinates":[[[41.0814318,19.1347331],[41.0814325,19.1347888],[41.081352,19.1347897],[41.0813514,19.134734],[41.0814318,19.1347331]]]},"properties":{"sources":[{"property":"","dataset":"Microsoft ML Buildings","license":"ODbL-1.0","record_id":null,"update_time":"2018-09-01T00:00:00.000Z","confidence":null,"between":null,"provider":"microsoft","resource":"ml_buildings","version":"2025-02-25"}],"is_underground":false,"has_parts":false,"version":3}},
{"id":"ad799274-ad08-450f-9e19-8be361b86db9","type":"Feature","geometry":{"type":"Polygon","coordinates":[[[41.0811214,19.1348381],[41.0811185,19.1347303],[41.0812079,19.1347282],[41.0812109,19.1348359],[41.0811214,19.1348381]]]},"properties":{"sources":[{"property":"","dataset":"Microsoft ML Buildings","license":"ODbL-1.0","record_id":null,"update_time":"2018-09-01T00:00:00.000Z","confidence":null,"between":null,"provider":"microsoft","resource":"ml_buildings","version":"2025-02-25"}],"is_underground":false,"has_parts":false,"version":3}},
{"id":"75593af2-219b-4866-91e0-a3d01b28c251","type":"Feature","geometry":{"type":"Polygon","coordinates":[[[41.0811096,19.1347175],[41.081112,19.1345959],[41.0811871,19.1345973],[41.0811847,19.1347189],[41.0811096,19.1347175]]]},"properties":{"sources":[{"property":"","dataset":"Microsoft ML Buildings","license":"ODbL-1.0","record_id":null,"update_time":"2018-09-01T00:00:00.000Z","confidence":null,"between":null,"provider":"microsoft","resource":"ml_buildings","version":"2025-02-25"}],"is_underground":false,"has_parts":false,"version":3}},
{"id":"6264e5a2-da50-4189-93e3-8fe99c93263d","type":"Feature","geometry":{"type":"Polygon","coordinates":[[[41.081232,19.1341586],[41.0812416,19.1344599],[41.0809362,19.1344686],[41.0809265,19.1341673],[41.081232,19.1341586]]]},"properties":{"sources":[{"property":"","dataset":"Microsoft ML Buildings","license":"ODbL-1.0","record_id":null,"update_time":"2018-09-01T00:00:00.000Z","confidence":null,"between":null,"provider":"microsoft","resource":"ml_buildings","version":"2025-02-25"}],"is_underground":false,"has_parts":false,"version":3}},
{"id":"3c4c5215-4bb6-4ffe-8ae3-62095c96e59e","type":"Feature","geometry":{"type":"Polygon","coordinates":[[[41.0804953,19.134728],[41.0804961,19.1347939],[41.0809342,19.1347893],[41.0809349,19.1348513],[41.080234,19.1348585],[41.0802325,19.1347308],[41.0804953,19.134728]]]},"properties":{"sources":[{"property":"","dataset":"Microsoft ML Buildings","license":"ODbL-1.0","record_id":null,"update_time":"2018-09-01T00:00:00.000Z","confidence":null,"between":null,"provider":"microsoft","resource":"ml_buildings","version":"2025-02-25"}],"is_underground":false,"has_parts":false,"version":3}},
{"id":"0f0d57a7-7bb7-4c05-a84b-0a0ceaae215a","type":"Feature","geometry":{"type":"Polygon","coordinates":[[[41.0806194,19.1349463],[41.0806194,19.1349792],[41.0805765,19.1349792],[41.0805765,19.1349463],[41.0806194,19.1349463]]]},"properties":{"sources":[{"property":"","dataset":"Microsoft ML Buildings","license":"ODbL-1.0","record_id":null,"update_time":"2018-09-01T00:00:00.000Z","confidence":null,"between":null,"provider":"microsoft","resource":"ml_buildings","version":"2025-02-25"}],"is_underground":false,"has_parts":false,"version":3}},
{"id":"9b6a2a93-fdb9-4ff0-92b5-0ad8fe0f976e","type":"Feature","geometry":{"type":"Polygon","coordinates":[[[41.0808112,19.1350352],[41.080661,19.1350363],[41.0806604,19.1349577],[41.0808106,19.1349567],[41.0808112,19.1350352]]]},"properties":{"sources":[{"property":"","dataset":"Microsoft ML Buildings","license":"ODbL-1.0","record_id":null,"update_time":"2018-09-01T00:00:00.000Z","confidence":null,"between":null,"provider":"microsoft","resource":"ml_buildings","version":"2025-02-25"}],"is_underground":false,"has_parts":false,"version":3}},
{"id":"2cf5ba24-c789-4b19-a70c-872fcb1eb185","type":"Feature","geometry":{"type":"Polygon","coordinates":[[[41.0811173,19.1349874],[41.0811182,19.1350153],[41.0809788,19.1350193],[41.0809761,19.1349347],[41.0811904,19.1349284],[41.0811923,19.1349853],[41.0811173,19.1349874]]]},"properties":{"sources":[{"property":"","dataset":"Microsoft ML Buildings","license":"ODbL-1.0","record_id":null,"update_time":"2018-09-01T00:00:00.000Z","confidence":null,"between":null,"provider":"microsoft","resource":"ml_buildings","version":"2025-02-25"}],"is_underground":false,"has_parts":false,"version":3}},
{"id":"a57252c4-66fa-4b87-87f6-775af1730014","type":"Feature","geometry":{"type":"Polygon","coordinates":[[[41.0808226,19.1355092],[41.0808302,19.1353271],[41.0808998,19.1353296],[41.0808922,19.1355118],[41.0808226,19.1355092]]]},"properties":{"sources":[{"property":"","dataset":"Microsoft ML Buildings","license":"ODbL-1.0","record_id":null,"update_time":"2018-09-01T00:00:00.000Z","confidence":null,"between":null,"provider":"microsoft","resource":"ml_buildings","version":"2025-02-25"}],"is_underground":false,"has_parts":false,"version":3}},
{"id":"7d46c2b0-5eb0-4b20-b874-410802e0920e","type":"Feature","geometry":{"type":"Polygon","coordinates":[[[41.0806895,19.1355051],[41.0806874,19.1354241],[41.0807705,19.1354221],[41.0807726,19.1355032],[41.0806895,19.1355051]]]},"properties":{"sources":[{"property":"","dataset":"Microsoft ML Buildings","license":"ODbL-1.0","record_id":null,"update_time":"2018-09-01T00:00:00.000Z","confidence":null,"between":null,"provider":"microsoft","resource":"ml_buildings","version":"2025-02-25"}],"is_underground":false,"has_parts":false,"version":3}},
{"id":"33626edd-7c29-4fb5-b483-ffacdcde0738","type":"Feature","geometry":{"type":"Polygon","coordinates":[[[41.0806937,19.1359324],[41.0806959,19.1360399],[41.0806541,19.1360407],[41.0806519,19.1359332],[41.0806937,19.1359324]]]},"properties":{"sources":[{"property":"","dataset":"Microsoft ML Buildings","license":"ODbL-1.0","record_id":null,"update_time":"2018-09-01T00:00:00.000Z","confidence":null,"between":null,"provider":"microsoft","resource":"ml_buildings","version":"2025-02-25"}],"is_underground":false,"has_parts":false,"version":3}},
{"id":"ec0a5a1c-2ae7-45d5-baa2-0c1532c2cfd4","type":"Feature","geometry":{"type":"Polygon","coordinates":[[[41.0805246,19.1359344],[41.0806437,19.1359323],[41.0806444,19.1359713],[41.0805254,19.1359734],[41.0805246,19.1359344]]]},"properties":{"sources":[{"property":"","dataset":"Microsoft ML Buildings","license":"ODbL-1.0","record_id":null,"update_time":"2018-09-01T00:00:00.000Z","confidence":null,"between":null,"provider":"microsoft","resource":"ml_buildings","version":"2025-02-25"}],"is_underground":false,"has_parts":false,"version":3}},
{"id":"08b3a9c5-1ee7-4826-b0c5-a22e21143a17","type":"Feature","geometry":{"type":"Polygon","coordinates":[[[41.0810184,19.1355345],[41.0809513,19.1355335],[41.0809517,19.1355132],[41.0810187,19.1355142],[41.0810184,19.1355345]]]},"properties":{"sources":[{"property":"","dataset":"Microsoft ML Buildings","license":"ODbL-1.0","record_id":null,"update_time":"2018-09-01T00:00:00.000Z","confidence":null,"between":null,"provider":"microsoft","resource":"ml_buildings","version":"2025-02-25"}],"is_underground":false,"has_parts":false,"version":3}},
{"id":"fa1cb56c-b847-44a6-bd7d-d76b44641d20","type":"Feature","geometry":{"type":"Polygon","coordinates":[[[41.0818055,19.1354477],[41.082071,19.1354432],[41.0820808,19.1359689],[41.0818154,19.1359734],[41.0818055,19.1354477]]]},"properties":{"sources":[{"property":"","dataset":"Microsoft ML Buildings","license":"ODbL-1.0","record_id":null,"update_time":"2018-09-01T00:00:00.000Z","confidence":null,"between":null,"provider":"microsoft","resource":"ml_buildings","version":"2025-02-25"}],"is_underground":false,"has_parts":false,"version":3}},
{"id":"60fa5c37-741f-414c-870e-70a39d472a78","type":"Feature","geometry":{"type":"Polygon","coordinates":[[[41.0923657,19.1343429],[41.0924193,19.1343441],[41.0924184,19.1343846],[41.0923647,19.1343835],[41.0923657,19.1343429]]]},"properties":{"sources":[{"property":"","dataset":"Microsoft ML Buildings","license":"ODbL-1.0","record_id":null,"update_time":"2018-09-01T00:00:00.000Z","confidence":null,"between":null,"provider":"microsoft","resource":"ml_buildings","version":"2025-02-25"}],"is_underground":false,"has_parts":false,"version":3}},
{"id":"09144eb1-9c3e-44a9-8e32-11827cac1460","type":"Feature","geometry":{"type":"Polygon","coordinates":[[[41.0936318,19.1337073],[41.0929551,19.1335509],[41.0929687,19.1334983],[41.0928583,19.1334728],[41.0928871,19.1333615],[41.0928482,19.1333525],[41.0928664,19.1332821],[41.0936924,19.133473],[41.0936318,19.1337073]]]},"properties":{"sources":[{"property":"","dataset":"Microsoft ML Buildings","license":"ODbL-1.0","record_id":null,"update_time":"2018-09-01T00:00:00.000Z","confidence":null,"between":null,"provider":"microsoft","resource":"ml_buildings","version":"2025-02-25"}],"is_underground":false,"has_parts":false,"version":3}},
{"id":"15be6a55-7167-424d-a9a9-68edf7a666ef","type":"Feature","geometry":{"type":"Polygon","coordinates":[[[41.0926878,19.1334568],[41.0927529,19.1334405],[41.0927259,19.1333445],[41.0928111,19.1333231],[41.0928737,19.1335456],[41.0927234,19.1335834],[41.0926878,19.1334568]]]},"properties":{"sources":[{"property":"","dataset":"Microsoft ML Buildings","license":"ODbL-1.0","record_id":null,"update_time":"2018-09-01T00:00:00.000Z","confidence":null,"between":null,"provider":"microsoft","resource":"ml_buildings","version":"2025-02-25"}],"is_underground":false,"has_parts":false,"version":3}},
{"id":"1cde25e9-9f1e-4462-9fe5-c89e13ccf584","type":"Feature","geometry":{"type":"Polygon","coordinates":[[[41.0923949,19.1332525],[41.0924359,19.1332688],[41.0924139,19.1333183],[41.0923728,19.133302],[41.0923949,19.1332525]]]},"properties":{"sources":[{"property":"","dataset":"Microsoft ML Buildings","license":"ODbL-1.0","record_id":null,"update_time":"2018-09-01T00:00:00.000Z","confidence":null,"between":null,"provider":"microsoft","resource":"ml_buildings","version":"2025-02-25"}],"is_underground":false,"has_parts":false,"version":3}},
{"id":"a5e53a55-53bb-4130-8f51-ab759faee9ad","type":"Feature","geometry":{"type":"Polygon","coordinates":[[[41.0922333,19.1332678],[41.0923897,19.1333214],[41.0922568,19.1336672],[41.0919748,19.1335705],[41.092118,19.1331978],[41.0920919,19.1331889],[41.0921083,19.1331463],[41.09226,19.1331984],[41.0922333,19.1332678]]]},"properties":{"sources":[{"property":"","dataset":"Microsoft ML Buildings","license":"ODbL-1.0","record_id":null,"update_time":"2018-09-01T00:00:00.000Z","confidence":null,"between":null,"provider":"microsoft","resource":"ml_buildings","version":"2025-02-25"}],"is_underground":false,"has_parts":false,"version":3}},
{"id":"20f8dfff-13e5-4284-91c0-8352daf9bfba","type":"Feature","geometry":{"type":"Polygon","coordinates":[[[41.0924278,19.1327414],[41.0926557,19.1328224],[41.0926344,19.1328757],[41.0924065,19.1327947],[41.0924278,19.1327414]]]},"properties":{"sources":[{"property":"","dataset":"Microsoft ML Buildings","license":"ODbL-1.0","record_id":null,"update_time":"2018-09-01T00:00:00.000Z","confidence":null,"between":null,"provider":"microsoft","resource":"ml_buildings","version":"2025-02-25"}],"is_underground":false,"has_parts":false,"version":3}},
{"id":"c4c5f42c-d23e-47da-8a50-c7bfe9443474","type":"Feature","geometry":{"type":"Polygon","coordinates":[[[41.0922692,19.1326124],[41.0922952,19.1326463],[41.0922408,19.1326836],[41.0922147,19.1326497],[41.0922692,19.1326124]]]},"properties":{"sources":[{"property":"","dataset":"Microsoft ML Buildings","license":"ODbL-1.0","record_id":null,"update_time":"2018-09-01T00:00:00.000Z","confidence":null,"between":null,"provider":"microsoft","resource":"ml_buildings","version":"2025-02-25"}],"is_underground":false,"has_parts":false,"version":3}},
{"id":"e25f8171-dbe7-4bd8-9e65-5000b75c7b5c","type":"Feature","geometry":{"type":"Polygon","coordinates":[[[41.0921359,19.1325073],[41.0919649,19.1324243],[41.0919932,19.1323722],[41.0921642,19.1324552],[41.0921359,19.1325073]]]},"properties":{"sources":[{"property":"","dataset":"Microsoft ML Buildings","license":"ODbL-1.0","record_id":null,"update_time":"2018-09-01T00:00:00.000Z","confidence":null,"between":null,"provider":"microsoft","resource":"ml_buildings","version":"2025-02-25"}],"is_underground":false,"has_parts":false,"version":3}},
{"id":"591df6be-2c07-452a-99b5-ec03853896e6","type":"Feature","geometry":{"type":"Polygon","coordinates":[[[41.0922945,19.1323204],[41.0923504,19.1323427],[41.0922557,19.1325543],[41.0921997,19.132532],[41.0922945,19.1323204]]]},"properties":{"sources":[{"property":"","dataset":"Microsoft ML Buildings","license":"ODbL-1.0","record_id":null,"update_time":"2018-09-01T00:00:00.000Z","confidence":null,"between":null,"provider":"microsoft","resource":"ml_buildings","version":"2025-02-25"}],"is_underground":false,"has_parts":false,"version":3}},
{"id":"86a3c553-5472-49f3-ae3b-483a60b65a37","type":"Feature","geometry":{"type":"Polygon","coordinates":[[[41.0921809,19.1322042],[41.0919441,19.132104000000002],[41.0920107,19.1319635],[41.0922475,19.1320638],[41.0921809,19.1322042]]]},"properties":{"sources":[{"property":"","dataset":"Microsoft ML Buildings","license":"ODbL-1.0","record_id":null,"update_time":"2018-09-01T00:00:00.000Z","confidence":null,"between":null,"provider":"microsoft","resource":"ml_buildings","version":"2025-02-25"}],"is_underground":false,"has_parts":false,"version":3}},
{"id":"2a4548ec-7a58-460c-9fa1-16277920cd23","type":"Feature","geometry":{"type":"Polygon","coordinates":[[[41.0922792,19.1308808],[41.0919623,19.1307826],[41.092021,19.1306133],[41.0920889,19.1306343],[41.0920541,19.1307344],[41.0920542,19.1307466],[41.0921738,19.1307837],[41.092183,19.1307571],[41.0921828,19.1307269],[41.0922116,19.1306439],[41.0922113,19.1306139],[41.092095,19.1305779],[41.09211,19.1305348],[41.0921097,19.1305086],[41.0921287,19.130454],[41.0921765,19.1304688],[41.0921767,19.1304968],[41.0922265,19.1305122],[41.092225,19.1303394],[41.0922746,19.1303391],[41.0922792,19.1308808]]]},"properties":{"sources":[{"property":"","dataset":"Microsoft ML Buildings","license":"ODbL-1.0","record_id":null,"update_time":"2018-09-01T00:00:00.000Z","confidence":null,"between":null,"provider":"microsoft","resource":"ml_buildings","version":"2025-02-25"}],"is_underground":false,"has_parts":false,"version":3}},
{"id":"9412a4f0-19ba-4544-9d9f-fda500dd7474","type":"Feature","geometry":{"type":"Polygon","coordinates":[[[41.0922743,19.1303341],[41.0921733,19.1303201],[41.0922023,19.130134],[41.0923033,19.1301481],[41.0922743,19.1303341]]]},"properties":{"sources":[{"property":"","dataset":"Microsoft ML Buildings","license":"ODbL-1.0","record_id":null,"update_time":"2018-09-01T00:00:00.000Z","confidence":null,"between":null,"provider":"microsoft","resource":"ml_buildings","version":"2025-02-25"}],"is_underground":false,"has_parts":false,"version":3}},
{"id":"f6ab9e48-3ce0-446e-9b05-deb7c73e9658","type":"Feature","geometry":{"type":"Polygon","coordinates":[[[41.0920149,19.1301684],[41.0920618,19.1301758],[41.0920429,19.1302832],[41.0919959,19.1302758],[41.0920149,19.1301684]]]},"properties":{"sources":[{"property":"","dataset":"Microsoft ML Buildings","license":"ODbL-1.0","record_id":null,"update_time":"2018-09-01T00:00:00.000Z","confidence":null,"between":null,"provider":"microsoft","resource":"ml_buildings","version":"2025-02-25"}],"is_underground":false,"has_parts":false,"version":3}},
{"id":"1c22f0bd-ab39-45fd-981b-0f34a9893d78","type":"Feature","geometry":{"type":"Polygon","coordinates":[[[41.0923207,19.1301468],[41.0922633,19.130132],[41.0922789,19.1300777],[41.0923364,19.1300925],[41.0923207,19.1301468]]]},"properties":{"sources":[{"property":"","dataset":"Microsoft ML Buildings","license":"ODbL-1.0","record_id":null,"update_time":"2018-09-01T00:00:00.000Z","confidence":null,"between":null,"provider":"microsoft","resource":"ml_buildings","version":"2025-02-25"}],"is_underground":false,"has_parts":false,"version":3}},
{"id":"183791ca-ce02-46df-8dcf-60fd6caf4d25","type":"Feature","geometry":{"type":"Polygon","coordinates":[[[41.0922401,19.1300366],[41.0922762,19.1298819],[41.092399,19.1299074],[41.0923629,19.1300621],[41.0922401,19.1300366]]]},"properties":{"sources":[{"property":"","dataset":"Microsoft ML Buildings","license":"ODbL-1.0","record_id":null,"update_time":"2018-09-01T00:00:00.000Z","confidence":null,"between":null,"provider":"microsoft","resource":"ml_buildings","version":"2025-02-25"}],"is_underground":false,"has_parts":false,"version":3}},
{"id":"8d0d259e-8547-485a-9223-dd1540ae573a","type":"Feature","geometry":{"type":"Polygon","coordinates":[[[41.0921672,19.1299485],[41.0922417,19.129966],[41.0922195,19.1300506],[41.092145,19.1300331],[41.0921672,19.1299485]]]},"properties":{"sources":[{"property":"","dataset":"Microsoft ML Buildings","license":"ODbL-1.0","record_id":null,"update_time":"2018-09-01T00:00:00.000Z","confidence":null,"between":null,"provider":"microsoft","resource":"ml_buildings","version":"2025-02-25"}],"is_underground":false,"has_parts":false,"version":3}},
{"id":"a25fbf3a-1700-4518-add1-01ccf9d2c30e","type":"Feature","geometry":{"type":"Polygon","coordinates":[[[41.0919394,19.1300411],[41.0918595,19.1300296],[41.0919052,19.1297462],[41.0920389,19.1297654],[41.0920269,19.1298397],[41.0922471,19.1298715],[41.0922387,19.1299235],[41.0920002,19.1298891],[41.0919862,19.1299758],[41.0919508,19.1299707],[41.0919394,19.1300411]]]},"properties":{"sources":[{"property":"","dataset":"Microsoft ML Buildings","license":"ODbL-1.0","record_id":null,"update_time":"2018-09-01T00:00:00.000Z","confidence":null,"between":null,"provider":"microsoft","resource":"ml_buildings","version":"2025-02-25"}],"is_underground":false,"has_parts":false,"version":3}},
{"id":"44a669d2-4c20-479e-af2d-ae984ed2503c","type":"Feature","geometry":{"type":"Polygon","coordinates":[[[41.0921401,19.1293522],[41.0925938,19.1294169],[41.0925581,19.1296399],[41.0924926,19.1296306],[41.0924531,19.1298772],[41.0923758,19.1298662],[41.0924053,19.1296814],[41.0920028,19.129624],[41.092023,19.1294976],[41.0920912,19.1295074],[41.0920829,19.1295594],[41.0921065,19.1295628],[41.0921401,19.1293522]]]},"properties":{"sources":[{"property":"","dataset":"Microsoft ML Buildings","license":"ODbL-1.0","record_id":null,"update_time":"2018-09-01T00:00:00.000Z","confidence":null,"between":null,"provider":"microsoft","resource":"ml_buildings","version":"2025-02-25"}],"is_underground":false,"has_parts":false,"version":3}},
{"id":"980fb86f-5caa-4f0e-8377-844d97163a20","type":"Feature","geometry":{"type":"Polygon","coordinates":[[[41.09216,19.1291766],[41.0922693,19.1291946],[41.0922619,19.1292351],[41.0922137,19.1292271],[41.0922053,19.1292728],[41.0921441,19.1292627],[41.09216,19.1291766]]]},"properties":{"sources":[{"property":"","dataset":"Microsoft ML Buildings","license":"ODbL-1.0","record_id":null,"update_time":"2018-09-01T00:00:00.000Z","confidence":null,"between":null,"provider":"microsoft","resource":"ml_buildings","version":"2025-02-25"}],"is_underground":false,"has_parts":false,"version":3}},
{"id":"b634d4db-53f4-4f44-bcf7-475c17eb90db","type":"Feature","geometry":{"type":"Polygon","coordinates":[[[41.093002,19.1203422],[41.0932303,19.12031],[41.0932683,19.1205505],[41.09304,19.1205827],[41.093002,19.1203422]]]},"properties":{"sources":[{"property":"","dataset":"Microsoft ML Buildings","license":"ODbL-1.0","record_id":null,"update_time":"2018-09-01T00:00:00.000Z","confidence":null,"between":null,"provider":"microsoft","resource":"ml_buildings","version":"2025-02-25"}],"is_underground":false,"has_parts":false,"version":3}},
{"id":"3110e5ef-b709-4a30-9192-700f9d7add07","type":"Feature","geometry":{"type":"Polygon","coordinates":[[[41.092214,19.119984],[41.0919536,19.1200185],[41.091916,19.119765],[41.0921764,19.1197305],[41.092214,19.119984]]]},"properties":{"sources":[{"property":"","dataset":"Microsoft ML Buildings","license":"ODbL-1.0","record_id":null,"update_time":"2018-09-01T00:00:00.000Z","confidence":null,"between":null,"provider":"microsoft","resource":"ml_buildings","version":"2025-02-25"}],"is_underground":false,"has_parts":false,"version":3}},
{"id":"691c9b2e-2ffe-4e86-ae4c-992cfa93fb05","type":"Feature","geometry":{"type":"Polygon","coordinates":[[[41.0918351,19.1205176],[41.0921436,19.1204794],[41.0921779,19.1207272],[41.0918694,19.1207653],[41.0918351,19.1205176]]]},"properties":{"sources":[{"property":"","dataset":"Microsoft ML Buildings","license":"ODbL-1.0","record_id":null,"update_time":"2018-09-01T00:00:00.000Z","confidence":null,"between":null,"provider":"microsoft","resource":"ml_buildings","version":"2025-02-25"}],"is_underground":false,"has_parts":false,"version":3}},
{"id":"0e3371c1-c548-4055-9904-ed572db4450a","type":"Feature","geometry":{"type":"Polygon","coordinates":[[[41.0927656,19.1203898],[41.0927956,19.1206066],[41.0925847,19.1206327],[41.0925547,19.1204159],[41.0927656,19.1203898]]]},"properties":{"sources":[{"property":"","dataset":"Microsoft ML Buildings","license":"ODbL-1.0","record_id":null,"update_time":"2018-09-01T00:00:00.000Z","confidence":null,"between":null,"provider":"microsoft","resource":"ml_buildings","version":"2025-02-25"}],"is_underground":false,"has_parts":false,"version":3}},
{"id":"6ee3d8dc-d4a3-489c-b8f6-ab9cb9acc461","type":"Feature","geometry":{"type":"Polygon","coordinates":[[[41.0922415,19.1212415],[41.0922733,19.1214527],[41.0920183,19.1214869],[41.0919865,19.1212758],[41.0922415,19.1212415]]]},"properties":{"sources":[{"property":"","dataset":"Microsoft ML Buildings","license":"ODbL-1.0","record_id":null,"update_time":"2018-09-01T00:00:00.000Z","confidence":null,"between":null,"provider":"microsoft","resource":"ml_buildings","version":"2025-02-25"}],"is_underground":false,"has_parts":false,"version":3}},
{"id":"fa9e0229-8d8f-46a8-97af-38ccab610af9","type":"Feature","geometry":{"type":"Polygon","coordinates":[[[41.0922164,19.1233819],[41.0922111,19.1233486],[41.0923254,19.1233322],[41.0923308,19.1233655],[41.0922164,19.1233819]]]},"properties":{"sources":[{"property":"","dataset":"Microsoft ML Buildings","license":"ODbL-1.0","record_id":null,"update_time":"2018-09-01T00:00:00.000Z","confidence":null,"between":null,"provider":"microsoft","resource":"ml_buildings","version":"2025-02-25"}],"is_underground":false,"has_parts":false,"version":3}},
{"id":"80f07786-cd60-4058-8887-7c48c3e2ea6a","type":"Feature","geometry":{"type":"Polygon","coordinates":[[[41.0893204,19.127498],[41.0893264,19.1275361],[41.0892083,19.1275526],[41.0892023,19.1275145],[41.0893204,19.127498]]]},"properties":{"sources":[{"property":"","dataset":"Microsoft ML Buildings","license":"ODbL-1.0","record_id":null,"update_time":"2018-09-01T00:00:00.000Z","confidence":null,"between":null,"provider":"microsoft","resource":"ml_buildings","version":"2025-02-25"}],"is_underground":false,"has_parts":false,"version":3}},
{"id":"6eb245db-6910-4123-80d8-ddaad7357ab0","type":"Feature","geometry":{"type":"Polygon","coordinates":[[[41.0897313,19.1275617],[41.0897197,19.1275244],[41.0898282,19.1274941],[41.0898399,19.1275314],[41.0897313,19.1275617]]]},"properties":{"sources":[{"property":"","dataset":"Microsoft ML Buildings","license":"ODbL-1.0","record_id":null,"update_time":"2018-09-01T00:00:00.000Z","confidence":null,"between":null,"provider":"microsoft","resource":"ml_buildings","version":"2025-02-25"}],"is_underground":false,"has_parts":false,"version":3}},
{"id":"9e06eb1a-d3fa-4f0f-a73f-0895640710a1","type":"Feature","geometry":{"type":"Polygon","coordinates":[[[41.0897905,19.1272938],[41.0897927,19.1273561],[41.0897457,19.1273576],[41.0897435,19.1272952],[41.0897905,19.1272938]]]},"properties":{"sources":[{"property":"","dataset":"Microsoft ML Buildings","license":"ODbL-1.0","record_id":null,"update_time":"2018-09-01T00:00:00.000Z","confidence":null,"between":null,"provider":"microsoft","resource":"ml_buildings","version":"2025-02-25"}],"is_underground":false,"has_parts":false,"version":3}},
{"id":"983e64d6-8cf5-4e79-ba4a-46c8efaaae46","type":"Feature","geometry":{"type":"Polygon","coordinates":[[[41.0898416,19.1275811],[41.0898318,19.1275538],[41.089886,19.1275364],[41.0898959,19.1275636],[41.0898416,19.1275811]]]},"properties":{"sources":[{"property":"","dataset":"Microsoft ML Buildings","license":"ODbL-1.0","record_id":null,"update_time":"2018-09-01T00:00:00.000Z","confidence":null,"between":null,"provider":"microsoft","resource":"ml_buildings","version":"2025-02-25"}],"is_underground":false,"has_parts":false,"version":3}},
{"id":"c7d652b1-f52f-4503-bdc8-aaac23e0c061","type":"Feature","geometry":{"type":"Polygon","coordinates":[[[41.0898218,19.127135],[41.0897967,19.1270477],[41.0899391,19.1270112],[41.0899642,19.1270985],[41.0898218,19.127135]]]},"properties":{"sources":[{"property":"","dataset":"Microsoft ML Buildings","license":"ODbL-1.0","record_id":null,"update_time":"2018-09-01T00:00:00.000Z","confidence":null,"between":null,"provider":"microsoft","resource":"ml_buildings","version":"2025-02-25"}],"is_underground":false,"has_parts":false,"version":3}},
{"id":"74940c4e-afe4-4076-b913-ed4449f240b3","type":"Feature","geometry":{"type":"Polygon","coordinates":[[[41.0897259,19.1272476],[41.0897196,19.1272221],[41.0897614,19.1272129],[41.0897677,19.1272384],[41.0897259,19.1272476]]]},"properties":{"sources":[{"property":"","dataset":"Microsoft ML Buildings","license":"ODbL-1.0","record_id":null,"update_time":"2018-09-01T00:00:00.000Z","confidence":null,"between":null,"provider":"microsoft","resource":"ml_buildings","version":"2025-02-25"}],"is_underground":false,"has_parts":false,"version":3}},
{"id":"c8407512-633c-460c-afd5-91c3cb8f4e0b","type":"Feature","geometry":{"type":"Polygon","coordinates":[[[41.0894893,19.1271022],[41.0896648,19.1270668],[41.0897344,19.1273745],[41.0896769,19.1273862],[41.089661,19.1273159],[41.089602,19.1273278],[41.0895943,19.1272939],[41.0895353,19.1273058],[41.0894893,19.1271022]]]},"properties":{"sources":[{"property":"","dataset":"Microsoft ML Buildings","license":"ODbL-1.0","record_id":null,"update_time":"2018-09-01T00:00:00.000Z","confidence":null,"between":null,"provider":"microsoft","resource":"ml_buildings","version":"2025-02-25"}],"is_underground":false,"has_parts":false,"version":3}},
{"id":"13f6b051-0b97-4d39-b53e-0f1eeec193cd","type":"Feature","geometry":{"type":"Polygon","coordinates":[[[41.0893903,19.1267483],[41.0898186,19.126656],[41.0898326,19.1267138],[41.0894042,19.1268061],[41.0893903,19.1267483]]]},"properties":{"sources":[{"property":"","dataset":"Microsoft ML Buildings","license":"ODbL-1.0","record_id":null,"update_time":"2018-09-01T00:00:00.000Z","confidence":null,"between":null,"provider":"microsoft","resource":"ml_buildings","version":"2025-02-25"}],"is_underground":false,"has_parts":false,"version":3}},
{"id":"70f35ecc-bff3-4b0a-b3c1-7f3007f2fc58","type":"Feature","geometry":{"type":"Polygon","coordinates":[[[41.0893738,19.1263282],[41.089562,19.1263085],[41.0895749,19.1264186],[41.0893868,19.1264383],[41.0893738,19.1263282]]]},"properties":{"sources":[{"property":"","dataset":"Microsoft ML Buildings","license":"ODbL-1.0","record_id":null,"update_time":"2018-09-01T00:00:00.000Z","confidence":null,"between":null,"provider":"microsoft","resource":"ml_buildings","version":"2025-02-25"}],"is_underground":false,"has_parts":false,"version":3}},
{"id":"520e4704-725f-47a7-ad2d-ace98d191bd7","type":"Feature","geometry":{"type":"Polygon","coordinates":[[[41.08971,19.1261708],[41.0897066,19.1260899],[41.089795,19.1260865],[41.0897984,19.1261675],[41.08971,19.1261708]]]},"properties":{"sources":[{"property":"","dataset":"Microsoft ML Buildings","license":"ODbL-1.0","record_id":null,"update_time":"2018-09-01T00:00:00.000Z","confidence":null,"between":null,"provider":"microsoft","resource":"ml_buildings","version":"2025-02-25"}],"is_underground":false,"has_parts":false,"version":3}},
{"id":"34f38439-ca34-4f06-be58-71438a0a916d","type":"Feature","geometry":{"type":"Polygon","coordinates":[[[41.0908972,19.1232139],[41.0909071,19.1232586],[41.0908763,19.1232647],[41.0908664,19.12322],[41.0908972,19.1232139]]]},"properties":{"sources":[{"property":"","dataset":"Microsoft ML Buildings","license":"ODbL-1.0","record_id":null,"update_time":"2018-09-01T00:00:00.000Z","confidence":null,"between":null,"provider":"microsoft","resource":"ml_buildings","version":"2025-02-25"}],"is_underground":false,"has_parts":false,"version":3}},
{"id":"0849da1f-c215-411a-a1e0-82324f2c4666","type":"Feature","geometry":{"type":"Polygon","coordinates":[[[41.0903957,19.1234364],[41.0904169,19.1235416],[41.0903564,19.1235525],[41.0903352,19.1234473],[41.0903957,19.1234364]]]},"properties":{"sources":[{"property":"","dataset":"Microsoft ML Buildings","license":"ODbL-1.0","record_id":null,"update_time":"2018-09-01T00:00:00.000Z","confidence":null,"between":null,"provider":"microsoft","resource":"ml_buildings","version":"2025-02-25"}],"is_underground":false,"has_parts":false,"version":3}},
{"id":"d79fc4d7-99ad-4ace-8998-70a08c744ec2","type":"Feature","geometry":{"type":"Polygon","coordinates":[[[41.0902194,19.1234391],[41.0902572,19.1235604],[41.090086,19.123608],[41.0900482,19.1234868],[41.0902194,19.1234391]]]},"properties":{"sources":[{"property":"","dataset":"Microsoft ML Buildings","license":"ODbL-1.0","record_id":null,"update_time":"2018-09-01T00:00:00.000Z","confidence":null,"between":null,"provider":"microsoft","resource":"ml_buildings","version":"2025-02-25"}],"is_underground":false,"has_parts":false,"version":3}},
{"id":"cea5133d-8a52-4250-bfc7-7000a355e993","type":"Feature","geometry":{"type":"Polygon","coordinates":[[[41.0900787,19.1234519],[41.0900569,19.1233208],[41.0901695,19.1233041],[41.0901912,19.1234352],[41.0900787,19.1234519]]]},"properties":{"sources":[{"property":"","dataset":"Microsoft ML Buildings","license":"ODbL-1.0","record_id":null,"update_time":"2018-09-01T00:00:00.000Z","confidence":null,"between":null,"provider":"microsoft","resource":"ml_buildings","version":"2025-02-25"}],"is_underground":false,"has_parts":false,"version":3}},
{"id":"b568f4db-1444-44b6-abd0-07dbc6ff71a9","type":"Feature","geometry":{"type":"Polygon","coordinates":[[[41.0899578,19.1236389],[41.089922,19.1235275],[41.0900384,19.1234941],[41.0900741,19.1236055],[41.0899578,19.1236389]]]},"properties":{"sources":[{"property":"","dataset":"Microsoft ML Buildings","license":"ODbL-1.0","record_id":null,"update_time":"2018-09-01T00:00:00.000Z","confidence":null,"between":null,"provider":"microsoft","resource":"ml_buildings","version":"2025-02-25"}],"is_underground":false,"has_parts":false,"version":3}},
{"id":"849419a5-a8da-4ec8-9eb1-9f362d393dc9","type":"Feature","geometry":{"type":"Polygon","coordinates":[[[41.0895661,19.1237318],[41.0895592,19.1236872],[41.0895976,19.1236819],[41.0896045,19.1237265],[41.0895661,19.1237318]]]},"properties":{"sources":[{"property":"","dataset":"Microsoft ML Buildings","license":"ODbL-1.0","record_id":null,"update_time":"2018-09-01T00:00:00.000Z","confidence":null,"between":null,"provider":"microsoft","resource":"ml_buildings","version":"2025-02-25"}],"is_underground":false,"has_parts":false,"version":3}},
{"id":"495a5ac5-eddb-4e33-a74e-0461a0e006f7","type":"Feature","geometry":{"type":"Polygon","coordinates":[[[41.089795,19.1236419],[41.0898012,19.123679],[41.0897541,19.123686],[41.0897537,19.1236836],[41.0897118,19.1236898],[41.089706,19.1236552],[41.089795,19.1236419]]]},"properties":{"sources":[{"property":"","dataset":"Microsoft ML Buildings","license":"ODbL-1.0","record_id":null,"update_time":"2018-09-01T00:00:00.000Z","confidence":null,"between":null,"provider":"microsoft","resource":"ml_buildings","version":"2025-02-25"}],"is_underground":false,"has_parts":false,"version":3}},
{"id":"27f4edec-148f-4348-a17d-315d52cb0fe7","type":"Feature","geometry":{"type":"Polygon","coordinates":[[[41.0895786,19.1234396],[41.0897708,19.1233901],[41.0898212,19.1235646],[41.0896289,19.1236141],[41.0895786,19.1234396]]]},"properties":{"sources":[{"property":"","dataset":"Microsoft ML Buildings","license":"ODbL-1.0","record_id":null,"update_time":"2018-09-01T00:00:00.000Z","confidence":null,"between":null,"provider":"microsoft","resource":"ml_buildings","version":"2025-02-25"}],"is_underground":false,"has_parts":false,"version":3}},
{"id":"184e6a9a-e0c7-44bd-8f99-8f6b3522cf16","type":"Feature","geometry":{"type":"Polygon","coordinates":[[[41.0894453,19.1234133],[41.0893648,19.1230517],[41.0895996,19.1230051],[41.0896801,19.1233667],[41.0894453,19.1234133]]]},"properties":{"sources":[{"property":"","dataset":"Microsoft ML Buildings","license":"ODbL-1.0","record_id":null,"update_time":"2018-09-01T00:00:00.000Z","confidence":null,"between":null,"provider":"microsoft","resource":"ml_buildings","version":"2025-02-25"}],"is_underground":false,"has_parts":false,"version":3}},
{"id":"51b5dc0a-3e81-44f6-a89e-cb9f56dd17dd","type":"Feature","geometry":{"type":"Polygon","coordinates":[[[41.0891577,19.1240297],[41.0892319,19.1240121],[41.0892443,19.1240589],[41.0891701,19.1240765],[41.0891577,19.1240297]]]},"properties":{"sources":[{"property":"","dataset":"Microsoft ML Buildings","license":"ODbL-1.0","record_id":null,"update_time":"2018-09-01T00:00:00.000Z","confidence":null,"between":null,"provider":"microsoft","resource":"ml_buildings","version":"2025-02-25"}],"is_underground":false,"has_parts":false,"version":3}},
{"id":"409f9827-6934-4359-8f5b-1daa1c244b16","type":"Feature","geometry":{"type":"Polygon","coordinates":[[[41.0892627,19.1240771],[41.0892485,19.1240302],[41.0894578,19.1239738],[41.0894719,19.1240207],[41.0892627,19.1240771]]]},"properties":{"sources":[{"property":"","dataset":"Microsoft ML Buildings","license":"ODbL-1.0","record_id":null,"update_time":"2018-09-01T00:00:00.000Z","confidence":null,"between":null,"provider":"microsoft","resource":"ml_buildings","version":"2025-02-25"}],"is_underground":false,"has_parts":false,"version":3}},
{"id":"954a3486-bbaa-4cbf-aabf-85ab408a0b97","type":"Feature","geometry":{"type":"Polygon","coordinates":[[[41.0897916,19.1240458],[41.0897538,19.1239054],[41.0898555,19.1238809],[41.0898933,19.1240213],[41.0897916,19.1240458]]]},"properties":{"sources":[{"property":"","dataset":"Microsoft ML Buildings","license":"ODbL-1.0","record_id":null,"update_time":"2018-09-01T00:00:00.000Z","confidence":null,"between":null,"provider":"microsoft","resource":"ml_buildings","version":"2025-02-25"}],"is_underground":false,"has_parts":false,"version":3}},
{"id":"77cec149-dae0-4d5c-aa31-21b849e90b21","type":"Feature","geometry":{"type":"Polygon","coordinates":[[[41.0896632,19.1240587],[41.0897319,19.1243349],[41.0896159,19.1243607],[41.0895473,19.1240845],[41.0896632,19.1240587]]]},"properties":{"sources":[{"property":"","dataset":"Microsoft ML Buildings","license":"ODbL-1.0","record_id":null,"update_time":"2018-09-01T00:00:00.000Z","confidence":null,"between":null,"provider":"microsoft","resource":"ml_buildings","version":"2025-02-25"}],"is_underground":false,"has_parts":false,"version":3}},
{"id":"25d080b9-843d-4209-b267-510022654371","type":"Feature","geometry":{"type":"Polygon","coordinates":[[[41.0894702,19.124399],[41.0893977,19.1241192],[41.0895142,19.1240923],[41.0895866,19.1243721],[41.0894702,19.124399]]]},"properties":{"sources":[{"property":"","dataset":"Microsoft ML Buildings","license":"ODbL-1.0","record_id":null,"update_time":"2018-09-01T00:00:00.000Z","confidence":null,"between":null,"provider":"microsoft","resource":"ml_buildings","version":"2025-02-25"}],"is_underground":false,"has_parts":false,"version":3}},
{"id":"3ec293b9-da17-4412-aee0-2add221ad123","type":"Feature","geometry":{"type":"Polygon","coordinates":[[[41.0899636,19.1249403],[41.0894627,19.1250267],[41.0894262,19.1248379],[41.0892221,19.1248731],[41.0892538,19.1250374],[41.0888583,19.1251057],[41.0887879,19.1247412],[41.0894809,19.1246216],[41.0894637,19.1245324],[41.0898488,19.1244659],[41.0898957,19.1247087],[41.0899181,19.1247049],[41.0899636,19.1249403]]]},"properties":{"sources":[{"property":"","dataset":"Microsoft ML Buildings","license":"ODbL-1.0","record_id":null,"update_time":"2018-09-01T00:00:00.000Z","confidence":null,"between":null,"provider":"microsoft","resource":"ml_buildings","version":"2025-02-25"}],"is_underground":false,"has_parts":false,"version":3}},
{"id":"8a5a0e5e-981f-4b72-ae22-b7b3016cd127","type":"Feature","geometry":{"type":"Polygon","coordinates":[[[41.0896904,19.1257998],[41.0897117,19.125881],[41.0895434,19.1259204],[41.0895008,19.1257581],[41.0895867,19.1257379],[41.089608,19.1258191],[41.0896904,19.1257998]]]},"properties":{"sources":[{"property":"","dataset":"Microsoft ML Buildings","license":"ODbL-1.0","record_id":null,"update_time":"2018-09-01T00:00:00.000Z","confidence":null,"between":null,"provider":"microsoft","resource":"ml_buildings","version":"2025-02-25"}],"is_underground":false,"has_parts":false,"version":3}},
{"id":"7049634c-5e5d-4222-abb6-05dd53c6a265","type":"Feature","geometry":{"type":"Polygon","coordinates":[[[41.0897813,19.1254652],[41.0897986,19.1255128],[41.0897473,19.1255294],[41.08973,19.1254818],[41.0897813,19.1254652]]]},"properties":{"sources":[{"property":"","dataset":"Microsoft ML Buildings","license":"ODbL-1.0","record_id":null,"update_time":"2018-09-01T00:00:00.000Z","confidence":null,"between":null,"provider":"microsoft","resource":"ml_buildings","version":"2025-02-25"}],"is_underground":false,"has_parts":false,"version":3}},
{"id":"ed9fe06a-1742-4bf2-a917-fa12158940e7","type":"Feature","geometry":{"type":"Polygon","coordinates":[[[41.0893798,19.1254498],[41.089646,19.1253948],[41.0897037,19.1256439],[41.0894375,19.1256989],[41.0893798,19.1254498]]]},"properties":{"sources":[{"property":"","dataset":"Microsoft ML Buildings","license":"ODbL-1.0","record_id":null,"update_time":"2018-09-01T00:00:00.000Z","confidence":null,"between":null,"provider":"microsoft","resource":"ml_buildings","version":"2025-02-25"}],"is_underground":false,"has_parts":false,"version":3}},
{"id":"a9d48c21-72d1-4bdc-82a8-3fddd230599b","type":"Feature","geometry":{"type":"Polygon","coordinates":[[[41.088727,19.1256568],[41.0888027,19.1256448],[41.0888388,19.1258485],[41.0887631,19.1258605],[41.088727,19.1256568]]]},"properties":{"sources":[{"property":"","dataset":"Microsoft ML Buildings","license":"ODbL-1.0","record_id":null,"update_time":"2018-09-01T00:00:00.000Z","confidence":null,"between":null,"provider":"microsoft","resource":"ml_buildings","version":"2025-02-25"}],"is_underground":false,"has_parts":false,"version":3}},
{"id":"6fd199be-88bd-4c47-9d8f-437eb9b7da01","type":"Feature","geometry":{"type":"Polygon","coordinates":[[[41.0888606,19.1255747],[41.0891256,19.1255231],[41.0891797,19.125771],[41.0889147,19.1258226],[41.0888606,19.1255747]]]},"properties":{"sources":[{"property":"","dataset":"Microsoft ML Buildings","license":"ODbL-1.0","record_id":null,"update_time":"2018-09-01T00:00:00.000Z","confidence":null,"between":null,"provider":"microsoft","resource":"ml_buildings","version":"2025-02-25"}],"is_underground":false,"has_parts":false,"version":3}},
{"id":"5a195a9d-f8fc-49e3-92a7-5f71ea755470","type":"Feature","geometry":{"type":"Polygon","coordinates":[[[41.0874946,19.1251651],[41.0880555,19.1250262],[41.0884416,19.1264171],[41.0878804,19.1265561],[41.0874946,19.1251651]]]},"properties":{"sources":[{"property":"","dataset":"OpenStreetMap","license":"ODbL-1.0","record_id":"w1063328608@1","update_time":"2022-05-24T16:10:30.000Z","confidence":null,"between":null,"provider":"osm","resource":"planet","version":"2026-08-02T00:00:00.000Z"}],"is_underground":false,"has_parts":false,"version":1}},
{"id":"66c5c114-ead2-4dce-8279-dc2a89b4154a","type":"Feature","geometry":{"type":"Polygon","coordinates":[[[41.0883114,19.1250441],[41.0883553,19.1252068],[41.08831,19.1252177],[41.0882661,19.125055],[41.0883114,19.1250441]]]},"properties":{"sources":[{"property":"","dataset":"Microsoft ML Buildings","license":"ODbL-1.0","record_id":null,"update_time":"2018-09-01T00:00:00.000Z","confidence":null,"between":null,"provider":"microsoft","resource":"ml_buildings","version":"2025-02-25"}],"is_underground":false,"has_parts":false,"version":3}},
{"id":"7e526e69-6e02-4ae6-877b-8250481845f0","type":"Feature","geometry":{"type":"Polygon","coordinates":[[[41.0881983,19.1248653],[41.0882469,19.1248552],[41.0882637,19.1249278],[41.0882151,19.1249379],[41.0881983,19.1248653]]]},"properties":{"sources":[{"property":"","dataset":"Microsoft ML Buildings","license":"ODbL-1.0","record_id":null,"update_time":"2018-09-01T00:00:00.000Z","confidence":null,"between":null,"provider":"microsoft","resource":"ml_buildings","version":"2025-02-25"}],"is_underground":false,"has_parts":false,"version":3}},
{"id":"fba1a93f-fce6-4cd7-8399-449244a5762c","type":"Feature","geometry":{"type":"Polygon","coordinates":[[[41.0887004,19.1246813],[41.0886768,19.1245368],[41.088779,19.1245219],[41.0888026,19.1246664],[41.0887004,19.1246813]]]},"properties":{"sources":[{"property":"","dataset":"Microsoft ML Buildings","license":"ODbL-1.0","record_id":null,"update_time":"2018-09-01T00:00:00.000Z","confidence":null,"between":null,"provider":"microsoft","resource":"ml_buildings","version":"2025-02-25"}],"is_underground":false,"has_parts":false,"version":3}},
{"id":"1d54ce59-073e-48dc-9d3b-780e350335d6","type":"Feature","geometry":{"type":"Polygon","coordinates":[[[41.0886738,19.1247948],[41.0887389,19.1250699],[41.0884554,19.1251298],[41.0883903,19.1248547],[41.0886738,19.1247948]]]},"properties":{"sources":[{"property":"","dataset":"Microsoft ML Buildings","license":"ODbL-1.0","record_id":null,"update_time":"2018-09-01T00:00:00.000Z","confidence":null,"between":null,"provider":"microsoft","resource":"ml_buildings","version":"2025-02-25"}],"is_underground":false,"has_parts":false,"version":3}},
{"id":"966f3ce0-7394-424a-9cbf-d2b4c99ee74d","type":"Feature","geometry":{"type":"Polygon","coordinates":[[[41.0889147,19.1245262],[41.0888799,19.1243887],[41.0890711,19.1243455],[41.0891059,19.124483],[41.0889147,19.1245262]]]},"properties":{"sources":[{"property":"","dataset":"Microsoft ML Buildings","license":"ODbL-1.0","record_id":null,"update_time":"2018-09-01T00:00:00.000Z","confidence":null,"between":null,"provider":"microsoft","resource":"ml_buildings","version":"2025-02-25"}],"is_underground":false,"has_parts":false,"version":3}},
{"id":"41eb7663-2015-444d-8254-b8c10d4ef766","type":"Feature","geometry":{"type":"Polygon","coordinates":[[[41.0887053,19.1245084],[41.0886496,19.1245144],[41.0886329,19.1243742],[41.0886885,19.1243683],[41.0887053,19.1245084]]]},"properties":{"sources":[{"property":"","dataset":"Microsoft ML Buildings","license":"ODbL-1.0","record_id":null,"update_time":"2018-09-01T00:00:00.000Z","confidence":null,"between":null,"provider":"microsoft","resource":"ml_buildings","version":"2025-02-25"}],"is_underground":false,"has_parts":false,"version":3}},
{"id":"71ea2f58-9565-4825-b46b-5b4098756f24","type":"Feature","geometry":{"type":"Polygon","coordinates":[[[41.0886497,19.1242586],[41.0886278,19.1241563],[41.0887799,19.1241273],[41.0888144,19.1242888],[41.0886495,19.1243203],[41.0886368,19.124261],[41.0886497,19.1242586]]]},"properties":{"sources":[{"property":"","dataset":"Microsoft ML Buildings","license":"ODbL-1.0","record_id":null,"update_time":"2018-09-01T00:00:00.000Z","confidence":null,"between":null,"provider":"microsoft","resource":"ml_buildings","version":"2025-02-25"}],"is_underground":false,"has_parts":false,"version":3}},
{"id":"d7ef2ade-edfa-4177-b09f-dc87ae451c73","type":"Feature","geometry":{"type":"Polygon","coordinates":[[[41.0889768,19.1241053],[41.0889698,19.1240818],[41.089032,19.1240654],[41.089039,19.1240889],[41.0889768,19.1241053]]]},"properties":{"sources":[{"property":"","dataset":"Microsoft ML Buildings","license":"ODbL-1.0","record_id":null,"update_time":"2018-09-01T00:00:00.000Z","confidence":null,"between":null,"provider":"microsoft","resource":"ml_buildings","version":"2025-02-25"}],"is_underground":false,"has_parts":false,"version":3}},
{"id":"f0ecfc14-61e5-468a-8323-783e22e67243","type":"Feature","geometry":{"type":"Polygon","coordinates":[[[41.0864556,19.1239343],[41.0876742,19.1236268],[41.0878214,19.1241471],[41.0866029,19.1244548],[41.0864556,19.1239343]]]},"properties":{"sources":[{"property":"","dataset":"OpenStreetMap","license":"ODbL-1.0","record_id":"w1063328612@1","update_time":"2022-05-24T16:10:30.000Z","confidence":null,"between":null,"provider":"osm","resource":"planet","version":"2026-08-02T00:00:00.000Z"}],"is_underground":false,"has_parts":false,"version":1}},
{"id":"3242ae09-79ab-447e-b739-8a0e726dc9d7","type":"Feature","geometry":{"type":"Polygon","coordinates":[[[41.0861645,19.1228694],[41.0867145,19.1227339],[41.0869778,19.1236871],[41.0864277,19.1238227],[41.0861645,19.1228694]]]},"properties":{"sources":[{"property":"","dataset":"OpenStreetMap","license":"ODbL-1.0","record_id":"w1063328613@1","update_time":"2022-05-24T16:10:30.000Z","confidence":null,"between":null,"provider":"osm","resource":"planet","version":"2026-08-02T00:00:00.000Z"}],"is_underground":false,"has_parts":false,"version":1}},
{"id":"77ef8a83-086c-4228-820f-a13b7ea1f431","type":"Feature","geometry":{"type":"Polygon","coordinates":[[[41.0860344,19.1247902],[41.0864673,19.1246781],[41.0865681,19.1250257],[41.0861352,19.1251378],[41.0860675,19.1249042],[41.0860344,19.1247902]]]},"properties":{"sources":[{"property":"","dataset":"OpenStreetMap","license":"ODbL-1.0","record_id":"w1063328610@2","update_time":"2022-05-24T16:27:43.000Z","confidence":null,"between":null,"provider":"osm","resource":"planet","version":"2026-08-02T00:00:00.000Z"}],"is_underground":false,"has_parts":false,"version":1}},
{"id":"f8092abd-7d48-4ecd-8013-f927ad44f8d7","type":"Feature","geometry":{"type":"Polygon","coordinates":[[[41.0873202,19.1244506],[41.0878753,19.124321],[41.0880127,19.1248468],[41.0874576,19.1249764],[41.0873202,19.1244506]]]},"properties":{"sources":[{"property":"","dataset":"OpenStreetMap","license":"ODbL-1.0","record_id":"w1063328606@1","update_time":"2022-05-24T16:10:30.000Z","confidence":null,"between":null,"provider":"osm","resource":"planet","version":"2026-08-02T00:00:00.000Z"}],"is_underground":false,"has_parts":false,"version":1}},
{"id":"e22f6cc5-b4de-41da-b50a-da9aeba1eeb0","type":"Feature","geometry":{"type":"Polygon","coordinates":[[[41.0867345,19.124998],[41.0872874,19.1248585],[41.0874344,19.125379],[41.0868816,19.1255185],[41.0867345,19.124998]]]},"properties":{"sources":[{"property":"","dataset":"OpenStreetMap","license":"ODbL-1.0","record_id":"w1063328609@1","update_time":"2022-05-24T16:10:30.000Z","confidence":null,"between":null,"provider":"osm","resource":"planet","version":"2026-08-02T00:00:00.000Z"}],"is_underground":false,"has_parts":false,"version":1}},
{"id":"c81101ff-74a9-4432-bc4b-302dcd221510","type":"Feature","geometry":{"type":"Polygon","coordinates":[[[41.086175,19.1252616],[41.0866046,19.1251469],[41.0870156,19.1267353],[41.0865626,19.1267529],[41.086175,19.1252616]]]},"properties":{"sources":[{"property":"","dataset":"OpenStreetMap","license":"ODbL-1.0","record_id":"w1063328602@1","update_time":"2022-05-24T16:10:30.000Z","confidence":null,"between":null,"provider":"osm","resource":"planet","version":"2026-08-02T00:00:00.000Z"}],"is_underground":false,"has_parts":false,"version":1}},
{"id":"6ca511a1-86c2-4ca2-95fc-cd7937b9288d","type":"Feature","geometry":{"type":"Polygon","coordinates":[[[41.086404,19.1269132],[41.0866202,19.1269061],[41.0866335,19.1272689],[41.0864173,19.127276],[41.086404,19.1269132]]]},"properties":{"sources":[{"property":"","dataset":"OpenStreetMap","license":"ODbL-1.0","record_id":"w1063328581@1","update_time":"2022-05-24T16:10:30.000Z","confidence":null,"between":null,"provider":"osm","resource":"planet","version":"2026-08-02T00:00:00.000Z"}],"is_underground":false,"has_parts":false,"version":1}},
{"id":"fc43bf48-0bb6-4280-a66c-8cf16403fd87","type":"Feature","geometry":{"type":"Polygon","coordinates":[[[41.0866371,19.1268889],[41.0869628,19.1268849],[41.0869674,19.1272176],[41.0866417,19.1272216],[41.0866371,19.1268889]]]},"properties":{"sources":[{"property":"","dataset":"OpenStreetMap","license":"ODbL-1.0","record_id":"w1063328580@1","update_time":"2022-05-24T16:10:30.000Z","confidence":null,"between":null,"provider":"osm","resource":"planet","version":"2026-08-02T00:00:00.000Z"}],"is_underground":false,"has_parts":false,"version":1}},
{"id":"f4443af4-c519-459d-91e2-9ecbbec7e873","type":"Feature","geometry":{"type":"Polygon","coordinates":[[[41.0868924,19.125614],[41.0874557,19.1254765],[41.088099,19.1278283],[41.0875352,19.1279659],[41.0868924,19.125614]]]},"properties":{"sources":[{"property":"","dataset":"OpenStreetMap","license":"ODbL-1.0","record_id":"w1063328604@1","update_time":"2022-05-24T16:10:30.000Z","confidence":null,"between":null,"provider":"osm","resource":"planet","version":"2026-08-02T00:00:00.000Z"}],"is_underground":false,"has_parts":false,"version":1}},
{"id":"a6d96560-078e-4bf7-94d0-9eeed3b38ba8","type":"Feature","geometry":{"type":"Polygon","coordinates":[[[41.0887787,19.1259492],[41.0887835,19.1259935],[41.0886853,19.1260029],[41.0886805,19.1259587],[41.0887787,19.1259492]]]},"properties":{"sources":[{"property":"","dataset":"Microsoft ML Buildings","license":"ODbL-1.0","record_id":null,"update_time":"2018-09-01T00:00:00.000Z","confidence":null,"between":null,"provider":"microsoft","resource":"ml_buildings","version":"2025-02-25"}],"is_underground":false,"has_parts":false,"version":3}},
{"id":"8805d434-0b9e-4b6d-99a7-5f88126f5117","type":"Feature","geometry":{"type":"Polygon","coordinates":[[[41.0887476,19.1269595],[41.0886123,19.1264036],[41.0895253,19.1262052],[41.0895458,19.1262894],[41.0887245,19.1264679],[41.0888176,19.1268506],[41.0892482,19.126757],[41.0892693,19.1268437],[41.0889534,19.1269123],[41.088954,19.1269147],[41.0887476,19.1269595]]]},"properties":{"sources":[{"property":"","dataset":"Microsoft ML Buildings","license":"ODbL-1.0","record_id":null,"update_time":"2018-09-01T00:00:00.000Z","confidence":null,"between":null,"provider":"microsoft","resource":"ml_buildings","version":"2025-02-25"}],"is_underground":false,"has_parts":false,"version":3}},
{"id":"875b7102-f34e-4908-a50b-62f8dce4a181","type":"Feature","geometry":{"type":"Polygon","coordinates":[[[41.089196,19.1264902],[41.089229,19.1266303],[41.0891779,19.126641],[41.0891696,19.1266057],[41.0888936,19.1266638],[41.0888689,19.1265591],[41.089196,19.1264902]]]},"properties":{"sources":[{"property":"","dataset":"Microsoft ML Buildings","license":"ODbL-1.0","record_id":null,"update_time":"2018-09-01T00:00:00.000Z","confidence":null,"between":null,"provider":"microsoft","resource":"ml_buildings","version":"2025-02-25"}],"is_underground":false,"has_parts":false,"version":3}},
{"id":"b7f23163-f8e7-4d91-8014-367e1550bf19","type":"Feature","geometry":{"type":"Polygon","coordinates":[[[41.0879385,19.126847],[41.0884968,19.1267021],[41.0887471,19.1275629],[41.0881886,19.1277078],[41.0879385,19.126847]]]},"properties":{"sources":[{"property":"","dataset":"OpenStreetMap","license":"ODbL-1.0","record_id":"w1063328605@1","update_time":"2022-05-24T16:10:30.000Z","confidence":null,"between":null,"provider":"osm","resource":"planet","version":"2026-08-02T00:00:00.000Z"}],"is_underground":false,"has_parts":false,"version":1}},
{"id":"6055314c-195c-43d2-8469-9d01b0944ed9","type":"Feature","geometry":{"type":"Polygon","coordinates":[[[41.0891873,19.127562],[41.0890534,19.1275672],[41.0890517,19.1275268],[41.0891856,19.1275215],[41.0891873,19.127562]]]},"properties":{"sources":[{"property":"","dataset":"Microsoft ML Buildings","license":"ODbL-1.0","record_id":null,"update_time":"2018-09-01T00:00:00.000Z","confidence":null,"between":null,"provider":"microsoft","resource":"ml_buildings","version":"2025-02-25"}],"is_underground":false,"has_parts":false,"version":3}},
{"id":"c788aa12-b487-490d-9ed5-d133e1cae298","type":"Feature","geometry":{"type":"Polygon","coordinates":[[[41.0871356,19.1276674],[41.0871209,19.1276164],[41.0872269,19.1275892],[41.0872416,19.1276401],[41.0871356,19.1276674]]]},"properties":{"sources":[{"property":"","dataset":"Microsoft ML Buildings","license":"ODbL-1.0","record_id":null,"update_time":"2018-09-01T00:00:00.000Z","confidence":null,"between":null,"provider":"microsoft","resource":"ml_buildings","version":"2025-02-25"}],"is_underground":false,"has_parts":false,"version":3}},
{"id":"f53586bf-4a39-4d1d-8038-05c0e16e92a4","type":"Feature","geometry":{"type":"Polygon","coordinates":[[[41.0870493,19.1276434],[41.087062,19.1276884],[41.0869456,19.1277176],[41.0869329,19.1276726],[41.0870493,19.1276434]]]},"properties":{"sources":[{"property":"","dataset":"Microsoft ML Buildings","license":"ODbL-1.0","record_id":null,"update_time":"2018-09-01T00:00:00.000Z","confidence":null,"between":null,"provider":"microsoft","resource":"ml_buildings","version":"2025-02-25"}],"is_underground":false,"has_parts":false,"version":3}},
{"id":"de69ea1f-9daf-4987-8f35-10718bacfa11","type":"Feature","geometry":{"type":"Polygon","coordinates":[[[41.0872434,19.1276733],[41.0873158,19.1279276],[41.0871552,19.1279684],[41.0870828,19.1277141],[41.0872434,19.1276733]]]},"properties":{"sources":[{"property":"","dataset":"OpenStreetMap","license":"ODbL-1.0","record_id":"w1063328587@1","update_time":"2022-05-24T16:10:30.000Z","confidence":null,"between":null,"provider":"osm","resource":"planet","version":"2026-08-02T00:00:00.000Z"}],"is_underground":false,"has_parts":false,"version":1}},
{"id":"f20522f7-a776-485a-99ef-c3539b375cfc","type":"Feature","geometry":{"type":"Polygon","coordinates":[[[41.0869836,19.1279287],[41.0870143,19.1279932],[41.0869707,19.1280118],[41.08694,19.1279473],[41.0869836,19.1279287]]]},"properties":{"sources":[{"property":"","dataset":"Microsoft ML Buildings","license":"ODbL-1.0","record_id":null,"update_time":"2018-09-01T00:00:00.000Z","confidence":null,"between":null,"provider":"microsoft","resource":"ml_buildings","version":"2025-02-25"}],"is_underground":false,"has_parts":false,"version":3}},
{"id":"162676e7-86b0-4e8d-9060-a694fc4c034c","type":"Feature","geometry":{"type":"Polygon","coordinates":[[[41.0869644,19.1278238],[41.0869884,19.1279063],[41.0869409,19.1279186],[41.086917,19.1278361],[41.0869644,19.1278238]]]},"properties":{"sources":[{"property":"","dataset":"Microsoft ML Buildings","license":"ODbL-1.0","record_id":null,"update_time":"2018-09-01T00:00:00.000Z","confidence":null,"between":null,"provider":"microsoft","resource":"ml_buildings","version":"2025-02-25"}],"is_underground":false,"has_parts":false,"version":3}},
{"id":"88d6cc52-c6fa-41a8-8443-5057932cab4f","type":"Feature","geometry":{"type":"Polygon","coordinates":[[[41.0866212,19.1279458],[41.0868201,19.127894],[41.0868485,19.1279914],[41.0866496,19.1280431],[41.0866212,19.1279458]]]},"properties":{"sources":[{"property":"","dataset":"OpenStreetMap","license":"ODbL-1.0","record_id":"w1063328584@1","update_time":"2022-05-24T16:10:30.000Z","confidence":null,"between":null,"provider":"osm","resource":"planet","version":"2026-08-02T00:00:00.000Z"}],"is_underground":false,"has_parts":false,"version":1}},
{"id":"588ff397-4756-4c68-bd95-e6c2087cfd22","type":"Feature","geometry":{"type":"Polygon","coordinates":[[[41.0865712,19.1274237],[41.0867271,19.1273884],[41.0867752,19.127578],[41.0866193,19.1276133],[41.0865712,19.1274237]]]},"properties":{"sources":[{"property":"","dataset":"OpenStreetMap","license":"ODbL-1.0","record_id":"w1063328586@1","update_time":"2022-05-24T16:10:30.000Z","confidence":null,"between":null,"provider":"osm","resource":"planet","version":"2026-08-02T00:00:00.000Z"}],"is_underground":false,"has_parts":false,"version":1}},
{"id":"7bf086ce-d92d-4687-ad9d-e8d8aaec5257","type":"Feature","geometry":{"type":"Polygon","coordinates":[[[41.08641,19.127572],[41.0864797,19.1275591],[41.0864559,19.1274444],[41.086505,19.1274353],[41.0865278,19.1275451],[41.0865019,19.1275499],[41.0865252,19.1276621],[41.0864322,19.1276793],[41.08641,19.127572]]]},"properties":{"sources":[{"property":"","dataset":"Microsoft ML Buildings","license":"ODbL-1.0","record_id":null,"update_time":"2018-09-01T00:00:00.000Z","confidence":null,"between":null,"provider":"microsoft","resource":"ml_buildings","version":"2025-02-25"}],"is_underground":false,"has_parts":false,"version":3}},
{"id":"9e87b6cf-30f7-4611-a1f7-cc6385441472","type":"Feature","geometry":{"type":"Polygon","coordinates":[[[41.0863,19.1276041],[41.0863971,19.1275787],[41.0864255,19.1276751],[41.0863284,19.1277006],[41.0863,19.1276041]]]},"properties":{"sources":[{"property":"","dataset":"Microsoft ML Buildings","license":"ODbL-1.0","record_id":null,"update_time":"2018-09-01T00:00:00.000Z","confidence":null,"between":null,"provider":"microsoft","resource":"ml_buildings","version":"2025-02-25"}],"is_underground":false,"has_parts":false,"version":3}},
{"id":"39aa7068-6c7f-4628-bf6a-6b715003b6c0","type":"Feature","geometry":{"type":"Polygon","coordinates":[[[41.0863666,19.1278241],[41.0864001,19.1279651],[41.086158,19.1280164],[41.0861245,19.1278754],[41.0863666,19.1278241]]]},"properties":{"sources":[{"property":"","dataset":"OpenStreetMap","license":"ODbL-1.0","record_id":"w1063328585@1","update_time":"2022-05-24T16:10:30.000Z","confidence":null,"between":null,"provider":"osm","resource":"planet","version":"2026-08-02T00:00:00.000Z"}],"is_underground":false,"has_parts":false,"version":1}},
{"id":"af26307f-a831-474c-90d1-0fb81c7b7e02","type":"Feature","geometry":{"type":"Polygon","coordinates":[[[41.0861418,19.1280723],[41.0864375,19.1279996],[41.0865008,19.1282297],[41.0862052,19.1283024],[41.0861418,19.1280723]]]},"properties":{"sources":[{"property":"","dataset":"OpenStreetMap","license":"ODbL-1.0","record_id":"w1063328588@1","update_time":"2022-05-24T16:10:30.000Z","confidence":null,"between":null,"provider":"osm","resource":"planet","version":"2026-08-02T00:00:00.000Z"}],"is_underground":false,"has_parts":false,"version":1}},
{"id":"d94f3a4b-7197-4773-824a-e72ad9050b45","type":"Feature","geometry":{"type":"Polygon","coordinates":[[[41.086597,19.1281697],[41.0866398,19.1281684],[41.0866373,19.128095],[41.0867418,19.1280918],[41.0867429,19.1281247],[41.0867912,19.1281232],[41.0867938,19.1281991],[41.0865982,19.1282052],[41.086597,19.1281697]]]},"properties":{"sources":[{"property":"","dataset":"Microsoft ML Buildings","license":"ODbL-1.0","record_id":null,"update_time":"2018-09-01T00:00:00.000Z","confidence":null,"between":null,"provider":"microsoft","resource":"ml_buildings","version":"2025-02-25"}],"is_underground":false,"has_parts":false,"version":3}},
{"id":"70e5932e-4ded-41be-b51c-908ff630e463","type":"Feature","geometry":{"type":"Polygon","coordinates":[[[41.0857619,19.128375],[41.085748,19.1281147],[41.0859541,19.1281049],[41.0859679,19.1283653],[41.0857619,19.128375]]]},"properties":{"sources":[{"property":"","dataset":"Microsoft ML Buildings","license":"ODbL-1.0","record_id":null,"update_time":"2018-09-01T00:00:00.000Z","confidence":null,"between":null,"provider":"microsoft","resource":"ml_buildings","version":"2025-02-25"}],"is_underground":false,"has_parts":false,"version":3}},
{"id":"5a64dd08-fb07-4f4c-adcd-4a8efde38032","type":"Feature","geometry":{"type":"Polygon","coordinates":[[[41.0857005,19.1282575],[41.0854993,19.1282543],[41.0855017,19.1281215],[41.0856504,19.1281238],[41.0856503,19.1281289],[41.0857027,19.1281297],[41.0857005,19.1282575]]]},"properties":{"sources":[{"property":"","dataset":"Microsoft ML Buildings","license":"ODbL-1.0","record_id":null,"update_time":"2018-09-01T00:00:00.000Z","confidence":null,"between":null,"provider":"microsoft","resource":"ml_buildings","version":"2025-02-25"}],"is_underground":false,"has_parts":false,"version":3}},
{"id":"456233f5-dd1c-49b1-8e5f-7c8f49ce5427","type":"Feature","geometry":{"type":"Polygon","coordinates":[[[41.0855664,19.1283043],[41.0856871,19.1283023],[41.0856896,19.1284365],[41.0855689,19.1284386],[41.0855664,19.1283043]]]},"properties":{"sources":[{"property":"","dataset":"Microsoft ML Buildings","license":"ODbL-1.0","record_id":null,"update_time":"2018-09-01T00:00:00.000Z","confidence":null,"between":null,"provider":"microsoft","resource":"ml_buildings","version":"2025-02-25"}],"is_underground":false,"has_parts":false,"version":3}},
{"id":"5095718a-b70b-4269-a254-16f7a9e23040","type":"Feature","geometry":{"type":"Polygon","coordinates":[[[41.0855542,19.1282999],[41.0855427,19.128478],[41.0852167,19.1284592],[41.0852232,19.1283582],[41.0852888,19.128362],[41.0852947,19.1282711],[41.0854122,19.1282779],[41.0854056,19.12838],[41.0854564,19.1283829],[41.0854621,19.1282945],[41.0855542,19.1282999]]]},"properties":{"sources":[{"property":"","dataset":"Microsoft ML Buildings","license":"ODbL-1.0","record_id":null,"update_time":"2018-09-01T00:00:00.000Z","confidence":null,"between":null,"provider":"microsoft","resource":"ml_buildings","version":"2025-02-25"}],"is_underground":false,"has_parts":false,"version":3}},
{"id":"867ad2d9-d28b-460c-a39d-f40cff3005d6","type":"Feature","geometry":{"type":"Polygon","coordinates":[[[41.0851702,19.128339],[41.0851769,19.128473],[41.0850565,19.1284783],[41.0850521,19.1283898],[41.0850667,19.1283892],[41.0850644,19.1283437],[41.0851702,19.128339]]]},"properties":{"sources":[{"property":"","dataset":"Microsoft ML Buildings","license":"ODbL-1.0","record_id":null,"update_time":"2018-09-01T00:00:00.000Z","confidence":null,"between":null,"provider":"microsoft","resource":"ml_buildings","version":"2025-02-25"}],"is_underground":false,"has_parts":false,"version":3}},
{"id":"07697c08-107a-4edd-8fcc-e583eb36b0d0","type":"Feature","geometry":{"type":"Polygon","coordinates":[[[41.0851157,19.128266],[41.0851207,19.1280749],[41.0852372,19.1280776],[41.0852322,19.1282687],[41.0851157,19.128266]]]},"properties":{"sources":[{"property":"","dataset":"Microsoft ML Buildings","license":"ODbL-1.0","record_id":null,"update_time":"2018-09-01T00:00:00.000Z","confidence":null,"between":null,"provider":"microsoft","resource":"ml_buildings","version":"2025-02-25"}],"is_underground":false,"has_parts":false,"version":3}},
{"id":"d5bc65a0-c032-441b-bfe3-5ed8cf6c7608","type":"Feature","geometry":{"type":"Polygon","coordinates":[[[41.08518,19.1283182],[41.0851897,19.1282825],[41.0852236,19.1282908],[41.0852139,19.1283264],[41.08518,19.1283182]]]},"properties":{"sources":[{"property":"","dataset":"Microsoft ML Buildings","license":"ODbL-1.0","record_id":null,"update_time":"2018-09-01T00:00:00.000Z","confidence":null,"between":null,"provider":"microsoft","resource":"ml_buildings","version":"2025-02-25"}],"is_underground":false,"has_parts":false,"version":3}},
{"id":"4b231b16-811f-4b95-b452-954069812841","type":"Feature","geometry":{"type":"Polygon","coordinates":[[[41.0851898,19.1278105],[41.0850736,19.1278049],[41.0850797,19.1276911],[41.0853618,19.1277047],[41.0853486,19.1279499],[41.0851827,19.1279419],[41.0851898,19.1278105]]]},"properties":{"sources":[{"property":"","dataset":"Microsoft ML Buildings","license":"ODbL-1.0","record_id":null,"update_time":"2018-09-01T00:00:00.000Z","confidence":null,"between":null,"provider":"microsoft","resource":"ml_buildings","version":"2025-02-25"}],"is_underground":false,"has_parts":false,"version":3}},
{"id":"d8dd026f-180a-4bdf-a42a-fcac1c1f6fc5","type":"Feature","geometry":{"type":"Polygon","coordinates":[[[41.0850646,19.1278151],[41.0851811,19.1278164],[41.0851794,19.1279557],[41.0850628,19.1279544],[41.0850646,19.1278151]]]},"properties":{"sources":[{"property":"","dataset":"Microsoft ML Buildings","license":"ODbL-1.0","record_id":null,"update_time":"2018-09-01T00:00:00.000Z","confidence":null,"between":null,"provider":"microsoft","resource":"ml_buildings","version":"2025-02-25"}],"is_underground":false,"has_parts":false,"version":3}},
{"id":"8fb0c5e1-5f7d-4add-9c27-91374e36b116","type":"Feature","geometry":{"type":"Polygon","coordinates":[[[41.0849394,19.1278288],[41.0849347,19.1279819],[41.0847966,19.1279782],[41.0848012,19.1278251],[41.0849394,19.1278288]]]},"properties":{"sources":[{"property":"","dataset":"Microsoft ML Buildings","license":"ODbL-1.0","record_id":null,"update_time":"2018-09-01T00:00:00.000Z","confidence":null,"between":null,"provider":"microsoft","resource":"ml_buildings","version":"2025-02-25"}],"is_underground":false,"has_parts":false,"version":3}},
{"id":"5c8a9cad-23d9-46a3-a103-539cc573dd42","type":"Feature","geometry":{"type":"Polygon","coordinates":[[[41.0849384,19.1274282],[41.084942,19.1274965],[41.0848416,19.1275013],[41.0848379,19.1274331],[41.0849384,19.1274282]]]},"properties":{"sources":[{"property":"","dataset":"Microsoft ML Buildings","license":"ODbL-1.0","record_id":null,"update_time":"2018-09-01T00:00:00.000Z","confidence":null,"between":null,"provider":"microsoft","resource":"ml_buildings","version":"2025-02-25"}],"is_underground":false,"has_parts":false,"version":3}},
{"id":"72be8219-a411-4dfe-92c6-9bab473fc12a","type":"Feature","geometry":{"type":"Polygon","coordinates":[[[41.0850684,19.1274615],[41.0858725,19.1275045],[41.0858649,19.1276325],[41.0850607,19.1275896],[41.0850684,19.1274615]]]},"properties":{"sources":[{"property":"","dataset":"OpenStreetMap","license":"ODbL-1.0","record_id":"w1063328577@1","update_time":"2022-05-24T16:10:30.000Z","confidence":null,"between":null,"provider":"osm","resource":"planet","version":"2026-08-02T00:00:00.000Z"}],"is_underground":false,"has_parts":false,"version":1}},
{"id":"c3926c88-53a8-4627-a227-d1fed8362210","type":"Feature","geometry":{"type":"Polygon","coordinates":[[[41.0854065,19.1278686],[41.085408,19.1277141],[41.085695,19.1277166],[41.0856935,19.1278711],[41.0854065,19.1278686]]]},"properties":{"sources":[{"property":"","dataset":"Microsoft ML Buildings","license":"ODbL-1.0","record_id":null,"update_time":"2018-09-01T00:00:00.000Z","confidence":null,"between":null,"provider":"microsoft","resource":"ml_buildings","version":"2025-02-25"}],"is_underground":false,"has_parts":false,"version":3}},
{"id":"e11ebf9c-6f69-417f-b17b-e03872754e9e","type":"Feature","geometry":{"type":"Polygon","coordinates":[[[41.0857171,19.127941],[41.0857216,19.1277332],[41.0858971,19.1277367],[41.0858951,19.1278304],[41.0859514,19.1278315],[41.0859489,19.1279455],[41.0857171,19.127941]]]},"properties":{"sources":[{"property":"","dataset":"Microsoft ML Buildings","license":"ODbL-1.0","record_id":null,"update_time":"2018-09-01T00:00:00.000Z","confidence":null,"between":null,"provider":"microsoft","resource":"ml_buildings","version":"2025-02-25"}],"is_underground":false,"has_parts":false,"version":3}},
{"id":"a6b97995-f894-492b-90a3-dc8248461ab0","type":"Feature","geometry":{"type":"Polygon","coordinates":[[[41.0862519,19.1274878],[41.0862815,19.1276123],[41.0861353,19.1276433],[41.0861058,19.1275187],[41.0862519,19.1274878]]]},"properties":{"sources":[{"property":"","dataset":"OpenStreetMap","license":"ODbL-1.0","record_id":"w1063328589@1","update_time":"2022-05-24T16:10:30.000Z","confidence":null,"between":null,"provider":"osm","resource":"planet","version":"2026-08-02T00:00:00.000Z"}],"is_underground":false,"has_parts":false,"version":1}},
{"id":"66833abd-cef0-4822-963c-66f2a5457e69","type":"Feature","geometry":{"type":"Polygon","coordinates":[[[41.0859307,19.1269445],[41.0863021,19.1269267],[41.0863217,19.1272916],[41.0859503,19.1273094],[41.0859307,19.1269445]]]},"properties":{"sources":[{"property":"","dataset":"OpenStreetMap","license":"ODbL-1.0","record_id":"w1063328579@1","update_time":"2022-05-24T16:10:30.000Z","confidence":null,"between":null,"provider":"osm","resource":"planet","version":"2026-08-02T00:00:00.000Z"}],"is_underground":false,"has_parts":false,"version":1}},
{"id":"abc679dc-7bd9-4b11-9f46-ed60ae6b8f83","type":"Feature","geometry":{"type":"Polygon","coordinates":[[[41.0856333,19.1253895],[41.0860349,19.1252837],[41.0863571,19.1267706],[41.0859181,19.1268235],[41.0858761,19.1267882],[41.0856333,19.1253895]]]},"properties":{"sources":[{"property":"","dataset":"OpenStreetMap","license":"ODbL-1.0","record_id":"w1063328603@1","update_time":"2022-05-24T16:10:30.000Z","confidence":null,"between":null,"provider":"osm","resource":"planet","version":"2026-08-02T00:00:00.000Z"}],"is_underground":false,"has_parts":false,"version":1}},
{"id":"ae522ad2-9d27-4896-b6d7-9f2662543abd","type":"Feature","geometry":{"type":"Polygon","coordinates":[[[41.0856092,19.1264724],[41.0856438,19.1266914],[41.0851899,19.1266438],[41.0852149,19.1264311],[41.0856092,19.1264724]]]},"properties":{"sources":[{"property":"","dataset":"OpenStreetMap","license":"ODbL-1.0","record_id":"w1063332282@1","update_time":"2022-05-24T16:27:43.000Z","confidence":null,"between":null,"provider":"osm","resource":"planet","version":"2026-08-02T00:00:00.000Z"}],"is_underground":false,"has_parts":false,"version":1}},
{"id":"059a6af6-0fa9-4caa-a7a8-9ce255bd6516","type":"Feature","geometry":{"type":"Polygon","coordinates":[[[41.0850831,19.1266325],[41.085115,19.1266354],[41.0851113,19.126673],[41.0850794,19.1266702],[41.0850831,19.1266325]]]},"properties":{"sources":[{"property":"","dataset":"Microsoft ML Buildings","license":"ODbL-1.0","record_id":null,"update_time":"2018-09-01T00:00:00.000Z","confidence":null,"between":null,"provider":"microsoft","resource":"ml_buildings","version":"2025-02-25"}],"is_underground":false,"has_parts":false,"version":3}},
{"id":"64f83136-b545-4644-8535-3f7c5431d07e","type":"Feature","geometry":{"type":"Polygon","coordinates":[[[41.0851388,19.1266983],[41.0853258,19.1266999],[41.0853244,19.1268448],[41.0851374,19.1268433],[41.0851388,19.1266983]]]},"properties":{"sources":[{"property":"","dataset":"OpenStreetMap","license":"ODbL-1.0","record_id":"w1063332281@1","update_time":"2022-05-24T16:27:43.000Z","confidence":null,"between":null,"provider":"osm","resource":"planet","version":"2026-08-02T00:00:00.000Z"}],"is_underground":false,"has_parts":false,"version":1}},
{"id":"b770f5f5-dfe7-4412-9bf6-321fa7c8febd","type":"Feature","geometry":{"type":"Polygon","coordinates":[[[41.0856922,19.126956],[41.0857258,19.1269877],[41.0857506,19.1273254],[41.0855365,19.1273388],[41.0850658,19.1273171],[41.0850676,19.1269777],[41.0853891,19.1269665],[41.0856922,19.126956]]]},"properties":{"sources":[{"property":"","dataset":"OpenStreetMap","license":"ODbL-1.0","record_id":"w1063328578@2","update_time":"2024-03-13T23:19:47.000Z","confidence":null,"between":null,"provider":"osm","resource":"planet","version":"2026-08-02T00:00:00.000Z"}],"is_underground":false,"has_parts":false,"version":1}},
{"id":"372c7632-dd32-48da-860a-918a7e20a393","type":"Feature","geometry":{"type":"Polygon","coordinates":[[[41.0849324,19.1270755],[41.084742,19.1270755],[41.084742,19.1269361],[41.0849324,19.1269361],[41.0849324,19.1270755]]]},"properties":{"sources":[{"property":"","dataset":"Microsoft ML Buildings","license":"ODbL-1.0","record_id":null,"update_time":"2018-09-01T00:00:00.000Z","confidence":null,"between":null,"provider":"microsoft","resource":"ml_buildings","version":"2025-02-25"}],"is_underground":false,"has_parts":false,"version":3}},
{"id":"6acc2c74-068a-4404-9d06-2319edb975e8","type":"Feature","geometry":{"type":"Polygon","coordinates":[[[41.0848915,19.127175],[41.0849451,19.1271761],[41.084942,19.1273129],[41.0846953,19.1273078],[41.0846995,19.1271254],[41.0848926,19.1271294],[41.0848915,19.127175]]]},"properties":{"sources":[{"property":"","dataset":"Microsoft ML Buildings","license":"ODbL-1.0","record_id":null,"update_time":"2018-09-01T00:00:00.000Z","confidence":null,"between":null,"provider":"microsoft","resource":"ml_buildings","version":"2025-02-25"}],"is_underground":false,"has_parts":false,"version":3}},
{"id":"da407e2c-d1db-4a89-a841-da72a941f744","type":"Feature","geometry":{"type":"Polygon","coordinates":[[[41.0846997,19.1269322],[41.0846933,19.1271069],[41.0844534,19.1270991],[41.0844597,19.1269245],[41.0846997,19.1269322]]]},"properties":{"sources":[{"property":"","dataset":"Microsoft ML Buildings","license":"ODbL-1.0","record_id":null,"update_time":"2018-09-01T00:00:00.000Z","confidence":null,"between":null,"provider":"microsoft","resource":"ml_buildings","version":"2025-02-25"}],"is_underground":false,"has_parts":false,"version":3}},
{"id":"790dbb8c-3f62-47d3-b1a1-2fbff1194a79","type":"Feature","geometry":{"type":"Polygon","coordinates":[[[41.0845882,19.1272474],[41.084592,19.1271588],[41.0846708,19.1271619],[41.0846687,19.1272113],[41.0846327,19.1272099],[41.084629,19.1272971],[41.0844748,19.1272912],[41.0844769,19.1272431],[41.0845882,19.1272474]]]},"properties":{"sources":[{"property":"","dataset":"Microsoft ML Buildings","license":"ODbL-1.0","record_id":null,"update_time":"2018-09-01T00:00:00.000Z","confidence":null,"between":null,"provider":"microsoft","resource":"ml_buildings","version":"2025-02-25"}],"is_underground":false,"has_parts":false,"version":3}},
{"id":"2280a5b6-47c5-4852-8fd2-b50b5273e08e","type":"Feature","geometry":{"type":"Polygon","coordinates":[[[41.0844633,19.1262774],[41.0849654,19.126335],[41.0849512,19.1268747],[41.0844613,19.126842],[41.0844633,19.1262774]]]},"properties":{"sources":[{"property":"","dataset":"OpenStreetMap","license":"ODbL-1.0","record_id":"w1063333708@1","update_time":"2022-05-24T16:32:48.000Z","confidence":null,"between":null,"provider":"osm","resource":"planet","version":"2026-08-02T00:00:00.000Z"}],"is_underground":false,"has_parts":false,"version":1}},
{"id":"13ef24c2-2645-4c92-857b-28848ad95968","type":"Feature","geometry":{"type":"Polygon","coordinates":[[[41.0838291,19.1262486],[41.0843149,19.1262812],[41.0843271,19.126817],[41.0838352,19.1267844],[41.0838291,19.1262486]]]},"properties":{"sources":[{"property":"","dataset":"OpenStreetMap","license":"ODbL-1.0","record_id":"w1063333709@1","update_time":"2022-05-24T16:32:48.000Z","confidence":null,"between":null,"provider":"osm","resource":"planet","version":"2026-08-02T00:00:00.000Z"}],"is_underground":false,"has_parts":false,"version":1}},
{"id":"ca544a4a-4465-43d5-8e94-87e915abd09e","type":"Feature","geometry":{"type":"Polygon","coordinates":[[[41.0838251,19.1268708],[41.084321,19.1269092],[41.084319,19.1272549],[41.0838332,19.1272415],[41.0838251,19.1268708]]]},"properties":{"sources":[{"property":"","dataset":"OpenStreetMap","license":"ODbL-1.0","record_id":"w1063333710@1","update_time":"2022-05-24T16:32:48.000Z","confidence":null,"between":null,"provider":"osm","resource":"planet","version":"2026-08-02T00:00:00.000Z"}],"is_underground":false,"has_parts":false,"version":1}},
{"id":"592d1356-459f-4304-8339-acf0c765d816","type":"Feature","geometry":{"type":"Polygon","coordinates":[[[41.084021,19.1278638],[41.0840275,19.1279444],[41.0839356,19.127951],[41.0839381,19.1279813],[41.0838166,19.12799],[41.0838115,19.127927],[41.0838542,19.127924],[41.0838503,19.1278761],[41.084021,19.1278638]]]},"properties":{"sources":[{"property":"","dataset":"Microsoft ML Buildings","license":"ODbL-1.0","record_id":null,"update_time":"2018-09-01T00:00:00.000Z","confidence":null,"between":null,"provider":"microsoft","resource":"ml_buildings","version":"2025-02-25"}],"is_underground":false,"has_parts":false,"version":3}},
{"id":"9e0cbf26-8e52-4bcb-bce4-a3d5bfce980c","type":"Feature","geometry":{"type":"Polygon","coordinates":[[[41.084028,19.12789],[41.0840255,19.1278458],[41.0840576,19.1278442],[41.0840601,19.1278884],[41.084028,19.12789]]]},"properties":{"sources":[{"property":"","dataset":"Microsoft ML Buildings","license":"ODbL-1.0","record_id":null,"update_time":"2018-09-01T00:00:00.000Z","confidence":null,"between":null,"provider":"microsoft","resource":"ml_buildings","version":"2025-02-25"}],"is_underground":false,"has_parts":false,"version":3}},
{"id":"d5fcfb62-a280-452c-9580-ee1f3c1e2d24","type":"Feature","geometry":{"type":"Polygon","coordinates":[[[41.0839907,19.1278031],[41.0840487,19.127796],[41.0840544,19.127837],[41.0839964,19.1278442],[41.0839907,19.1278031]]]},"properties":{"sources":[{"property":"","dataset":"Microsoft ML Buildings","license":"ODbL-1.0","record_id":null,"update_time":"2018-09-01T00:00:00.000Z","confidence":null,"between":null,"provider":"microsoft","resource":"ml_buildings","version":"2025-02-25"}],"is_underground":false,"has_parts":false,"version":3}},
{"id":"239913e1-9c14-48f6-a09e-20f092feaccb","type":"Feature","geometry":{"type":"Polygon","coordinates":[[[41.0841084,19.1277811],[41.0841186,19.1278688],[41.0840629,19.1278745],[41.0840528,19.1277869],[41.0841084,19.1277811]]]},"properties":{"sources":[{"property":"","dataset":"Microsoft ML Buildings","license":"ODbL-1.0","record_id":null,"update_time":"2018-09-01T00:00:00.000Z","confidence":null,"between":null,"provider":"microsoft","resource":"ml_buildings","version":"2025-02-25"}],"is_underground":false,"has_parts":false,"version":3}},
{"id":"13b76bca-07d4-48b2-81f3-e05e3514a090","type":"Feature","geometry":{"type":"Polygon","coordinates":[[[41.0840432,19.1275437],[41.0840531,19.1276031],[41.0838815,19.1276286],[41.0838457,19.1274134],[41.0840356,19.1273852],[41.084044,19.1274359],[41.0841577,19.127419],[41.0841723,19.1275068],[41.08409,19.127519],[41.0840929,19.1275363],[41.0840432,19.1275437]]]},"properties":{"sources":[{"property":"","dataset":"Microsoft ML Buildings","license":"ODbL-1.0","record_id":null,"update_time":"2018-09-01T00:00:00.000Z","confidence":null,"between":null,"provider":"microsoft","resource":"ml_buildings","version":"2025-02-25"}],"is_underground":false,"has_parts":false,"version":3}},
{"id":"99bf8f0e-a77b-41b7-a920-529b1d4f1c9f","type":"Feature","geometry":{"type":"Polygon","coordinates":[[[41.0841927,19.1274891],[41.0841939,19.1274232],[41.0842556,19.1274242],[41.0842544,19.1274901],[41.0841927,19.1274891]]]},"properties":{"sources":[{"property":"","dataset":"Microsoft ML Buildings","license":"ODbL-1.0","record_id":null,"update_time":"2018-09-01T00:00:00.000Z","confidence":null,"between":null,"provider":"microsoft","resource":"ml_buildings","version":"2025-02-25"}],"is_underground":false,"has_parts":false,"version":3}},
{"id":"d1175849-b7e2-4c7f-aa26-f7c49221df90","type":"Feature","geometry":{"type":"Polygon","coordinates":[[[41.084193,19.1275098],[41.084311,19.1275127],[41.0843079,19.1276254],[41.08419,19.1276225],[41.084193,19.1275098]]]},"properties":{"sources":[{"property":"","dataset":"Microsoft ML Buildings","license":"ODbL-1.0","record_id":null,"update_time":"2018-09-01T00:00:00.000Z","confidence":null,"between":null,"provider":"microsoft","resource":"ml_buildings","version":"2025-02-25"}],"is_underground":false,"has_parts":false,"version":3}},
{"id":"1728436f-0acc-4830-b26c-0519b0894a5d","type":"Feature","geometry":{"type":"Polygon","coordinates":[[[41.084295,19.1274186],[41.0843754,19.1274208],[41.0843731,19.127498],[41.0844011,19.1274988],[41.0843973,19.1276228],[41.0843222,19.1276208],[41.0843258,19.1275043],[41.0842924,19.1275034],[41.084295,19.1274186]]]},"properties":{"sources":[{"property":"","dataset":"Microsoft ML Buildings","license":"ODbL-1.0","record_id":null,"update_time":"2018-09-01T00:00:00.000Z","confidence":null,"between":null,"provider":"microsoft","resource":"ml_buildings","version":"2025-02-25"}],"is_underground":false,"has_parts":false,"version":3}},
{"id":"302b4095-9b33-43c9-9929-766dde0a3d3a","type":"Feature","geometry":{"type":"Polygon","coordinates":[[[41.0843932,19.1274979],[41.0843951,19.1274157],[41.0846054,19.12742],[41.0846035,19.1275022],[41.0843932,19.1274979]]]},"properties":{"sources":[{"property":"","dataset":"Microsoft ML Buildings","license":"ODbL-1.0","record_id":null,"update_time":"2018-09-01T00:00:00.000Z","confidence":null,"between":null,"provider":"microsoft","resource":"ml_buildings","version":"2025-02-25"}],"is_underground":false,"has_parts":false,"version":3}},
{"id":"82aedf68-4aa1-459c-8a84-7f5c2aee04c7","type":"Feature","geometry":{"type":"Polygon","coordinates":[[[41.0847342,19.1274207],[41.0848332,19.1274254],[41.0848283,19.1275164],[41.0847294,19.1275117],[41.0847342,19.1274207]]]},"properties":{"sources":[{"property":"","dataset":"Microsoft ML Buildings","license":"ODbL-1.0","record_id":null,"update_time":"2018-09-01T00:00:00.000Z","confidence":null,"between":null,"provider":"microsoft","resource":"ml_buildings","version":"2025-02-25"}],"is_underground":false,"has_parts":false,"version":3}},
{"id":"4d05fca3-5118-4c15-ad88-6180abe6fdd8","type":"Feature","geometry":{"type":"Polygon","coordinates":[[[41.0849249,19.12765],[41.0846226,19.1276358],[41.0846322,19.1274538],[41.0847365,19.1274587],[41.0847324,19.1275371],[41.0849304,19.1275464],[41.0849249,19.12765]]]},"properties":{"sources":[{"property":"","dataset":"Microsoft ML Buildings","license":"ODbL-1.0","record_id":null,"update_time":"2018-09-01T00:00:00.000Z","confidence":null,"between":null,"provider":"microsoft","resource":"ml_buildings","version":"2025-02-25"}],"is_underground":false,"has_parts":false,"version":3}},
{"id":"32f969c7-1eca-4043-b64a-046420d0b27b","type":"Feature","geometry":{"type":"Polygon","coordinates":[[[41.0844664,19.1275429],[41.0845093,19.1275442],[41.0845064,19.1276227],[41.0844636,19.1276213],[41.0844664,19.1275429]]]},"properties":{"sources":[{"property":"","dataset":"Microsoft ML Buildings","license":"ODbL-1.0","record_id":null,"update_time":"2018-09-01T00:00:00.000Z","confidence":null,"between":null,"provider":"microsoft","resource":"ml_buildings","version":"2025-02-25"}],"is_underground":false,"has_parts":false,"version":3}},
{"id":"11c0c1d1-571c-4ead-9676-c0356710eff7","type":"Feature","geometry":{"type":"Polygon","coordinates":[[[41.0847676,19.1279078],[41.0847655,19.1280001],[41.0845806,19.1279965],[41.0845826,19.1279041],[41.0847676,19.1279078]]]},"properties":{"sources":[{"property":"","dataset":"Microsoft ML Buildings","license":"ODbL-1.0","record_id":null,"update_time":"2018-09-01T00:00:00.000Z","confidence":null,"between":null,"provider":"microsoft","resource":"ml_buildings","version":"2025-02-25"}],"is_underground":false,"has_parts":false,"version":3}},
{"id":"338f6049-beac-4d51-8559-e8901cb8158e","type":"Feature","geometry":{"type":"Polygon","coordinates":[[[41.0844975,19.1279125],[41.0845001,19.1278315],[41.0845859,19.127834],[41.0845832,19.127915],[41.0844975,19.1279125]]]},"properties":{"sources":[{"property":"","dataset":"Microsoft ML Buildings","license":"ODbL-1.0","record_id":null,"update_time":"2018-09-01T00:00:00.000Z","confidence":null,"between":null,"provider":"microsoft","resource":"ml_buildings","version":"2025-02-25"}],"is_underground":false,"has_parts":false,"version":3}},
{"id":"4a25430f-a5a8-4c56-ac59-a3b5f31b0829","type":"Feature","geometry":{"type":"Polygon","coordinates":[[[41.084483,19.1279968],[41.0844869,19.1279566],[41.0845454,19.1279616],[41.0845415,19.1280018],[41.084483,19.1279968]]]},"properties":{"sources":[{"property":"","dataset":"Microsoft ML Buildings","license":"ODbL-1.0","record_id":null,"update_time":"2018-09-01T00:00:00.000Z","confidence":null,"between":null,"provider":"microsoft","resource":"ml_buildings","version":"2025-02-25"}],"is_underground":false,"has_parts":false,"version":3}},
{"id":"c6b7711d-20b5-488c-8379-ab13eab252fb","type":"Feature","geometry":{"type":"Polygon","coordinates":[[[41.0843827,19.1279027],[41.0843777,19.1280216],[41.084284,19.1280181],[41.084289,19.1278991],[41.0843827,19.1279027]]]},"properties":{"sources":[{"property":"","dataset":"Microsoft ML Buildings","license":"ODbL-1.0","record_id":null,"update_time":"2018-09-01T00:00:00.000Z","confidence":null,"between":null,"provider":"microsoft","resource":"ml_buildings","version":"2025-02-25"}],"is_underground":false,"has_parts":false,"version":3}},
{"id":"7c666176-a7c6-4d7b-a498-17a139408cc8","type":"Feature","geometry":{"type":"Polygon","coordinates":[[[41.0844191,19.1278628],[41.0842998,19.1278583],[41.0843038,19.1277647],[41.0843921,19.127768],[41.0843902,19.1278136],[41.0844211,19.1278148],[41.0844191,19.1278628]]]},"properties":{"sources":[{"property":"","dataset":"Microsoft ML Buildings","license":"ODbL-1.0","record_id":null,"update_time":"2018-09-01T00:00:00.000Z","confidence":null,"between":null,"provider":"microsoft","resource":"ml_buildings","version":"2025-02-25"}],"is_underground":false,"has_parts":false,"version":3}},
{"id":"1b0ef980-d7a4-4f29-9076-3f0a276ca510","type":"Feature","geometry":{"type":"Polygon","coordinates":[[[41.0842935,19.1277738],[41.0842923,19.1278346],[41.0841997,19.1278329],[41.0842009,19.1277721],[41.0842935,19.1277738]]]},"properties":{"sources":[{"property":"","dataset":"Microsoft ML Buildings","license":"ODbL-1.0","record_id":null,"update_time":"2018-09-01T00:00:00.000Z","confidence":null,"between":null,"provider":"microsoft","resource":"ml_buildings","version":"2025-02-25"}],"is_underground":false,"has_parts":false,"version":3}},
{"id":"1097f91b-ac1e-4f1b-b93c-477c2455259c","type":"Feature","geometry":{"type":"Polygon","coordinates":[[[41.0841286,19.1278391],[41.0842438,19.1278425],[41.0842405,19.1279438],[41.0841252,19.1279404],[41.0841286,19.1278391]]]},"properties":{"sources":[{"property":"","dataset":"Microsoft ML Buildings","license":"ODbL-1.0","record_id":null,"update_time":"2018-09-01T00:00:00.000Z","confidence":null,"between":null,"provider":"microsoft","resource":"ml_buildings","version":"2025-02-25"}],"is_underground":false,"has_parts":false,"version":3}},
{"id":"893c3dec-adef-4403-9283-0bad3a8080df","type":"Feature","geometry":{"type":"Polygon","coordinates":[[[41.0842218,19.1280194],[41.0842249,19.1279447],[41.0842678,19.1279463],[41.0842646,19.128021],[41.0842218,19.1280194]]]},"properties":{"sources":[{"property":"","dataset":"Microsoft ML Buildings","license":"ODbL-1.0","record_id":null,"update_time":"2018-09-01T00:00:00.000Z","confidence":null,"between":null,"provider":"microsoft","resource":"ml_buildings","version":"2025-02-25"}],"is_underground":false,"has_parts":false,"version":3}},
{"id":"c04f804e-3948-44e8-8f18-31cf75385d9e","type":"Feature","geometry":{"type":"Polygon","coordinates":[[[41.0841237,19.1279512],[41.0842176,19.1279487],[41.0842196,19.1280157],[41.0841258,19.1280182],[41.0841237,19.1279512]]]},"properties":{"sources":[{"property":"","dataset":"Microsoft ML Buildings","license":"ODbL-1.0","record_id":null,"update_time":"2018-09-01T00:00:00.000Z","confidence":null,"between":null,"provider":"microsoft","resource":"ml_buildings","version":"2025-02-25"}],"is_underground":false,"has_parts":false,"version":3}},
{"id":"8e981843-b3f8-4303-9c2c-e993e1dc19a8","type":"Feature","geometry":{"type":"Polygon","coordinates":[[[41.0843952,19.1282973],[41.0844853,19.1282881],[41.0844966,19.1283858],[41.0843879,19.1283969],[41.0843902,19.128417],[41.0842921,19.128427],[41.0842676,19.1282141],[41.0843843,19.1282022],[41.0843952,19.1282973]]]},"properties":{"sources":[{"property":"","dataset":"Microsoft ML Buildings","license":"ODbL-1.0","record_id":null,"update_time":"2018-09-01T00:00:00.000Z","confidence":null,"between":null,"provider":"microsoft","resource":"ml_buildings","version":"2025-02-25"}],"is_underground":false,"has_parts":false,"version":3}},
{"id":"21b1c587-38ab-4a15-88ed-4d94988766da","type":"Feature","geometry":{"type":"Polygon","coordinates":[[[41.0846923,19.1283249],[41.0847085,19.1282026],[41.0848247,19.1282164],[41.0848171,19.1282738],[41.0849068,19.1282844],[41.0848982,19.1283492],[41.0846923,19.1283249]]]},"properties":{"sources":[{"property":"","dataset":"Microsoft ML Buildings","license":"ODbL-1.0","record_id":null,"update_time":"2018-09-01T00:00:00.000Z","confidence":null,"between":null,"provider":"microsoft","resource":"ml_buildings","version":"2025-02-25"}],"is_underground":false,"has_parts":false,"version":3}},
{"id":"04996d8f-c832-4827-a90c-7e956e3959ee","type":"Feature","geometry":{"type":"Polygon","coordinates":[[[41.0842565,19.1282765],[41.0842508,19.1284118],[41.0841384,19.1284076],[41.084144,19.1282723],[41.0842565,19.1282765]]]},"properties":{"sources":[{"property":"","dataset":"Microsoft ML Buildings","license":"ODbL-1.0","record_id":null,"update_time":"2018-09-01T00:00:00.000Z","confidence":null,"between":null,"provider":"microsoft","resource":"ml_buildings","version":"2025-02-25"}],"is_underground":false,"has_parts":false,"version":3}},
{"id":"85b287ed-fa4d-403f-90d1-d8d89d21e73f","type":"Feature","geometry":{"type":"Polygon","coordinates":[[[41.0841581,19.1282981],[41.0841367,19.1282982],[41.0841374,19.1284249],[41.0840408,19.1284254],[41.0840397,19.1282252],[41.0841577,19.1282247],[41.0841581,19.1282981]]]},"properties":{"sources":[{"property":"","dataset":"Microsoft ML Buildings","license":"ODbL-1.0","record_id":null,"update_time":"2018-09-01T00:00:00.000Z","confidence":null,"between":null,"provider":"microsoft","resource":"ml_buildings","version":"2025-02-25"}],"is_underground":false,"has_parts":false,"version":3}},
{"id":"1a37aee8-38cd-44c5-b279-6b3101ac954b","type":"Feature","geometry":{"type":"Polygon","coordinates":[[[41.084005,19.1284088],[41.0838885,19.1283879],[41.0839392,19.128136],[41.0840258,19.1281515],[41.084015,19.1282054],[41.0840448,19.1282107],[41.084005,19.1284088]]]},"properties":{"sources":[{"property":"","dataset":"Microsoft ML Buildings","license":"ODbL-1.0","record_id":null,"update_time":"2018-09-01T00:00:00.000Z","confidence":null,"between":null,"provider":"microsoft","resource":"ml_buildings","version":"2025-02-25"}],"is_underground":false,"has_parts":false,"version":3}},
{"id":"1788100a-994e-443d-b6b7-9d21e327a746","type":"Feature","geometry":{"type":"Polygon","coordinates":[[[41.084034,19.1281182],[41.0840795,19.128116],[41.084082,19.1281602],[41.0840365,19.1281624],[41.084034,19.1281182]]]},"properties":{"sources":[{"property":"","dataset":"Microsoft ML Buildings","license":"ODbL-1.0","record_id":null,"update_time":"2018-09-01T00:00:00.000Z","confidence":null,"between":null,"provider":"microsoft","resource":"ml_buildings","version":"2025-02-25"}],"is_underground":false,"has_parts":false,"version":3}},
{"id":"9da461dd-70e6-4572-b782-ba4b62f6c963","type":"Feature","geometry":{"type":"Polygon","coordinates":[[[41.0837602,19.1283117],[41.0837899,19.1281585],[41.0838963,19.1281768],[41.0838414,19.12846],[41.0837388,19.1284423],[41.083764,19.1283123],[41.0837602,19.1283117]]]},"properties":{"sources":[{"property":"","dataset":"Microsoft ML Buildings","license":"ODbL-1.0","record_id":null,"update_time":"2018-09-01T00:00:00.000Z","confidence":null,"between":null,"provider":"microsoft","resource":"ml_buildings","version":"2025-02-25"}],"is_underground":false,"has_parts":false,"version":3}},
{"id":"ba4f3b43-0c8f-41e4-8030-8d2e5071dc21","type":"Feature","geometry":{"type":"Polygon","coordinates":[[[41.0823965,19.1273957],[41.0825583,19.1273843],[41.0826167,19.1281212],[41.0825027,19.1281293],[41.0825004,19.1281004],[41.0824524,19.1281038],[41.0823965,19.1273957]]]},"properties":{"sources":[{"property":"","dataset":"OpenStreetMap","license":"ODbL-1.0","record_id":"w1063324580@1","update_time":"2022-05-24T15:52:22.000Z","confidence":null,"between":null,"provider":"osm","resource":"planet","version":"2026-08-02T00:00:00.000Z"}],"is_underground":false,"has_parts":false,"version":1}},
{"id":"f7944f54-ec06-4270-a469-2297dce489b9","type":"Feature","geometry":{"type":"Polygon","coordinates":[[[41.0823645,19.1274702],[41.0823901,19.1274687],[41.0823933,19.1275192],[41.0823678,19.1275207],[41.0823645,19.1274702]]]},"properties":{"sources":[{"property":"","dataset":"Microsoft ML Buildings","license":"ODbL-1.0","record_id":null,"update_time":"2018-09-01T00:00:00.000Z","confidence":null,"between":null,"provider":"microsoft","resource":"ml_buildings","version":"2025-02-25"}],"is_underground":false,"has_parts":false,"version":3}},
{"id":"e689d03d-e6d8-4710-a8ba-ee5d656dc26d","type":"Feature","geometry":{"type":"Polygon","coordinates":[[[41.0822382,19.1274401],[41.0823279,19.1274326],[41.0823567,19.1277375],[41.0822669,19.1277451],[41.0822382,19.1274401]]]},"properties":{"sources":[{"property":"","dataset":"OpenStreetMap","license":"ODbL-1.0","record_id":"w1063324584@1","update_time":"2022-05-24T15:52:22.000Z","confidence":null,"between":null,"provider":"osm","resource":"planet","version":"2026-08-02T00:00:00.000Z"}],"is_underground":false,"has_parts":false,"version":1}},
{"id":"04dd48ca-0c72-473b-a347-eef331cd49af","type":"Feature","geometry":{"type":"Polygon","coordinates":[[[41.0819073,19.1274082],[41.0821747,19.1273919],[41.0821931,19.1276597],[41.082035,19.1276694],[41.0820384,19.1277204],[41.0820143,19.1277219],[41.0820122,19.1276905],[41.0819648,19.1276934],[41.0819636,19.1276758],[41.0818797,19.1276809],[41.0818765,19.127634],[41.0818242,19.1276372],[41.0818134,19.1274793],[41.0818522,19.127477],[41.0818508,19.1274568],[41.0819104,19.1274531],[41.0819073,19.1274082]]]},"properties":{"sources":[{"property":"","dataset":"OpenStreetMap","license":"ODbL-1.0","record_id":"w1063332261@1","update_time":"2022-05-24T16:27:43.000Z","confidence":null,"between":null,"provider":"osm","resource":"planet","version":"2026-08-02T00:00:00.000Z"}],"is_underground":false,"has_parts":false,"version":1}},
{"id":"19533393-28f5-4995-94fd-0f494b77bdaa","type":"Feature","geometry":{"type":"Polygon","coordinates":[[[41.0821891,19.1277506],[41.0821965,19.1278612],[41.0822144,19.1280805],[41.0819973,19.1280375],[41.0819764,19.1277652],[41.0821891,19.1277506]]]},"properties":{"sources":[{"property":"","dataset":"OpenStreetMap","license":"ODbL-1.0","record_id":"w1063324582@1","update_time":"2022-05-24T15:52:22.000Z","confidence":null,"between":null,"provider":"osm","resource":"planet","version":"2026-08-02T00:00:00.000Z"}],"is_underground":false,"has_parts":false,"version":1}},
{"id":"d3a37059-3038-4078-b861-e85b3ec4c2ab","type":"Feature","geometry":{"type":"Polygon","coordinates":[[[41.0815729,19.1281792],[41.0824895,19.1283296],[41.08247,19.1284651],[41.081541,19.1284383],[41.0815729,19.1281792]]]},"properties":{"sources":[{"property":"","dataset":"OpenStreetMap","license":"ODbL-1.0","record_id":"w1063332258@1","update_time":"2022-05-24T16:27:43.000Z","confidence":null,"between":null,"provider":"osm","resource":"planet","version":"2026-08-02T00:00:00.000Z"}],"is_underground":false,"has_parts":false,"version":1}},
{"id":"4c0df868-7720-4783-84ba-d3a1ba5329fe","type":"Feature","geometry":{"type":"Polygon","coordinates":[[[41.0821965,19.1278612],[41.0823857,19.1278474],[41.0824082,19.1281236],[41.0822144,19.1280805],[41.0821965,19.1278612]]]},"properties":{"sources":[{"property":"","dataset":"OpenStreetMap","license":"ODbL-1.0","record_id":"w1063324581@1","update_time":"2022-05-24T15:52:22.000Z","confidence":null,"between":null,"provider":"osm","resource":"planet","version":"2026-08-02T00:00:00.000Z"}],"is_underground":false,"has_parts":false,"version":1}},
{"id":"14224102-7e2c-47ee-84cd-6edc13228a91","type":"Feature","geometry":{"type":"Polygon","coordinates":[[[41.0821384,19.1286607],[41.0820366,19.1286573],[41.0820406,19.1285485],[41.0821424,19.1285518],[41.0821384,19.1286607]]]},"properties":{"sources":[{"property":"","dataset":"Microsoft ML Buildings","license":"ODbL-1.0","record_id":null,"update_time":"2018-09-01T00:00:00.000Z","confidence":null,"between":null,"provider":"microsoft","resource":"ml_buildings","version":"2025-02-25"}],"is_underground":false,"has_parts":false,"version":3}},
{"id":"02a14d86-c8db-4976-9f02-02606762df88","type":"Feature","geometry":{"type":"Polygon","coordinates":[[[41.0818528,19.1287051],[41.0817971,19.1287028],[41.081798,19.1286837],[41.0817735,19.128604],[41.0817733,19.128608],[41.0817523,19.1285399],[41.0817536,19.1285128],[41.0817959,19.1285012],[41.0819231,19.1285064],[41.0819398,19.1285607],[41.0819328,19.1285814],[41.0819374,19.1285964],[41.0819343,19.1286646],[41.0819825,19.1285216],[41.08204,19.128524],[41.0820382,19.1285632],[41.0820258,19.1286001],[41.0820247,19.1286229],[41.0820071,19.1286751],[41.0820035,19.1286761],[41.0819997,19.1287568],[41.0819595,19.1287551],[41.0819511,19.1287281],[41.0819256,19.128727],[41.0818528,19.1287051]]]},"properties":{"sources":[{"property":"","dataset":"Microsoft ML Buildings","license":"ODbL-1.0","record_id":null,"update_time":"2018-09-01T00:00:00.000Z","confidence":null,"between":null,"provider":"microsoft","resource":"ml_buildings","version":"2025-02-25"}],"is_underground":false,"has_parts":false,"version":3}},
{"id":"85d8f051-bb7c-4a99-8011-71828f0eb208","type":"Feature","geometry":{"type":"Polygon","coordinates":[[[41.0816141,19.1285394],[41.0817362,19.1285275],[41.0817503,19.1286567],[41.0816282,19.1286686],[41.0816141,19.1285394]]]},"properties":{"sources":[{"property":"","dataset":"Microsoft ML Buildings","license":"ODbL-1.0","record_id":null,"update_time":"2018-09-01T00:00:00.000Z","confidence":null,"between":null,"provider":"microsoft","resource":"ml_buildings","version":"2025-02-25"}],"is_underground":false,"has_parts":false,"version":3}},
{"id":"04727ee1-ee3a-4210-ac09-162dcdb419bc","type":"Feature","geometry":{"type":"Polygon","coordinates":[[[41.0808562,19.1283932],[41.0814012,19.1284483],[41.0813977,19.1285687],[41.0809199,19.1286473],[41.0808562,19.1283932]]]},"properties":{"sources":[{"property":"","dataset":"OpenStreetMap","license":"ODbL-1.0","record_id":"w1063332257@1","update_time":"2022-05-24T16:27:43.000Z","confidence":null,"between":null,"provider":"osm","resource":"planet","version":"2026-08-02T00:00:00.000Z"}],"is_underground":false,"has_parts":false,"version":1}},
{"id":"3a79fdc8-a3ed-4d07-89e2-a5c053ed49b4","type":"Feature","geometry":{"type":"Polygon","coordinates":[[[41.0807347,19.1286855],[41.0807321,19.1286197],[41.080866,19.128615],[41.0808686,19.1286808],[41.0807347,19.1286855]]]},"properties":{"sources":[{"property":"","dataset":"Microsoft ML Buildings","license":"ODbL-1.0","record_id":null,"update_time":"2018-09-01T00:00:00.000Z","confidence":null,"between":null,"provider":"microsoft","resource":"ml_buildings","version":"2025-02-25"}],"is_underground":false,"has_parts":false,"version":3}},
{"id":"82658e27-bfc5-4e9b-b7f7-85273b232fd9","type":"Feature","geometry":{"type":"Polygon","coordinates":[[[41.0807015,19.1285322],[41.0806992,19.1284816],[41.080809,19.1284772],[41.0808113,19.1285277],[41.0807015,19.1285322]]]},"properties":{"sources":[{"property":"","dataset":"Microsoft ML Buildings","license":"ODbL-1.0","record_id":null,"update_time":"2018-09-01T00:00:00.000Z","confidence":null,"between":null,"provider":"microsoft","resource":"ml_buildings","version":"2025-02-25"}],"is_underground":false,"has_parts":false,"version":3}},
{"id":"d8e7163a-264a-4a10-9448-7eda7e8b05fc","type":"Feature","geometry":{"type":"Polygon","coordinates":[[[41.0807078,19.1286168],[41.0807055,19.1285546],[41.0807993,19.1285515],[41.0808016,19.1286137],[41.0807078,19.1286168]]]},"properties":{"sources":[{"property":"","dataset":"Microsoft ML Buildings","license":"ODbL-1.0","record_id":null,"update_time":"2018-09-01T00:00:00.000Z","confidence":null,"between":null,"provider":"microsoft","resource":"ml_buildings","version":"2025-02-25"}],"is_underground":false,"has_parts":false,"version":3}},
{"id":"247b2eb9-8b1d-471e-8e8c-ee78e4e22ded","type":"Feature","geometry":{"type":"Polygon","coordinates":[[[41.0805936,19.128645],[41.0805769,19.128575],[41.080675,19.1285541],[41.0806918,19.128624],[41.0805936,19.128645]]]},"properties":{"sources":[{"property":"","dataset":"Microsoft ML Buildings","license":"ODbL-1.0","record_id":null,"update_time":"2018-09-01T00:00:00.000Z","confidence":null,"between":null,"provider":"microsoft","resource":"ml_buildings","version":"2025-02-25"}],"is_underground":false,"has_parts":false,"version":3}},
{"id":"0119f864-58ac-4161-94c2-2ebe3689bb96","type":"Feature","geometry":{"type":"Polygon","coordinates":[[[41.0805173,19.1286277],[41.080501,19.1285158],[41.080551,19.1285093],[41.0805673,19.1286212],[41.0805173,19.1286277]]]},"properties":{"sources":[{"property":"","dataset":"Microsoft ML Buildings","license":"ODbL-1.0","record_id":null,"update_time":"2018-09-01T00:00:00.000Z","confidence":null,"between":null,"provider":"microsoft","resource":"ml_buildings","version":"2025-02-25"}],"is_underground":false,"has_parts":false,"version":3}},
{"id":"99906b4c-6e95-4fc9-a46f-1b228d43adf0","type":"Feature","geometry":{"type":"Polygon","coordinates":[[[41.0805979,19.1285087],[41.080683,19.128496],[41.0806909,19.1285429],[41.0806057,19.1285557],[41.0805979,19.1285087]]]},"properties":{"sources":[{"property":"","dataset":"Microsoft ML Buildings","license":"ODbL-1.0","record_id":null,"update_time":"2018-09-01T00:00:00.000Z","confidence":null,"between":null,"provider":"microsoft","resource":"ml_buildings","version":"2025-02-25"}],"is_underground":false,"has_parts":false,"version":3}},
{"id":"a4769dd2-02b3-4452-a3ba-86c88728b5d8","type":"Feature","geometry":{"type":"Polygon","coordinates":[[[41.080538,19.1284707],[41.0805169,19.1284043],[41.0806634,19.1283628],[41.0806686,19.1283791],[41.0807597,19.1283533],[41.0807874,19.1284407],[41.0806457,19.1284808],[41.080634,19.1284436],[41.080538,19.1284707]]]},"properties":{"sources":[{"property":"","dataset":"Microsoft ML Buildings","license":"ODbL-1.0","record_id":null,"update_time":"2018-09-01T00:00:00.000Z","confidence":null,"between":null,"provider":"microsoft","resource":"ml_buildings","version":"2025-02-25"}],"is_underground":false,"has_parts":false,"version":3}},
{"id":"fc8e78dc-68ca-49d0-9b4e-89c071f2e751","type":"Feature","geometry":{"type":"Polygon","coordinates":[[[41.0804443,19.1282638],[41.0806848,19.1282201],[41.0807052,19.1283203],[41.0804646,19.128364],[41.0804443,19.1282638]]]},"properties":{"sources":[{"property":"","dataset":"Microsoft ML Buildings","license":"ODbL-1.0","record_id":null,"update_time":"2018-09-01T00:00:00.000Z","confidence":null,"between":null,"provider":"microsoft","resource":"ml_buildings","version":"2025-02-25"}],"is_underground":false,"has_parts":false,"version":3}},
{"id":"725f0e94-3959-42c7-9c22-decff3d71b71","type":"Feature","geometry":{"type":"Polygon","coordinates":[[[41.0810331,19.1279852],[41.0814614,19.1281608],[41.0814313,19.1283798],[41.0809234,19.128348],[41.0808296,19.1283246],[41.0808491,19.128226],[41.0808084,19.128119],[41.0806792,19.1281808],[41.0805217,19.127798],[41.0805978,19.1277812],[41.0807288,19.1278197],[41.0810331,19.1279852]]]},"properties":{"sources":[{"property":"","dataset":"OpenStreetMap","license":"ODbL-1.0","record_id":"w1063332256@1","update_time":"2022-05-24T16:27:43.000Z","confidence":null,"between":null,"provider":"osm","resource":"planet","version":"2026-08-02T00:00:00.000Z"}],"is_underground":false,"has_parts":false,"version":1}},
{"id":"318afb39-9399-49cd-a11e-29d6f8f70d4f","type":"Feature","geometry":{"type":"Polygon","coordinates":[[[41.0811249,19.1277302],[41.0812306,19.1277423],[41.0812145,19.1278686],[41.0811828,19.1278649],[41.0811785,19.1278985],[41.0811045,19.1278901],[41.0811249,19.1277302]]]},"properties":{"sources":[{"property":"","dataset":"Microsoft ML Buildings","license":"ODbL-1.0","record_id":null,"update_time":"2018-09-01T00:00:00.000Z","confidence":null,"between":null,"provider":"microsoft","resource":"ml_buildings","version":"2025-02-25"}],"is_underground":false,"has_parts":false,"version":3}},
{"id":"372e1d99-7f51-400d-afc3-207dde884992","type":"Feature","geometry":{"type":"Polygon","coordinates":[[[41.0812155,19.1276375],[41.0812216,19.1275927],[41.0812955,19.1276017],[41.0812818,19.1277014],[41.0811499,19.1276852],[41.0811574,19.1276304],[41.0812155,19.1276375]]]},"properties":{"sources":[{"property":"","dataset":"Microsoft ML Buildings","license":"ODbL-1.0","record_id":null,"update_time":"2018-09-01T00:00:00.000Z","confidence":null,"between":null,"provider":"microsoft","resource":"ml_buildings","version":"2025-02-25"}],"is_underground":false,"has_parts":false,"version":3}},
{"id":"0faadc4f-dc5c-42cd-a1d5-4294d5b8e4fd","type":"Feature","geometry":{"type":"Polygon","coordinates":[[[41.0807387,19.1276103],[41.0807354,19.1275638],[41.0808541,19.1275564],[41.0808562,19.1275866],[41.0808804,19.1275851],[41.0808901,19.1275541],[41.0809332,19.1275514],[41.0810151,19.1275742],[41.0810174,19.127607],[41.0809063,19.1276139],[41.0808998,19.1276348],[41.0809258,19.127642],[41.0809779,19.1276387],[41.0809987,19.1276445],[41.0809942,19.127659],[41.0809987,19.1277223],[41.080969,19.1278175],[41.0809637,19.1277421],[41.0809067,19.1277457],[41.0806119,19.1276637],[41.0806347,19.1275904],[41.0806611,19.1275887],[41.0807387,19.1276103]]]},"properties":{"sources":[{"property":"","dataset":"Microsoft ML Buildings","license":"ODbL-1.0","record_id":null,"update_time":"2018-09-01T00:00:00.000Z","confidence":null,"between":null,"provider":"microsoft","resource":"ml_buildings","version":"2025-02-25"}],"is_underground":false,"has_parts":false,"version":3}},
{"id":"41327145-85fe-463f-b1f3-c1eac57915d8","type":"Feature","geometry":{"type":"Polygon","coordinates":[[[41.0806104,19.1274285],[41.0806715,19.1274952],[41.0805424,19.1276005],[41.0804814,19.1275338],[41.0806104,19.1274285]]]},"properties":{"sources":[{"property":"","dataset":"Microsoft ML Buildings","license":"ODbL-1.0","record_id":null,"update_time":"2018-09-01T00:00:00.000Z","confidence":null,"between":null,"provider":"microsoft","resource":"ml_buildings","version":"2025-02-25"}],"is_underground":false,"has_parts":false,"version":3}},
{"id":"4a867262-67c3-4c8e-bbc1-52b435b64a6e","type":"Feature","geometry":{"type":"Polygon","coordinates":[[[41.0806229,19.1273269],[41.0806372,19.1273222],[41.0806043,19.1272343],[41.0806854,19.1272072],[41.0807747,19.1274461],[41.0806793,19.1274779],[41.0806229,19.1273269]]]},"properties":{"sources":[{"property":"","dataset":"Microsoft ML Buildings","license":"ODbL-1.0","record_id":null,"update_time":"2018-09-01T00:00:00.000Z","confidence":null,"between":null,"provider":"microsoft","resource":"ml_buildings","version":"2025-02-25"}],"is_underground":false,"has_parts":false,"version":3}},
{"id":"af9786af-fc99-4d62-acb3-976b243393b2","type":"Feature","geometry":{"type":"Polygon","coordinates":[[[41.0812554,19.1277564],[41.0813875,19.1277758],[41.0813626,19.1279268],[41.0812305,19.1279074],[41.0812554,19.1277564]]]},"properties":{"sources":[{"property":"","dataset":"Microsoft ML Buildings","license":"ODbL-1.0","record_id":null,"update_time":"2018-09-01T00:00:00.000Z","confidence":null,"between":null,"provider":"microsoft","resource":"ml_buildings","version":"2025-02-25"}],"is_underground":false,"has_parts":false,"version":3}},
{"id":"83a86d43-b742-4640-bf2a-ece66b63d97b","type":"Feature","geometry":{"type":"Polygon","coordinates":[[[41.081432,19.1276373],[41.0815488,19.12764],[41.0815453,19.1277742],[41.0814285,19.1277715],[41.081432,19.1276373]]]},"properties":{"sources":[{"property":"","dataset":"Microsoft ML Buildings","license":"ODbL-1.0","record_id":null,"update_time":"2018-09-01T00:00:00.000Z","confidence":null,"between":null,"provider":"microsoft","resource":"ml_buildings","version":"2025-02-25"}],"is_underground":false,"has_parts":false,"version":3}},
{"id":"a994fa8a-ed8c-458c-b687-fb5f986b85e9","type":"Feature","geometry":{"type":"Polygon","coordinates":[[[41.0817701,19.1278323],[41.0816112,19.1278505],[41.0816176,19.1276664],[41.0817409,19.1276475],[41.0817701,19.1278323]]]},"properties":{"sources":[{"property":"","dataset":"OpenStreetMap","license":"ODbL-1.0","record_id":"w1063332260@1","update_time":"2022-05-24T16:27:43.000Z","confidence":null,"between":null,"provider":"osm","resource":"planet","version":"2026-08-02T00:00:00.000Z"}],"is_underground":false,"has_parts":false,"version":1}},
{"id":"88928235-93b8-4aad-86bd-37cc03fe76ea","type":"Feature","geometry":{"type":"Polygon","coordinates":[[[41.0816112,19.1278505],[41.0818207,19.1278698],[41.081804,19.1280314],[41.0815945,19.128012],[41.0816112,19.1278505]]]},"properties":{"sources":[{"property":"","dataset":"OpenStreetMap","license":"ODbL-1.0","record_id":"w1063324583@1","update_time":"2022-05-24T15:52:22.000Z","confidence":null,"between":null,"provider":"osm","resource":"planet","version":"2026-08-02T00:00:00.000Z"}],"is_underground":false,"has_parts":false,"version":1}},
{"id":"9fbbfa51-238a-44ca-ac4c-af6fec7da90f","type":"Feature","geometry":{"type":"Polygon","coordinates":[[[41.0818102,19.1278178],[41.0819764,19.1277652],[41.0819973,19.1280375],[41.0818333,19.1280274],[41.0818302,19.1278935],[41.0818102,19.1278178]]]},"properties":{"sources":[{"property":"","dataset":"OpenStreetMap","license":"ODbL-1.0","record_id":"w1063332259@1","update_time":"2022-05-24T16:27:43.000Z","confidence":null,"between":null,"provider":"osm","resource":"planet","version":"2026-08-02T00:00:00.000Z"}],"is_underground":false,"has_parts":false,"version":1}},
{"id":"5f504222-73d5-4d74-aae9-06e6f81d2b65","type":"Feature","geometry":{"type":"Polygon","coordinates":[[[41.0819811,19.1276988],[41.0819827,19.1277647],[41.0818969,19.1277666],[41.0818953,19.1277007],[41.0819811,19.1276988]]]},"properties":{"sources":[{"property":"","dataset":"Microsoft ML Buildings","license":"ODbL-1.0","record_id":null,"update_time":"2018-09-01T00:00:00.000Z","confidence":null,"between":null,"provider":"microsoft","resource":"ml_buildings","version":"2025-02-25"}],"is_underground":false,"has_parts":false,"version":3}},
{"id":"2e314c4f-f36d-4784-9d4f-a2129430cfc1","type":"Feature","geometry":{"type":"Polygon","coordinates":[[[41.0817939,19.1277188],[41.0817951,19.1277186],[41.0817839,19.1276441],[41.08183,19.1276379],[41.0818508,19.1277757],[41.0818035,19.127782],[41.0817939,19.1277188]]]},"properties":{"sources":[{"property":"","dataset":"Microsoft ML Buildings","license":"ODbL-1.0","record_id":null,"update_time":"2018-09-01T00:00:00.000Z","confidence":null,"between":null,"provider":"microsoft","resource":"ml_buildings","version":"2025-02-25"}],"is_underground":false,"has_parts":false,"version":3}},
{"id":"1bf8fe38-fbf1-42de-adca-b1f98ddc07d3","type":"Feature","geometry":{"type":"Polygon","coordinates":[[[41.0813472,19.1272035],[41.0813727,19.1270556],[41.0814073,19.1270506],[41.0816146,19.1270825],[41.0816355,19.1272116],[41.0815612,19.1272223],[41.0815563,19.1272509],[41.0816243,19.1272411],[41.081682,19.1272499],[41.0816802,19.1272392],[41.0817386,19.1272308],[41.0817178,19.1272276],[41.0818627,19.1272066],[41.0818893,19.1273712],[41.0817924,19.1273852],[41.081803,19.1274509],[41.0815986,19.1274805],[41.0815807,19.1273702],[41.0816962,19.1273535],[41.0816537,19.1273469],[41.0815499,19.1273619],[41.0815445,19.1273288],[41.081363,19.1273008],[41.0813472,19.1272035]]]},"properties":{"sources":[{"property":"","dataset":"Microsoft ML Buildings","license":"ODbL-1.0","record_id":null,"update_time":"2018-09-01T00:00:00.000Z","confidence":null,"between":null,"provider":"microsoft","resource":"ml_buildings","version":"2025-02-25"}],"is_underground":false,"has_parts":false,"version":3}},
{"id":"3cc19f53-712a-4759-80c2-e173cacc7bd8","type":"Feature","geometry":{"type":"Polygon","coordinates":[[[41.0818579,19.1271973],[41.0816503,19.127202],[41.0816475,19.1270892],[41.081855,19.1270845],[41.0818579,19.1271973]]]},"properties":{"sources":[{"property":"","dataset":"Microsoft ML Buildings","license":"ODbL-1.0","record_id":null,"update_time":"2018-09-01T00:00:00.000Z","confidence":null,"between":null,"provider":"microsoft","resource":"ml_buildings","version":"2025-02-25"}],"is_underground":false,"has_parts":false,"version":3}},
{"id":"e3bf8cd9-76bb-4e6c-be64-178f1a9e44d7","type":"Feature","geometry":{"type":"Polygon","coordinates":[[[41.0819075,19.1270093],[41.0819013,19.1269909],[41.0819574,19.1269742],[41.0819636,19.1269926],[41.0819075,19.1270093]]]},"properties":{"sources":[{"property":"","dataset":"Microsoft ML Buildings","license":"ODbL-1.0","record_id":null,"update_time":"2018-09-01T00:00:00.000Z","confidence":null,"between":null,"provider":"microsoft","resource":"ml_buildings","version":"2025-02-25"}],"is_underground":false,"has_parts":false,"version":3}},
{"id":"35e1600c-0745-4cce-ab33-5ee8d21cafb5","type":"Feature","geometry":{"type":"Polygon","coordinates":[[[41.0819977,19.1267552],[41.0819941,19.1269173],[41.0818639,19.1269147],[41.0818649,19.1268666],[41.0818247,19.1268658],[41.0818273,19.1267518],[41.0819977,19.1267552]]]},"properties":{"sources":[{"property":"","dataset":"Microsoft ML Buildings","license":"ODbL-1.0","record_id":null,"update_time":"2018-09-01T00:00:00.000Z","confidence":null,"between":null,"provider":"microsoft","resource":"ml_buildings","version":"2025-02-25"}],"is_underground":false,"has_parts":false,"version":3}},
{"id":"7027994c-c122-47c8-adb8-d256d26984a4","type":"Feature","geometry":{"type":"Polygon","coordinates":[[[41.0814469,19.1266648],[41.0814364,19.1265544],[41.0816788,19.1265338],[41.0816957,19.1265374],[41.0817599,19.126532],[41.0817656,19.1265912],[41.0817111,19.1265958],[41.0817037,19.1266265],[41.0817675,19.1266402],[41.0817707,19.126673],[41.0817463,19.1266751],[41.0817003,19.1266651],[41.0816412,19.1266701],[41.0817201,19.1266871],[41.0817079,19.1267377],[41.0817625,19.1267495],[41.0817443,19.1268247],[41.0815548,19.1268408],[41.0815517,19.1268079],[41.0815066,19.1267982],[41.0815233,19.1267295],[41.0815308,19.1267288],[41.0815256,19.1266749],[41.0815025,19.1266768],[41.0814469,19.1266648]]]},"properties":{"sources":[{"property":"","dataset":"Microsoft ML Buildings","license":"ODbL-1.0","record_id":null,"update_time":"2018-09-01T00:00:00.000Z","confidence":null,"between":null,"provider":"microsoft","resource":"ml_buildings","version":"2025-02-25"}],"is_underground":false,"has_parts":false,"version":3}},
{"id":"68031275-487a-45a8-bfba-869fadb11510","type":"Feature","geometry":{"type":"Polygon","coordinates":[[[41.0814148,19.1269727],[41.081403,19.126914],[41.0814574,19.1269042],[41.0814692,19.1269629],[41.0814148,19.1269727]]]},"properties":{"sources":[{"property":"","dataset":"Microsoft ML Buildings","license":"ODbL-1.0","record_id":null,"update_time":"2018-09-01T00:00:00.000Z","confidence":null,"between":null,"provider":"microsoft","resource":"ml_buildings","version":"2025-02-25"}],"is_underground":false,"has_parts":false,"version":3}},
{"id":"f309148e-7010-48d2-8158-56c80ea938d5","type":"Feature","geometry":{"type":"Polygon","coordinates":[[[41.0813002,19.1267172],[41.0812636,19.1265789],[41.0813545,19.1265574],[41.0813675,19.1266064],[41.0814093,19.1265966],[41.0814348,19.126693],[41.0814626,19.1266865],[41.0814894,19.126788],[41.0813542,19.1268199],[41.0813371,19.1267555],[41.0813851,19.1267442],[41.0813734,19.1266999],[41.0813002,19.1267172]]]},"properties":{"sources":[{"property":"","dataset":"Microsoft ML Buildings","license":"ODbL-1.0","record_id":null,"update_time":"2018-09-01T00:00:00.000Z","confidence":null,"between":null,"provider":"microsoft","resource":"ml_buildings","version":"2025-02-25"}],"is_underground":false,"has_parts":false,"version":3}},
{"id":"3e6300e3-cbfe-4ba8-b361-387422035735","type":"Feature","geometry":{"type":"Polygon","coordinates":[[[41.0813963,19.1268949],[41.0813918,19.1268355],[41.0814372,19.1268324],[41.0814417,19.1268918],[41.0813963,19.1268949]]]},"properties":{"sources":[{"property":"","dataset":"Microsoft ML Buildings","license":"ODbL-1.0","record_id":null,"update_time":"2018-09-01T00:00:00.000Z","confidence":null,"between":null,"provider":"microsoft","resource":"ml_buildings","version":"2025-02-25"}],"is_underground":false,"has_parts":false,"version":3}},
{"id":"ec52deb3-f06c-4dc4-a575-7ce4e1646875","type":"Feature","geometry":{"type":"Polygon","coordinates":[[[41.0813151,19.1268979],[41.081345,19.1269962],[41.0812235,19.1270292],[41.0811937,19.1269309],[41.0813151,19.1268979]]]},"properties":{"sources":[{"property":"","dataset":"Microsoft ML Buildings","license":"ODbL-1.0","record_id":null,"update_time":"2018-09-01T00:00:00.000Z","confidence":null,"between":null,"provider":"microsoft","resource":"ml_buildings","version":"2025-02-25"}],"is_underground":false,"has_parts":false,"version":3}},
{"id":"ad3a8c05-6796-4f37-b870-ec9fb4090c1e","type":"Feature","geometry":{"type":"Polygon","coordinates":[[[41.0813367,19.1269489],[41.081375,19.1269408],[41.0813853,19.1269842],[41.0813471,19.1269924],[41.0813367,19.1269489]]]},"properties":{"sources":[{"property":"","dataset":"Microsoft ML Buildings","license":"ODbL-1.0","record_id":null,"update_time":"2018-09-01T00:00:00.000Z","confidence":null,"between":null,"provider":"microsoft","resource":"ml_buildings","version":"2025-02-25"}],"is_underground":false,"has_parts":false,"version":3}},
{"id":"b718f460-1ef5-4a2c-bace-cfc63b17e379","type":"Feature","geometry":{"type":"Polygon","coordinates":[[[41.0812068,19.1272459],[41.0812428,19.1272309],[41.081269,19.1272873],[41.0812331,19.1273023],[41.0812068,19.1272459]]]},"properties":{"sources":[{"property":"","dataset":"Microsoft ML Buildings","license":"ODbL-1.0","record_id":null,"update_time":"2018-09-01T00:00:00.000Z","confidence":null,"between":null,"provider":"microsoft","resource":"ml_buildings","version":"2025-02-25"}],"is_underground":false,"has_parts":false,"version":3}},
{"id":"dd7cccaf-6a01-44fe-9dcd-a9dbab4b94c5","type":"Feature","geometry":{"type":"Polygon","coordinates":[[[41.0811736,19.1272116],[41.0811702,19.1270886],[41.0812399,19.1270868],[41.0812424,19.1271755],[41.0812987,19.1271741],[41.0812996,19.1272084],[41.0811736,19.1272116]]]},"properties":{"sources":[{"property":"","dataset":"Microsoft ML Buildings","license":"ODbL-1.0","record_id":null,"update_time":"2018-09-01T00:00:00.000Z","confidence":null,"between":null,"provider":"microsoft","resource":"ml_buildings","version":"2025-02-25"}],"is_underground":false,"has_parts":false,"version":3}},
{"id":"a9fb9d69-2606-45db-8297-4eb5bf18711e","type":"Feature","geometry":{"type":"Polygon","coordinates":[[[41.0811487,19.1269754],[41.0811679,19.1270522],[41.0809404,19.1271031],[41.0809001,19.1269423],[41.0810398,19.126911],[41.0810609,19.126995],[41.0811487,19.1269754]]]},"properties":{"sources":[{"property":"","dataset":"Microsoft ML Buildings","license":"ODbL-1.0","record_id":null,"update_time":"2018-09-01T00:00:00.000Z","confidence":null,"between":null,"provider":"microsoft","resource":"ml_buildings","version":"2025-02-25"}],"is_underground":false,"has_parts":false,"version":3}},
{"id":"0fe2b13a-34eb-42b6-ae5a-be3112e24d62","type":"Feature","geometry":{"type":"Polygon","coordinates":[[[41.0810338,19.1271649],[41.0810245,19.1271184],[41.0810644,19.1271112],[41.0810738,19.1271577],[41.0810338,19.1271649]]]},"properties":{"sources":[{"property":"","dataset":"Microsoft ML Buildings","license":"ODbL-1.0","record_id":null,"update_time":"2018-09-01T00:00:00.000Z","confidence":null,"between":null,"provider":"microsoft","resource":"ml_buildings","version":"2025-02-25"}],"is_underground":false,"has_parts":false,"version":3}},
{"id":"6becb59a-9290-40ce-bd1d-56a713d26ba1","type":"Feature","geometry":{"type":"Polygon","coordinates":[[[41.0807205,19.1271508],[41.0807586,19.1272549],[41.0806988,19.1272745],[41.0806158,19.1270483],[41.0807872,19.1269922],[41.0807988,19.1270238],[41.0808587,19.1270042],[41.0808918,19.1270947],[41.0807205,19.1271508]]]},"properties":{"sources":[{"property":"","dataset":"Microsoft ML Buildings","license":"ODbL-1.0","record_id":null,"update_time":"2018-09-01T00:00:00.000Z","confidence":null,"between":null,"provider":"microsoft","resource":"ml_buildings","version":"2025-02-25"}],"is_underground":false,"has_parts":false,"version":3}},
{"id":"255ef0f3-3306-40ef-8155-b9d12b2b6622","type":"Feature","geometry":{"type":"Polygon","coordinates":[[[41.0805184,19.1272382],[41.0805024,19.1271815],[41.0805535,19.1271685],[41.0805696,19.1272253],[41.0805184,19.1272382]]]},"properties":{"sources":[{"property":"","dataset":"Microsoft ML Buildings","license":"ODbL-1.0","record_id":null,"update_time":"2018-09-01T00:00:00.000Z","confidence":null,"between":null,"provider":"microsoft","resource":"ml_buildings","version":"2025-02-25"}],"is_underground":false,"has_parts":false,"version":3}},
{"id":"58cf895e-7d93-497a-9cbc-83435716dd72","type":"Feature","geometry":{"type":"Polygon","coordinates":[[[41.0808014,19.1270124],[41.0807989,19.1269644],[41.0808524,19.1269619],[41.0808549,19.1270099],[41.0808014,19.1270124]]]},"properties":{"sources":[{"property":"","dataset":"Microsoft ML Buildings","license":"ODbL-1.0","record_id":null,"update_time":"2018-09-01T00:00:00.000Z","confidence":null,"between":null,"provider":"microsoft","resource":"ml_buildings","version":"2025-02-25"}],"is_underground":false,"has_parts":false,"version":3}},
{"id":"d58c83ef-d74c-4b11-8c25-126bc9115b16","type":"Feature","geometry":{"type":"Polygon","coordinates":[[[41.0810542,19.1268198],[41.0810027,19.1268347],[41.0810204,19.126889],[41.080894,19.1269257],[41.0808432,19.1267696],[41.0809181,19.1267478],[41.0809128,19.1267316],[41.0810157,19.1267017],[41.0810542,19.1268198]]]},"properties":{"sources":[{"property":"","dataset":"Microsoft ML Buildings","license":"ODbL-1.0","record_id":null,"update_time":"2018-09-01T00:00:00.000Z","confidence":null,"between":null,"provider":"microsoft","resource":"ml_buildings","version":"2025-02-25"}],"is_underground":false,"has_parts":false,"version":3}},
{"id":"b0fe2ef7-2bd3-4276-97b1-8963921e0926","type":"Feature","geometry":{"type":"Polygon","coordinates":[[[41.0811308,19.1269418],[41.0810861,19.1268312],[41.0811306,19.1268151],[41.0811753,19.1269257],[41.0811308,19.1269418]]]},"properties":{"sources":[{"property":"","dataset":"Microsoft ML Buildings","license":"ODbL-1.0","record_id":null,"update_time":"2018-09-01T00:00:00.000Z","confidence":null,"between":null,"provider":"microsoft","resource":"ml_buildings","version":"2025-02-25"}],"is_underground":false,"has_parts":false,"version":3}},
{"id":"84302879-e2ab-4c2f-b539-7b64e51740c5","type":"Feature","geometry":{"type":"Polygon","coordinates":[[[41.0810706,19.1268075],[41.0810327,19.1266564],[41.0812207,19.1266143],[41.0812414,19.126697],[41.0811855,19.1267095],[41.0812027,19.126778],[41.0810706,19.1268075]]]},"properties":{"sources":[{"property":"","dataset":"Microsoft ML Buildings","license":"ODbL-1.0","record_id":null,"update_time":"2018-09-01T00:00:00.000Z","confidence":null,"between":null,"provider":"microsoft","resource":"ml_buildings","version":"2025-02-25"}],"is_underground":false,"has_parts":false,"version":3}},
{"id":"2f0494c8-5cb2-42a7-82d6-1d8a21b8a7b7","type":"Feature","geometry":{"type":"Polygon","coordinates":[[[41.0806299,19.126514],[41.0806214,19.1264503],[41.0808537,19.1264225],[41.0808818,19.126632],[41.0806774,19.1266564],[41.0806579,19.1265107],[41.0806299,19.126514]]]},"properties":{"sources":[{"property":"","dataset":"Microsoft ML Buildings","license":"ODbL-1.0","record_id":null,"update_time":"2018-09-01T00:00:00.000Z","confidence":null,"between":null,"provider":"microsoft","resource":"ml_buildings","version":"2025-02-25"}],"is_underground":false,"has_parts":false,"version":3}},
{"id":"986c6e81-c373-4f72-9f19-243b95fae4f9","type":"Feature","geometry":{"type":"Polygon","coordinates":[[[41.0806688,19.1263157],[41.0806741,19.1264041],[41.0805404,19.1264113],[41.0805351,19.1263229],[41.0806688,19.1263157]]]},"properties":{"sources":[{"property":"","dataset":"Microsoft ML Buildings","license":"ODbL-1.0","record_id":null,"update_time":"2018-09-01T00:00:00.000Z","confidence":null,"between":null,"provider":"microsoft","resource":"ml_buildings","version":"2025-02-25"}],"is_underground":false,"has_parts":false,"version":3}},
{"id":"9989602a-5073-4b1d-9776-53ed3c75f58c","type":"Feature","geometry":{"type":"Polygon","coordinates":[[[41.0807533,19.1261597],[41.0808042,19.1263676],[41.0806958,19.1263913],[41.0806714,19.1262917],[41.0806307,19.1263006],[41.0806041,19.1261924],[41.0807533,19.1261597]]]},"properties":{"sources":[{"property":"","dataset":"Microsoft ML Buildings","license":"ODbL-1.0","record_id":null,"update_time":"2018-09-01T00:00:00.000Z","confidence":null,"between":null,"provider":"microsoft","resource":"ml_buildings","version":"2025-02-25"}],"is_underground":false,"has_parts":false,"version":3}},
{"id":"d0d401ca-d200-4aec-bffb-d95eb17bc0f9","type":"Feature","geometry":{"type":"Polygon","coordinates":[[[41.080578,19.1262287],[41.0805848,19.1262655],[41.0805302,19.1262746],[41.0805233,19.1262378],[41.080578,19.1262287]]]},"properties":{"sources":[{"property":"","dataset":"Microsoft ML Buildings","license":"ODbL-1.0","record_id":null,"update_time":"2018-09-01T00:00:00.000Z","confidence":null,"between":null,"provider":"microsoft","resource":"ml_buildings","version":"2025-02-25"}],"is_underground":false,"has_parts":false,"version":3}},
{"id":"79cc3c6a-bc1f-4e29-9c69-5891f5ed821f","type":"Feature","geometry":{"type":"Polygon","coordinates":[[[41.0806383,19.1260901],[41.0806538,19.1261567],[41.0803867,19.1262122],[41.0803425,19.1260222],[41.0804485,19.1260002],[41.0804443,19.1259823],[41.0805277,19.125965],[41.0805425,19.1260288],[41.0804376,19.1260506],[41.0804472,19.1260917],[41.0807312,19.1260328],[41.0807396,19.126069],[41.0806383,19.1260901]]]},"properties":{"sources":[{"property":"","dataset":"Microsoft ML Buildings","license":"ODbL-1.0","record_id":null,"update_time":"2018-09-01T00:00:00.000Z","confidence":null,"between":null,"provider":"microsoft","resource":"ml_buildings","version":"2025-02-25"}],"is_underground":false,"has_parts":false,"version":3}},
{"id":"b9e5c9c7-3ba1-4893-9637-cbfa5c664304","type":"Feature","geometry":{"type":"Polygon","coordinates":[[[41.0809556,19.1263212],[41.0808658,19.1263487],[41.0807962,19.1261455],[41.0809088,19.1261111],[41.0809253,19.1261592],[41.0809632,19.1261477],[41.0810025,19.1262624],[41.0809646,19.1262739],[41.0809796,19.1263175],[41.0810451,19.1262975],[41.0810561,19.1263296],[41.0809677,19.1263566],[41.0809556,19.1263212]]]},"properties":{"sources":[{"property":"","dataset":"Microsoft ML Buildings","license":"ODbL-1.0","record_id":null,"update_time":"2018-09-01T00:00:00.000Z","confidence":null,"between":null,"provider":"microsoft","resource":"ml_buildings","version":"2025-02-25"}],"is_underground":false,"has_parts":false,"version":3}},
{"id":"5eb7d282-c05a-49ef-9149-cbb15a48542c","type":"Feature","geometry":{"type":"Polygon","coordinates":[[[41.0812141,19.1261757],[41.0810959,19.1262063],[41.0811072,19.1262453],[41.0810448,19.1262615],[41.0809983,19.1261013],[41.0811789,19.1260544],[41.0812141,19.1261757]]]},"properties":{"sources":[{"property":"","dataset":"Microsoft ML Buildings","license":"ODbL-1.0","record_id":null,"update_time":"2018-09-01T00:00:00.000Z","confidence":null,"between":null,"provider":"microsoft","resource":"ml_buildings","version":"2025-02-25"}],"is_underground":false,"has_parts":false,"version":3}},
{"id":"31c86cba-b226-4bc7-b731-b1dc1585c5d7","type":"Feature","geometry":{"type":"Polygon","coordinates":[[[41.0812418,19.1262008],[41.0812533,19.1262463],[41.0811722,19.1262647],[41.0811606,19.1262192],[41.0812418,19.1262008]]]},"properties":{"sources":[{"property":"","dataset":"Microsoft ML Buildings","license":"ODbL-1.0","record_id":null,"update_time":"2018-09-01T00:00:00.000Z","confidence":null,"between":null,"provider":"microsoft","resource":"ml_buildings","version":"2025-02-25"}],"is_underground":false,"has_parts":false,"version":3}},
{"id":"39d6232d-0f86-4a95-9869-bbdc03c592b7","type":"Feature","geometry":{"type":"Polygon","coordinates":[[[41.0815891,19.1263379],[41.0814704,19.1263527],[41.0814471,19.1261858],[41.0814023,19.1261914],[41.0813864,19.1260779],[41.0814086,19.1260752],[41.0814004,19.1260168],[41.0815707,19.1259955],[41.0815935,19.1261585],[41.0817332,19.1261411],[41.0817614,19.1263428],[41.0815927,19.1263639],[41.0815891,19.1263379]]]},"properties":{"sources":[{"property":"","dataset":"Microsoft ML Buildings","license":"ODbL-1.0","record_id":null,"update_time":"2018-09-01T00:00:00.000Z","confidence":null,"between":null,"provider":"microsoft","resource":"ml_buildings","version":"2025-02-25"}],"is_underground":false,"has_parts":false,"version":3}},
{"id":"0fde69c7-9bce-4779-8196-68fa69e31a50","type":"Feature","geometry":{"type":"Polygon","coordinates":[[[41.081481,19.1263957],[41.0815145,19.1263926],[41.0815185,19.1264316],[41.0814851,19.1264347],[41.081481,19.1263957]]]},"properties":{"sources":[{"property":"","dataset":"Microsoft ML Buildings","license":"ODbL-1.0","record_id":null,"update_time":"2018-09-01T00:00:00.000Z","confidence":null,"between":null,"provider":"microsoft","resource":"ml_buildings","version":"2025-02-25"}],"is_underground":false,"has_parts":false,"version":3}},
{"id":"b3b56c85-f713-4526-9ff5-0657acb4ad3e","type":"Feature","geometry":{"type":"Polygon","coordinates":[[[41.0821414,19.1264711],[41.0821823,19.126653],[41.0819769,19.1266942],[41.0819361,19.1265123],[41.0821414,19.1264711]]]},"properties":{"sources":[{"property":"","dataset":"Microsoft ML Buildings","license":"ODbL-1.0","record_id":null,"update_time":"2018-09-01T00:00:00.000Z","confidence":null,"between":null,"provider":"microsoft","resource":"ml_buildings","version":"2025-02-25"}],"is_underground":false,"has_parts":false,"version":3}},
{"id":"b7734fee-4cb4-44ec-996d-05bf96a24170","type":"Feature","geometry":{"type":"Polygon","coordinates":[[[41.0821593,19.1266714],[41.0822257,19.1266454],[41.0823057,19.1268275],[41.0823081,19.1268487],[41.0822725,19.1268627],[41.0822202,19.126868],[41.0821941,19.1268782],[41.0821291,19.1268848],[41.082103,19.1268951],[41.0820722,19.1268982],[41.0820236,19.1269173],[41.0819993,19.1267038],[41.0820548,19.126682],[41.0821593,19.1266714]]]},"properties":{"sources":[{"property":"","dataset":"Microsoft ML Buildings","license":"ODbL-1.0","record_id":null,"update_time":"2018-09-01T00:00:00.000Z","confidence":null,"between":null,"provider":"microsoft","resource":"ml_buildings","version":"2025-02-25"}],"is_underground":false,"has_parts":false,"version":3}},
{"id":"fd04e7e5-1e5f-4a80-9b6b-867af71e6467","type":"Feature","geometry":{"type":"Polygon","coordinates":[[[41.082217,19.1268976],[41.0823075,19.1268811],[41.0823332,19.1270069],[41.0821781,19.1270352],[41.0821613,19.1269533],[41.082226,19.1269415],[41.082217,19.1268976]]]},"properties":{"sources":[{"property":"","dataset":"Microsoft ML Buildings","license":"ODbL-1.0","record_id":null,"update_time":"2018-09-01T00:00:00.000Z","confidence":null,"between":null,"provider":"microsoft","resource":"ml_buildings","version":"2025-02-25"}],"is_underground":false,"has_parts":false,"version":3}},
{"id":"63c54d39-984b-4c2e-808e-b9bcfb1b2395","type":"Feature","geometry":{"type":"Polygon","coordinates":[[[41.0821856,19.1270714],[41.0821728,19.1270742],[41.0821804,19.1271055],[41.0820568,19.127132],[41.0820395,19.1270596],[41.0821758,19.1270305],[41.0821856,19.1270714]]]},"properties":{"sources":[{"property":"","dataset":"Microsoft ML Buildings","license":"ODbL-1.0","record_id":null,"update_time":"2018-09-01T00:00:00.000Z","confidence":null,"between":null,"provider":"microsoft","resource":"ml_buildings","version":"2025-02-25"}],"is_underground":false,"has_parts":false,"version":3}},
{"id":"210cb31d-fbe0-44a9-b4fe-f09474d9dd44","type":"Feature","geometry":{"type":"Polygon","coordinates":[[[41.0820891,19.1271583],[41.0821534,19.1271567],[41.082157,19.1272846],[41.0819453,19.1272899],[41.0819434,19.1272215],[41.0819234,19.127222],[41.0819211,19.1271385],[41.0820884,19.1271343],[41.0820891,19.1271583]]]},"properties":{"sources":[{"property":"","dataset":"Microsoft ML Buildings","license":"ODbL-1.0","record_id":null,"update_time":"2018-09-01T00:00:00.000Z","confidence":null,"between":null,"provider":"microsoft","resource":"ml_buildings","version":"2025-02-25"}],"is_underground":false,"has_parts":false,"version":3}},
{"id":"2818e3d3-6d93-45e0-89e2-a5c79a642433","type":"Feature","geometry":{"type":"Polygon","coordinates":[[[41.0823625,19.1270819],[41.0823637,19.1270817],[41.0824005,19.1273161],[41.0822839,19.1273325],[41.0822648,19.127211],[41.0822438,19.1272139],[41.0822274,19.1271098],[41.0822102,19.1271122],[41.0821993,19.1270428],[41.082353,19.1270212],[41.0823625,19.1270819]]]},"properties":{"sources":[{"property":"","dataset":"Microsoft ML Buildings","license":"ODbL-1.0","record_id":null,"update_time":"2018-09-01T00:00:00.000Z","confidence":null,"between":null,"provider":"microsoft","resource":"ml_buildings","version":"2025-02-25"}],"is_underground":false,"has_parts":false,"version":3}},
{"id":"96dbd386-65d7-4c83-b0c4-1e58e136f0bb","type":"Feature","geometry":{"type":"Polygon","coordinates":[[[41.0832803,19.1249095],[41.0833682,19.1250825],[41.0832047,19.1251566],[41.0830566,19.1248652],[41.0832193,19.1247914],[41.0832795,19.1249098],[41.0832803,19.1249095]]]},"properties":{"sources":[{"property":"","dataset":"Microsoft ML Buildings","license":"ODbL-1.0","record_id":null,"update_time":"2018-09-01T00:00:00.000Z","confidence":null,"between":null,"provider":"microsoft","resource":"ml_buildings","version":"2025-02-25"}],"is_underground":false,"has_parts":false,"version":3}},
{"id":"1d60c435-d889-4456-8c1e-4e4871acbf35","type":"Feature","geometry":{"type":"Polygon","coordinates":[[[41.0819285,19.1255829],[41.0820053,19.1255452],[41.0820284,19.1255871],[41.0819515,19.1256248],[41.0819285,19.1255829]]]},"properties":{"sources":[{"property":"","dataset":"Microsoft ML Buildings","license":"ODbL-1.0","record_id":null,"update_time":"2018-09-01T00:00:00.000Z","confidence":null,"between":null,"provider":"microsoft","resource":"ml_buildings","version":"2025-02-25"}],"is_underground":false,"has_parts":false,"version":3}},
{"id":"44049f81-872c-4528-9ed8-bf3ac20afe45","type":"Feature","geometry":{"type":"Polygon","coordinates":[[[41.0811609,19.1255756],[41.0813427,19.125509],[41.0814097,19.125672],[41.0812278,19.1257386],[41.0811609,19.1255756]]]},"properties":{"sources":[{"property":"","dataset":"Microsoft ML Buildings","license":"ODbL-1.0","record_id":null,"update_time":"2018-09-01T00:00:00.000Z","confidence":null,"between":null,"provider":"microsoft","resource":"ml_buildings","version":"2025-02-25"}],"is_underground":false,"has_parts":false,"version":3}},
{"id":"5a59b965-3a2f-40c1-892c-f9446255441d","type":"Feature","geometry":{"type":"Polygon","coordinates":[[[41.0809916,19.1256064],[41.0810594,19.1257213],[41.0809468,19.1257806],[41.0808898,19.1256839],[41.0809647,19.1256444],[41.0809567,19.1256309],[41.0808625,19.1256805],[41.0808181,19.125605],[41.0808189,19.1256046],[41.0807596,19.125504],[41.0809062,19.1254269],[41.080966600000004,19.1255294],[41.0810063,19.1255085],[41.0810469,19.1255773],[41.0809916,19.1256064]]]},"properties":{"sources":[{"property":"","dataset":"Microsoft ML Buildings","license":"ODbL-1.0","record_id":null,"update_time":"2018-09-01T00:00:00.000Z","confidence":null,"between":null,"provider":"microsoft","resource":"ml_buildings","version":"2025-02-25"}],"is_underground":false,"has_parts":false,"version":3}},
{"id":"9ebec5af-cf59-4924-a446-80d1881f1ef9","type":"Feature","geometry":{"type":"Polygon","coordinates":[[[41.0807998,19.1254743],[41.0807327,19.1255156],[41.0808369,19.125667],[41.0807098,19.125745],[41.0805473,19.1255088],[41.0807416,19.1253896],[41.0807998,19.1254743]]]},"properties":{"sources":[{"property":"","dataset":"Microsoft ML Buildings","license":"ODbL-1.0","record_id":null,"update_time":"2018-09-01T00:00:00.000Z","confidence":null,"between":null,"provider":"microsoft","resource":"ml_buildings","version":"2025-02-25"}],"is_underground":false,"has_parts":false,"version":3}},
{"id":"22e31760-b00e-41d2-9547-ed54e07efa38","type":"Feature","geometry":{"type":"Polygon","coordinates":[[[41.0809984,19.125433],[41.0809648,19.1253176],[41.0813163,19.1252261],[41.08135,19.1253415],[41.0809984,19.125433]]]},"properties":{"sources":[{"property":"","dataset":"Microsoft ML Buildings","license":"ODbL-1.0","record_id":null,"update_time":"2018-09-01T00:00:00.000Z","confidence":null,"between":null,"provider":"microsoft","resource":"ml_buildings","version":"2025-02-25"}],"is_underground":false,"has_parts":false,"version":3}},
{"id":"41ce1520-75a2-4388-a0c1-b0c4f0d4604a","type":"Feature","geometry":{"type":"Polygon","coordinates":[[[41.0806417,19.1251405],[41.0806674,19.1251957],[41.0805852,19.12523],[41.0805594,19.1251748],[41.0806417,19.1251405]]]},"properties":{"sources":[{"property":"","dataset":"Microsoft ML Buildings","license":"ODbL-1.0","record_id":null,"update_time":"2018-09-01T00:00:00.000Z","confidence":null,"between":null,"provider":"microsoft","resource":"ml_buildings","version":"2025-02-25"}],"is_underground":false,"has_parts":false,"version":3}},
{"id":"6a3de93c-b44d-43d8-95d8-924f71edb45a","type":"Feature","geometry":{"type":"Polygon","coordinates":[[[41.0807649,19.1250943],[41.0807423,19.1249402],[41.0809345,19.124915],[41.0809571,19.1250692],[41.0807649,19.1250943]]]},"properties":{"sources":[{"property":"","dataset":"Microsoft ML Buildings","license":"ODbL-1.0","record_id":null,"update_time":"2018-09-01T00:00:00.000Z","confidence":null,"between":null,"provider":"microsoft","resource":"ml_buildings","version":"2025-02-25"}],"is_underground":false,"has_parts":false,"version":3}},
{"id":"be93ecdf-75f3-40c8-91df-ca07e7bdbade","type":"Feature","geometry":{"type":"Polygon","coordinates":[[[41.0810043,19.1247203],[41.081006,19.1247403],[41.0806722,19.1247669],[41.0806579,19.1246066],[41.0806218,19.1245224],[41.0806145,19.1244406],[41.0805683,19.1244443],[41.0805622,19.1243764],[41.0803372,19.1243943],[41.0803117,19.1243348],[41.0803082,19.1242952],[41.0802523,19.1242997],[41.0802446,19.1242141],[41.0805397,19.1241906],[41.0805837,19.1241871],[41.0806162,19.1242628],[41.0805517,19.1242874],[41.0806688,19.1242781],[41.080681,19.124415],[41.0807993,19.1244056],[41.0807742,19.1244152],[41.0808531,19.1244089],[41.0808959,19.1245088],[41.0809016,19.1245723],[41.0809396,19.1245693],[41.0810043,19.1247203]]]},"properties":{"sources":[{"property":"","dataset":"Microsoft ML Buildings","license":"ODbL-1.0","record_id":null,"update_time":"2018-09-01T00:00:00.000Z","confidence":null,"between":null,"provider":"microsoft","resource":"ml_buildings","version":"2025-02-25"}],"is_underground":false,"has_parts":false,"version":3}},
{"id":"a00e8a3a-cc5b-4e43-9600-641b08e6ead9","type":"Feature","geometry":{"type":"Polygon","coordinates":[[[41.0827644,19.1239986],[41.082753,19.1239584],[41.0829733,19.1239027],[41.0829847,19.1239429],[41.0827644,19.1239986]]]},"properties":{"sources":[{"property":"","dataset":"Microsoft ML Buildings","license":"ODbL-1.0","record_id":null,"update_time":"2018-09-01T00:00:00.000Z","confidence":null,"between":null,"provider":"microsoft","resource":"ml_buildings","version":"2025-02-25"}],"is_underground":false,"has_parts":false,"version":3}},
{"id":"c93fb80c-7efb-4473-8f99-17189c2b5447","type":"Feature","geometry":{"type":"Polygon","coordinates":[[[41.0829231,19.1239926],[41.0830349,19.1239738],[41.0830432,19.124018],[41.0829315,19.1240368],[41.0829231,19.1239926]]]},"properties":{"sources":[{"property":"","dataset":"Microsoft ML Buildings","license":"ODbL-1.0","record_id":null,"update_time":"2018-09-01T00:00:00.000Z","confidence":null,"between":null,"provider":"microsoft","resource":"ml_buildings","version":"2025-02-25"}],"is_underground":false,"has_parts":false,"version":3}},
{"id":"1178ba73-fcf9-42d7-babd-02248d41e116","type":"Feature","geometry":{"type":"Polygon","coordinates":[[[41.0828293,19.1240262],[41.0829139,19.1239974],[41.0829392,19.1240635],[41.0828546,19.1240923],[41.0828293,19.1240262]]]},"properties":{"sources":[{"property":"","dataset":"Microsoft ML Buildings","license":"ODbL-1.0","record_id":null,"update_time":"2018-09-01T00:00:00.000Z","confidence":null,"between":null,"provider":"microsoft","resource":"ml_buildings","version":"2025-02-25"}],"is_underground":false,"has_parts":false,"version":3}},
{"id":"76e57922-63c9-4b8d-96e7-25d852030478","type":"Feature","geometry":{"type":"Polygon","coordinates":[[[41.0828099,19.1240576],[41.0828509,19.1241963],[41.0826543,19.1242481],[41.0826404,19.1242011],[41.0825782,19.1242175],[41.0825428,19.1240975],[41.08261,19.1240799],[41.0826273,19.1241386],[41.0827194,19.1241144],[41.0827104,19.1240838],[41.0828099,19.1240576]]]},"properties":{"sources":[{"property":"","dataset":"Microsoft ML Buildings","license":"ODbL-1.0","record_id":null,"update_time":"2018-09-01T00:00:00.000Z","confidence":null,"between":null,"provider":"microsoft","resource":"ml_buildings","version":"2025-02-25"}],"is_underground":false,"has_parts":false,"version":3}},
{"id":"5932c61b-4da9-4245-9a18-8b4542360073","type":"Feature","geometry":{"type":"Polygon","coordinates":[[[41.0831482,19.1244034],[41.0831959,19.1245834],[41.0828972,19.1246541],[41.0828526,19.1244859],[41.082745,19.1245113],[41.0827245,19.1244339],[41.082976,19.1243744],[41.0829934,19.12444],[41.0831482,19.1244034]]]},"properties":{"sources":[{"property":"","dataset":"Microsoft ML Buildings","license":"ODbL-1.0","record_id":null,"update_time":"2018-09-01T00:00:00.000Z","confidence":null,"between":null,"provider":"microsoft","resource":"ml_buildings","version":"2025-02-25"}],"is_underground":false,"has_parts":false,"version":3}},
{"id":"9db816fc-2488-47dc-a542-e70a5d544215","type":"Feature","geometry":{"type":"Polygon","coordinates":[[[41.0834312,19.1240964],[41.0834419,19.1241672],[41.0832526,19.1241928],[41.0832288,19.1240351],[41.0834863,19.1240003],[41.0834995,19.1240872],[41.0834312,19.1240964]]]},"properties":{"sources":[{"property":"","dataset":"Microsoft ML Buildings","license":"ODbL-1.0","record_id":null,"update_time":"2018-09-01T00:00:00.000Z","confidence":null,"between":null,"provider":"microsoft","resource":"ml_buildings","version":"2025-02-25"}],"is_underground":false,"has_parts":false,"version":3}},
{"id":"0998b26c-051d-4207-aa2d-1c05de322b17","type":"Feature","geometry":{"type":"Polygon","coordinates":[[[41.0831422,19.1239574],[41.0831608,19.1240345],[41.0830571,19.1240568],[41.0830473,19.1240158],[41.0830795,19.1240089],[41.0830708,19.1239727],[41.0831422,19.1239574]]]},"properties":{"sources":[{"property":"","dataset":"Microsoft ML Buildings","license":"ODbL-1.0","record_id":null,"update_time":"2018-09-01T00:00:00.000Z","confidence":null,"between":null,"provider":"microsoft","resource":"ml_buildings","version":"2025-02-25"}],"is_underground":false,"has_parts":false,"version":3}},
{"id":"241ada0e-6efe-4f77-a202-6e687745d4ce","type":"Feature","geometry":{"type":"Polygon","coordinates":[[[41.0831548,19.1238477],[41.0831712,19.1239151],[41.0830337,19.123945],[41.0830173,19.1238776],[41.0831548,19.1238477]]]},"properties":{"sources":[{"property":"","dataset":"Microsoft ML Buildings","license":"ODbL-1.0","record_id":null,"update_time":"2018-09-01T00:00:00.000Z","confidence":null,"between":null,"provider":"microsoft","resource":"ml_buildings","version":"2025-02-25"}],"is_underground":false,"has_parts":false,"version":3}},
{"id":"6feaf4db-7758-4391-962e-c4c98d93e77d","type":"Feature","geometry":{"type":"Polygon","coordinates":[[[41.0832071,19.124026],[41.0831945,19.1239676],[41.0834666,19.1239153],[41.0834791,19.1239737],[41.0832071,19.124026]]]},"properties":{"sources":[{"property":"","dataset":"Microsoft ML Buildings","license":"ODbL-1.0","record_id":null,"update_time":"2018-09-01T00:00:00.000Z","confidence":null,"between":null,"provider":"microsoft","resource":"ml_buildings","version":"2025-02-25"}],"is_underground":false,"has_parts":false,"version":3}},
{"id":"90016514-4c3e-4f64-9f0d-5ed7cebadba9","type":"Feature","geometry":{"type":"Polygon","coordinates":[[[41.0836247,19.1237692],[41.0836372,19.123817],[41.0832641,19.1239044],[41.0832516,19.1238566],[41.0836247,19.1237692]]]},"properties":{"sources":[{"property":"","dataset":"Microsoft ML Buildings","license":"ODbL-1.0","record_id":null,"update_time":"2018-09-01T00:00:00.000Z","confidence":null,"between":null,"provider":"microsoft","resource":"ml_buildings","version":"2025-02-25"}],"is_underground":false,"has_parts":false,"version":3}},
{"id":"7a25883d-b1b4-4607-b587-aba5ef8620f2","type":"Feature","geometry":{"type":"Polygon","coordinates":[[[41.0838746,19.1230958],[41.0840872,19.1230523],[41.0841482,19.1233185],[41.083951,19.1233589],[41.0839526,19.1233662],[41.0837733,19.1234029],[41.0837347,19.1232346],[41.0838987,19.1232011],[41.0838746,19.1230958]]]},"properties":{"sources":[{"property":"","dataset":"Microsoft ML Buildings","license":"ODbL-1.0","record_id":null,"update_time":"2018-09-01T00:00:00.000Z","confidence":null,"between":null,"provider":"microsoft","resource":"ml_buildings","version":"2025-02-25"}],"is_underground":false,"has_parts":false,"version":3}},
{"id":"6aa88ec1-f865-4031-bc1c-e5be480d2dee","type":"Feature","geometry":{"type":"Polygon","coordinates":[[[41.0841868,19.1233897],[41.0849596,19.123192],[41.0851111,19.1237207],[41.0846334,19.1238429],[41.0845769,19.1236456],[41.084511,19.1236625],[41.0845687,19.1238641],[41.0840043,19.1240083],[41.0839604,19.123855],[41.0839134,19.123867],[41.0838108,19.1235085],[41.0840957,19.1234358],[41.0841741,19.1237099],[41.0842714,19.123685],[41.0841868,19.1233897]]]},"properties":{"sources":[{"property":"","dataset":"OpenStreetMap","license":"ODbL-1.0","record_id":"w1063332270@1","update_time":"2022-05-24T16:27:43.000Z","confidence":null,"between":null,"provider":"osm","resource":"planet","version":"2026-08-02T00:00:00.000Z"}],"is_underground":false,"has_parts":false,"version":1}},
{"id":"459005a1-7bf5-4b80-ae28-6007c0e13d7b","type":"Feature","geometry":{"type":"Polygon","coordinates":[[[41.0845822,19.124165],[41.0848228,19.1241342],[41.0848442,19.1242835],[41.0846036,19.1243143],[41.0845822,19.124165]]]},"properties":{"sources":[{"property":"","dataset":"Microsoft ML Buildings","license":"ODbL-1.0","record_id":null,"update_time":"2018-09-01T00:00:00.000Z","confidence":null,"between":null,"provider":"microsoft","resource":"ml_buildings","version":"2025-02-25"}],"is_underground":false,"has_parts":false,"version":3}},
{"id":"c17710a6-645f-449e-8cc1-87487be492c7","type":"Feature","geometry":{"type":"Polygon","coordinates":[[[41.0847927,19.1243292],[41.0847925,19.1243267],[41.0848715,19.1243209],[41.0848836,19.124467],[41.0846196,19.1244864],[41.0846078,19.1243428],[41.0847927,19.1243292]]]},"properties":{"sources":[{"property":"","dataset":"Microsoft ML Buildings","license":"ODbL-1.0","record_id":null,"update_time":"2018-09-01T00:00:00.000Z","confidence":null,"between":null,"provider":"microsoft","resource":"ml_buildings","version":"2025-02-25"}],"is_underground":false,"has_parts":false,"version":3}},
{"id":"535c8993-a7c0-46f6-be91-47a3f52b5055","type":"Feature","geometry":{"type":"Polygon","coordinates":[[[41.084815999999996,19.1245079],[41.0848186,19.1245787],[41.0846418,19.1245845],[41.0846392,19.1245137],[41.084815999999996,19.1245079]]]},"properties":{"sources":[{"property":"","dataset":"Microsoft ML Buildings","license":"ODbL-1.0","record_id":null,"update_time":"2018-09-01T00:00:00.000Z","confidence":null,"between":null,"provider":"microsoft","resource":"ml_buildings","version":"2025-02-25"}],"is_underground":false,"has_parts":false,"version":3}},
{"id":"e2453152-2666-4c42-9071-e37d7f09ddef","type":"Feature","geometry":{"type":"Polygon","coordinates":[[[41.0835127,19.1240807],[41.0835057,19.1238833],[41.0836075,19.12388],[41.0836085,19.1239091],[41.0836916,19.1239065],[41.0836976,19.1240748],[41.0835127,19.1240807]]]},"properties":{"sources":[{"property":"","dataset":"Microsoft ML Buildings","license":"ODbL-1.0","record_id":null,"update_time":"2018-09-01T00:00:00.000Z","confidence":null,"between":null,"provider":"microsoft","resource":"ml_buildings","version":"2025-02-25"}],"is_underground":false,"has_parts":false,"version":3}},
{"id":"930b3442-5046-4ea1-bc8a-183431033be0","type":"Feature","geometry":{"type":"Polygon","coordinates":[[[41.083643,19.1252012],[41.0837168,19.1253654],[41.0834365,19.125478],[41.0833612,19.1253105],[41.083328,19.1253238],[41.0832517,19.1251542],[41.0833903,19.1250986],[41.0833778,19.1250707],[41.0834096,19.1250579],[41.083399,19.1250343],[41.0834649,19.1250079],[41.0834852,19.125053],[41.0835965,19.1250083],[41.0836771,19.1251875],[41.083643,19.1252012]]]},"properties":{"sources":[{"property":"","dataset":"Microsoft ML Buildings","license":"ODbL-1.0","record_id":null,"update_time":"2018-09-01T00:00:00.000Z","confidence":null,"between":null,"provider":"microsoft","resource":"ml_buildings","version":"2025-02-25"}],"is_underground":false,"has_parts":false,"version":3}},
{"id":"b826d737-2993-4666-b5ca-34e1df853353","type":"Feature","geometry":{"type":"Polygon","coordinates":[[[41.0837296,19.1253346],[41.0837379,19.12528],[41.0838062,19.1252893],[41.0837979,19.1253439],[41.0837296,19.1253346]]]},"properties":{"sources":[{"property":"","dataset":"Microsoft ML Buildings","license":"ODbL-1.0","record_id":null,"update_time":"2018-09-01T00:00:00.000Z","confidence":null,"between":null,"provider":"microsoft","resource":"ml_buildings","version":"2025-02-25"}],"is_underground":false,"has_parts":false,"version":3}},
{"id":"5ae1d897-63c6-4c37-b1fd-f1e252ad0108","type":"Feature","geometry":{"type":"Polygon","coordinates":[[[41.0842117,19.1251305],[41.0842302,19.1251741],[41.0840963,19.125225],[41.0840777,19.1251813],[41.0842117,19.1251305]]]},"properties":{"sources":[{"property":"","dataset":"Microsoft ML Buildings","license":"ODbL-1.0","record_id":null,"update_time":"2018-09-01T00:00:00.000Z","confidence":null,"between":null,"provider":"microsoft","resource":"ml_buildings","version":"2025-02-25"}],"is_underground":false,"has_parts":false,"version":3}},
{"id":"1f32c1ce-3823-4c3a-bc95-3e93e8e3740b","type":"Feature","geometry":{"type":"Polygon","coordinates":[[[41.0845646,19.1248073],[41.0846369,19.1249621],[41.0843564,19.1250792],[41.084281,19.124918],[41.0843529,19.1248881],[41.084332,19.1248435],[41.0842984,19.1248576],[41.0842855,19.12483],[41.0843528,19.1248019],[41.0843657,19.1248295],[41.0845026,19.1247724],[41.0845264,19.1248233],[41.0845646,19.1248073]]]},"properties":{"sources":[{"property":"","dataset":"Microsoft ML Buildings","license":"ODbL-1.0","record_id":null,"update_time":"2018-09-01T00:00:00.000Z","confidence":null,"between":null,"provider":"microsoft","resource":"ml_buildings","version":"2025-02-25"}],"is_underground":false,"has_parts":false,"version":3}},
{"id":"81acd41a-514b-4bf8-ae4d-86d7d0e47ca5","type":"Feature","geometry":{"type":"Polygon","coordinates":[[[41.0848966,19.1246275],[41.0849523,19.1246219],[41.084961,19.1246996],[41.0849053,19.1247052],[41.0848966,19.1246275]]]},"properties":{"sources":[{"property":"","dataset":"Microsoft ML Buildings","license":"ODbL-1.0","record_id":null,"update_time":"2018-09-01T00:00:00.000Z","confidence":null,"between":null,"provider":"microsoft","resource":"ml_buildings","version":"2025-02-25"}],"is_underground":false,"has_parts":false,"version":3}},
{"id":"413bdf54-07c7-4cf7-aca9-4a1e0737c340","type":"Feature","geometry":{"type":"Polygon","coordinates":[[[41.0850863,19.1246274],[41.0851281,19.1248207],[41.0850226,19.1248411],[41.0850229,19.1248424],[41.0847252,19.1248999],[41.0847007,19.1247867],[41.0846904,19.1247887],[41.0846538,19.1246198],[41.0847584,19.1245995],[41.0847668,19.1246385],[41.0848158,19.124629],[41.0848255,19.1246739],[41.0848847,19.1246625],[41.0848971,19.1247197],[41.0849872,19.1247023],[41.0849756,19.1246488],[41.0850863,19.1246274]]]},"properties":{"sources":[{"property":"","dataset":"Microsoft ML Buildings","license":"ODbL-1.0","record_id":null,"update_time":"2018-09-01T00:00:00.000Z","confidence":null,"between":null,"provider":"microsoft","resource":"ml_buildings","version":"2025-02-25"}],"is_underground":false,"has_parts":false,"version":3}},
{"id":"0424b593-4204-4f5a-868d-8eff29a1243b","type":"Feature","geometry":{"type":"Polygon","coordinates":[[[41.0852946,19.1245862],[41.0853332,19.124769],[41.0851516,19.1248032],[41.0851131,19.1246204],[41.0852946,19.1245862]]]},"properties":{"sources":[{"property":"","dataset":"Microsoft ML Buildings","license":"ODbL-1.0","record_id":null,"update_time":"2018-09-01T00:00:00.000Z","confidence":null,"between":null,"provider":"microsoft","resource":"ml_buildings","version":"2025-02-25"}],"is_underground":false,"has_parts":false,"version":3}},
{"id":"7f9dce49-7a4a-4e10-8f8d-d2cf92258266","type":"Feature","geometry":{"type":"Polygon","coordinates":[[[41.0854667,19.1257156],[41.0854512,19.125806999999998],[41.0853665,19.1257942],[41.085382,19.1257028],[41.0854667,19.1257156]]]},"properties":{"sources":[{"property":"","dataset":"Microsoft ML Buildings","license":"ODbL-1.0","record_id":null,"update_time":"2018-09-01T00:00:00.000Z","confidence":null,"between":null,"provider":"microsoft","resource":"ml_buildings","version":"2025-02-25"}],"is_underground":false,"has_parts":false,"version":3}},
{"id":"f566ee1f-5760-4730-8241-e46a93b363c7","type":"Feature","geometry":{"type":"Polygon","coordinates":[[[41.0855349,19.1250425],[41.0860675,19.1249042],[41.0861352,19.1251378],[41.0860878,19.1251558],[41.0855796,19.1252557],[41.0855349,19.1250425]]]},"properties":{"sources":[{"property":"","dataset":"OpenStreetMap","license":"ODbL-1.0","record_id":"w1063332266@1","update_time":"2022-05-24T16:27:43.000Z","confidence":null,"between":null,"provider":"osm","resource":"planet","version":"2026-08-02T00:00:00.000Z"}],"is_underground":false,"has_parts":false,"version":1}},
{"id":"26ecc91f-fef7-4210-a5f3-38be6e8b91f9","type":"Feature","geometry":{"type":"Polygon","coordinates":[[[41.086337,19.1242079],[41.0863534,19.1244969],[41.0859728,19.1245565],[41.0857066,19.1235262],[41.0861222,19.1234248],[41.086337,19.1242079]]]},"properties":{"sources":[{"property":"","dataset":"OpenStreetMap","license":"ODbL-1.0","record_id":"w1063332267@1","update_time":"2022-05-24T16:27:43.000Z","confidence":null,"between":null,"provider":"osm","resource":"planet","version":"2026-08-02T00:00:00.000Z"}],"is_underground":false,"has_parts":false,"version":1}},
{"id":"0fbd63fd-8d89-4cec-b567-915c32639a6e","type":"Feature","geometry":{"type":"Polygon","coordinates":[[[41.0852699,19.1238814],[41.0856855,19.1237844],[41.085912,19.1246293],[41.0856996,19.1246867],[41.0856178,19.1243734],[41.0854124,19.1244308],[41.0852699,19.1238814]]]},"properties":{"sources":[{"property":"","dataset":"OpenStreetMap","license":"ODbL-1.0","record_id":"w1063332268@1","update_time":"2022-05-24T16:27:43.000Z","confidence":null,"between":null,"provider":"osm","resource":"planet","version":"2026-08-02T00:00:00.000Z"}],"is_underground":false,"has_parts":false,"version":1}},
{"id":"66f66fce-97b7-4e8e-a91e-2fe05afe6bd2","type":"Feature","geometry":{"type":"Polygon","coordinates":[[[41.085659,19.1246717],[41.0854553,19.1247125],[41.0853987,19.1244603],[41.0856024,19.1244195],[41.085659,19.1246717]]]},"properties":{"sources":[{"property":"","dataset":"Microsoft ML Buildings","license":"ODbL-1.0","record_id":null,"update_time":"2018-09-01T00:00:00.000Z","confidence":null,"between":null,"provider":"microsoft","resource":"ml_buildings","version":"2025-02-25"}],"is_underground":false,"has_parts":false,"version":3}},
{"id":"0a6f5279-9b7e-4e46-baa5-1a59a534b96d","type":"Feature","geometry":{"type":"Polygon","coordinates":[[[41.0851468,19.1244345],[41.085258,19.1244143],[41.085279,19.1245169],[41.0852764,19.1245173],[41.0852864,19.1245662],[41.0851778,19.124586],[41.0851468,19.1244345]]]},"properties":{"sources":[{"property":"","dataset":"Microsoft ML Buildings","license":"ODbL-1.0","record_id":null,"update_time":"2018-09-01T00:00:00.000Z","confidence":null,"between":null,"provider":"microsoft","resource":"ml_buildings","version":"2025-02-25"}],"is_underground":false,"has_parts":false,"version":3}},
{"id":"032e328d-f5c3-4007-a1ed-473ee4c7cec9","type":"Feature","geometry":{"type":"Polygon","coordinates":[[[41.0850442,19.1242604],[41.0850886,19.1244136],[41.0849264,19.1244555],[41.084882,19.1243023],[41.0850442,19.1242604]]]},"properties":{"sources":[{"property":"","dataset":"Microsoft ML Buildings","license":"ODbL-1.0","record_id":null,"update_time":"2018-09-01T00:00:00.000Z","confidence":null,"between":null,"provider":"microsoft","resource":"ml_buildings","version":"2025-02-25"}],"is_underground":false,"has_parts":false,"version":3}},
{"id":"5f6d1ef3-326a-4310-9a70-0b61347363ff","type":"Feature","geometry":{"type":"Polygon","coordinates":[[[41.0852094,19.1242198],[41.0852129,19.1242753],[41.0851237,19.1242803],[41.0851202,19.1242248],[41.0852094,19.1242198]]]},"properties":{"sources":[{"property":"","dataset":"Microsoft ML Buildings","license":"ODbL-1.0","record_id":null,"update_time":"2018-09-01T00:00:00.000Z","confidence":null,"between":null,"provider":"microsoft","resource":"ml_buildings","version":"2025-02-25"}],"is_underground":false,"has_parts":false,"version":3}},
{"id":"11fcd8a6-66b3-43f9-8452-cdeb275d5f9a","type":"Feature","geometry":{"type":"Polygon","coordinates":[[[41.0850959,19.1242329],[41.0850712,19.1241508],[41.0851929,19.1241182],[41.0852175,19.1242003],[41.0850959,19.1242329]]]},"properties":{"sources":[{"property":"","dataset":"Microsoft ML Buildings","license":"ODbL-1.0","record_id":null,"update_time":"2018-09-01T00:00:00.000Z","confidence":null,"between":null,"provider":"microsoft","resource":"ml_buildings","version":"2025-02-25"}],"is_underground":false,"has_parts":false,"version":3}},
{"id":"c9a3a666-4996-42f7-a9e3-f5d4870fa8e8","type":"Feature","geometry":{"type":"Polygon","coordinates":[[[41.0850639,19.1241563],[41.0850753,19.1242032],[41.0850336,19.1242122],[41.0850222,19.1241654],[41.0850639,19.1241563]]]},"properties":{"sources":[{"property":"","dataset":"Microsoft ML Buildings","license":"ODbL-1.0","record_id":null,"update_time":"2018-09-01T00:00:00.000Z","confidence":null,"between":null,"provider":"microsoft","resource":"ml_buildings","version":"2025-02-25"}],"is_underground":false,"has_parts":false,"version":3}},
{"id":"35cdfd68-4a66-449c-80d4-4736361b8599","type":"Feature","geometry":{"type":"Polygon","coordinates":[[[41.0849397,19.1241033],[41.0849714,19.1242743],[41.0848778,19.1242898],[41.0848586,19.1241865],[41.084895,19.1241805],[41.0848825,19.1241128],[41.0849397,19.1241033]]]},"properties":{"sources":[{"property":"","dataset":"Microsoft ML Buildings","license":"ODbL-1.0","record_id":null,"update_time":"2018-09-01T00:00:00.000Z","confidence":null,"between":null,"provider":"microsoft","resource":"ml_buildings","version":"2025-02-25"}],"is_underground":false,"has_parts":false,"version":3}},
{"id":"7c238896-32f2-4c06-bf46-0be25ef25d4d","type":"Feature","geometry":{"type":"Polygon","coordinates":[[[41.0848179,19.1240436],[41.084968,19.1240244],[41.0849769,19.1240866],[41.0848268,19.1241058],[41.0848179,19.1240436]]]},"properties":{"sources":[{"property":"","dataset":"Microsoft ML Buildings","license":"ODbL-1.0","record_id":null,"update_time":"2018-09-01T00:00:00.000Z","confidence":null,"between":null,"provider":"microsoft","resource":"ml_buildings","version":"2025-02-25"}],"is_underground":false,"has_parts":false,"version":3}},
{"id":"60574cdc-b6e6-4510-b8c2-ad081b877de8","type":"Feature","geometry":{"type":"Polygon","coordinates":[[[41.0849503,19.1238984],[41.0849629,19.1240009],[41.084812,19.1240173],[41.0847995,19.1239148],[41.0849503,19.1238984]]]},"properties":{"sources":[{"property":"","dataset":"Microsoft ML Buildings","license":"ODbL-1.0","record_id":null,"update_time":"2018-09-01T00:00:00.000Z","confidence":null,"between":null,"provider":"microsoft","resource":"ml_buildings","version":"2025-02-25"}],"is_underground":false,"has_parts":false,"version":3}},
{"id":"a086dc75-d4f3-40b1-beb5-fadae4fed88a","type":"Feature","geometry":{"type":"Polygon","coordinates":[[[41.0862895,19.12254],[41.0863323,19.1225298],[41.08638,19.1227085],[41.0861933,19.122753],[41.0861285,19.1225099],[41.0862305,19.1224856],[41.0862381,19.1225142],[41.0862799,19.1225043],[41.0862895,19.12254]]]},"properties":{"sources":[{"property":"","dataset":"Microsoft ML Buildings","license":"ODbL-1.0","record_id":null,"update_time":"2018-09-01T00:00:00.000Z","confidence":null,"between":null,"provider":"microsoft","resource":"ml_buildings","version":"2025-02-25"}],"is_underground":false,"has_parts":false,"version":3}},
{"id":"b3351236-a94a-42bc-ab74-d4c6189c43f0","type":"Feature","geometry":{"type":"Polygon","coordinates":[[[41.0854101,19.1224001],[41.0858241,19.1222996],[41.0861149,19.123368],[41.0859381,19.1234109],[41.0859086,19.1233022],[41.0856711,19.1233599],[41.0854101,19.1224001]]]},"properties":{"sources":[{"property":"","dataset":"OpenStreetMap","license":"ODbL-1.0","record_id":"w1063328616@1","update_time":"2022-05-24T16:10:30.000Z","confidence":null,"between":null,"provider":"osm","resource":"planet","version":"2026-08-02T00:00:00.000Z"}],"is_underground":false,"has_parts":false,"version":1}},
{"id":"be324df7-5df0-46f0-be48-9dc8fa27803b","type":"Feature","geometry":{"type":"Polygon","coordinates":[[[41.0852223,19.1228023],[41.0854018,19.1227571],[41.0856171,19.1235216],[41.0852325,19.1236182],[41.0851671,19.123386],[41.0851254,19.1233965],[41.0850453,19.1231119],[41.0852921,19.1230498],[41.0852223,19.1228023]]]},"properties":{"sources":[{"property":"","dataset":"OpenStreetMap","license":"ODbL-1.0","record_id":"w1063332272@1","update_time":"2022-05-24T16:27:43.000Z","confidence":null,"between":null,"provider":"osm","resource":"planet","version":"2026-08-02T00:00:00.000Z"}],"is_underground":false,"has_parts":false,"version":1}},
{"id":"7dd72509-2ea8-42a5-b4c2-d7e852d8e005","type":"Feature","geometry":{"type":"Polygon","coordinates":[[[41.084958,19.1225285],[41.0853338,19.1224311],[41.085411,19.1226972],[41.0850352,19.1227945],[41.084958,19.1225285]]]},"properties":{"sources":[{"property":"","dataset":"OpenStreetMap","license":"ODbL-1.0","record_id":"w1063328615@1","update_time":"2022-05-24T16:10:30.000Z","confidence":null,"between":null,"provider":"osm","resource":"planet","version":"2026-08-02T00:00:00.000Z"}],"is_underground":false,"has_parts":false,"version":1}},
{"id":"96aef591-5e63-481f-afcf-bc8c1a3b2f11","type":"Feature","geometry":{"type":"Polygon","coordinates":[[[41.0846983,19.1216993],[41.0847463,19.1219339],[41.084887,19.1219082],[41.0848863,19.1219044],[41.0851655,19.1218534],[41.085231,19.1221734],[41.0849171,19.1222308],[41.0848628,19.1219658],[41.0846907,19.1219972],[41.0846322,19.1217114],[41.0846983,19.1216993]]]},"properties":{"sources":[{"property":"","dataset":"Microsoft ML Buildings","license":"ODbL-1.0","record_id":null,"update_time":"2018-09-01T00:00:00.000Z","confidence":null,"between":null,"provider":"microsoft","resource":"ml_buildings","version":"2025-02-25"}],"is_underground":false,"has_parts":false,"version":3}},
{"id":"3699fc5d-1af7-43cc-8fab-46c7aa3ffa33","type":"Feature","geometry":{"type":"Polygon","coordinates":[[[41.0855615,19.1221272],[41.085519,19.1219233],[41.0856131,19.1219058],[41.0856555,19.1221097],[41.0855615,19.1221272]]]},"properties":{"sources":[{"property":"","dataset":"Microsoft ML Buildings","license":"ODbL-1.0","record_id":null,"update_time":"2018-09-01T00:00:00.000Z","confidence":null,"between":null,"provider":"microsoft","resource":"ml_buildings","version":"2025-02-25"}],"is_underground":false,"has_parts":false,"version":3}},
{"id":"d993781e-5f2f-4ac1-87c8-4874500150c1","type":"Feature","geometry":{"type":"Polygon","coordinates":[[[41.0861679,19.1223992],[41.0860496,19.1224151],[41.086029,19.1222785],[41.0862325,19.1222511],[41.0862617,19.1224449],[41.0861765,19.1224563],[41.0861679,19.1223992]]]},"properties":{"sources":[{"property":"","dataset":"Microsoft ML Buildings","license":"ODbL-1.0","record_id":null,"update_time":"2018-09-01T00:00:00.000Z","confidence":null,"between":null,"provider":"microsoft","resource":"ml_buildings","version":"2025-02-25"}],"is_underground":false,"has_parts":false,"version":3}},
{"id":"2e9e64f2-5d22-4868-a351-9ff11480b9ed","type":"Feature","geometry":{"type":"Polygon","coordinates":[[[41.0852658,19.1216506],[41.0852449,19.1215559],[41.0854581,19.1215137],[41.0854791,19.1216084],[41.0852658,19.1216506]]]},"properties":{"sources":[{"property":"","dataset":"Microsoft ML Buildings","license":"ODbL-1.0","record_id":null,"update_time":"2018-09-01T00:00:00.000Z","confidence":null,"between":null,"provider":"microsoft","resource":"ml_buildings","version":"2025-02-25"}],"is_underground":false,"has_parts":false,"version":3}},
{"id":"55abece8-4585-4082-8e23-cc35dc608f3f","type":"Feature","geometry":{"type":"Polygon","coordinates":[[[41.0851191,19.1217044],[41.084917,19.1217465],[41.0849232,19.1217731],[41.084826,19.1217934],[41.0847899,19.1216387],[41.0850892,19.1215763],[41.0851191,19.1217044]]]},"properties":{"sources":[{"property":"","dataset":"Microsoft ML Buildings","license":"ODbL-1.0","record_id":null,"update_time":"2018-09-01T00:00:00.000Z","confidence":null,"between":null,"provider":"microsoft","resource":"ml_buildings","version":"2025-02-25"}],"is_underground":false,"has_parts":false,"version":3}},
{"id":"595121c1-adc6-4aff-9bff-2286ad5285c7","type":"Feature","geometry":{"type":"Polygon","coordinates":[[[41.0836701,19.1211626],[41.0834636,19.1212136],[41.0832209,19.1203373],[41.0834275,19.1202862],[41.0836701,19.1211626]]]},"properties":{"sources":[{"property":"","dataset":"OpenStreetMap","license":"ODbL-1.0","record_id":"w1063324563@1","update_time":"2022-05-24T15:52:22.000Z","confidence":null,"between":null,"provider":"osm","resource":"planet","version":"2026-08-02T00:00:00.000Z"}],"is_underground":false,"has_parts":false,"version":1}},
{"id":"25cc3461-9c29-4069-8667-2f252c48352a","type":"Feature","geometry":{"type":"Polygon","coordinates":[[[41.0834732,19.1218289],[41.0834665,19.1217946],[41.0835572,19.1217787],[41.0835639,19.121813],[41.0834732,19.1218289]]]},"properties":{"sources":[{"property":"","dataset":"Microsoft ML Buildings","license":"ODbL-1.0","record_id":null,"update_time":"2018-09-01T00:00:00.000Z","confidence":null,"between":null,"provider":"microsoft","resource":"ml_buildings","version":"2025-02-25"}],"is_underground":false,"has_parts":false,"version":3}},
{"id":"ca1d8a01-6b14-47cd-954e-bd13ff1c4a8b","type":"Feature","geometry":{"type":"Polygon","coordinates":[[[41.084143,19.1217281],[41.0842018,19.121856],[41.0838543,19.1219987],[41.0837955,19.1218708],[41.084143,19.1217281]]]},"properties":{"sources":[{"property":"","dataset":"Microsoft ML Buildings","license":"ODbL-1.0","record_id":null,"update_time":"2018-09-01T00:00:00.000Z","confidence":null,"between":null,"provider":"microsoft","resource":"ml_buildings","version":"2025-02-25"}],"is_underground":false,"has_parts":false,"version":3}},
{"id":"2257f4a0-885e-4d6c-93fe-4000d2cd792c","type":"Feature","geometry":{"type":"Polygon","coordinates":[[[41.084441,19.1220469],[41.0844853,19.1221794],[41.0844087,19.1222023],[41.0843644,19.1220698],[41.084441,19.1220469]]]},"properties":{"sources":[{"property":"","dataset":"Microsoft ML Buildings","license":"ODbL-1.0","record_id":null,"update_time":"2018-09-01T00:00:00.000Z","confidence":null,"between":null,"provider":"microsoft","resource":"ml_buildings","version":"2025-02-25"}],"is_underground":false,"has_parts":false,"version":3}},
{"id":"f6830829-40c8-4a11-8116-37e09e79b29f","type":"Feature","geometry":{"type":"Polygon","coordinates":[[[41.0845641,19.1217785],[41.0846007,19.1219141],[41.084224,19.1220049],[41.0841874,19.1218693],[41.0845641,19.1217785]]]},"properties":{"sources":[{"property":"","dataset":"Microsoft ML Buildings","license":"ODbL-1.0","record_id":null,"update_time":"2018-09-01T00:00:00.000Z","confidence":null,"between":null,"provider":"microsoft","resource":"ml_buildings","version":"2025-02-25"}],"is_underground":false,"has_parts":false,"version":3}},
{"id":"abac8e55-1dd2-498c-99dd-bf0bd6795e1b","type":"Feature","geometry":{"type":"Polygon","coordinates":[[[41.0847613,19.1221923],[41.0847284,19.1220088],[41.0848432,19.1219905],[41.0848991,19.1223034],[41.0848392,19.122313],[41.084815999999996,19.1221836],[41.0847613,19.1221923]]]},"properties":{"sources":[{"property":"","dataset":"Microsoft ML Buildings","license":"ODbL-1.0","record_id":null,"update_time":"2018-09-01T00:00:00.000Z","confidence":null,"between":null,"provider":"microsoft","resource":"ml_buildings","version":"2025-02-25"}],"is_underground":false,"has_parts":false,"version":3}},
{"id":"212ec1eb-6193-4802-ad3a-2888076a254c","type":"Feature","geometry":{"type":"Polygon","coordinates":[[[41.0845374,19.1223063],[41.0845485,19.1223534],[41.0845015,19.1223633],[41.0844904,19.1223162],[41.0845374,19.1223063]]]},"properties":{"sources":[{"property":"","dataset":"Microsoft ML Buildings","license":"ODbL-1.0","record_id":null,"update_time":"2018-09-01T00:00:00.000Z","confidence":null,"between":null,"provider":"microsoft","resource":"ml_buildings","version":"2025-02-25"}],"is_underground":false,"has_parts":false,"version":3}},
{"id":"566f75ac-bed7-4635-848e-2b2f49d5cd0d","type":"Feature","geometry":{"type":"Polygon","coordinates":[[[41.0846355,19.122325],[41.0846079,19.1221735],[41.0846559,19.1221657],[41.0846835,19.1223171],[41.0846355,19.122325]]]},"properties":{"sources":[{"property":"","dataset":"Microsoft ML Buildings","license":"ODbL-1.0","record_id":null,"update_time":"2018-09-01T00:00:00.000Z","confidence":null,"between":null,"provider":"microsoft","resource":"ml_buildings","version":"2025-02-25"}],"is_underground":false,"has_parts":false,"version":3}},
{"id":"c0f81819-5327-4a79-9faa-87a99c8ac318","type":"Feature","geometry":{"type":"Polygon","coordinates":[[[41.0842774,19.1221753],[41.0843323,19.1221669],[41.0843724,19.1224001],[41.0843175,19.1224086],[41.0842774,19.1221753]]]},"properties":{"sources":[{"property":"","dataset":"Microsoft ML Buildings","license":"ODbL-1.0","record_id":null,"update_time":"2018-09-01T00:00:00.000Z","confidence":null,"between":null,"provider":"microsoft","resource":"ml_buildings","version":"2025-02-25"}],"is_underground":false,"has_parts":false,"version":3}},
{"id":"c5944903-9421-4c52-b92b-fe3667f07a36","type":"Feature","geometry":{"type":"Polygon","coordinates":[[[41.0844374,19.1227435],[41.0843564,19.1227706],[41.0843319,19.1227053],[41.084413,19.1226782],[41.0844374,19.1227435]]]},"properties":{"sources":[{"property":"","dataset":"Microsoft ML Buildings","license":"ODbL-1.0","record_id":null,"update_time":"2018-09-01T00:00:00.000Z","confidence":null,"between":null,"provider":"microsoft","resource":"ml_buildings","version":"2025-02-25"}],"is_underground":false,"has_parts":false,"version":3}},
{"id":"85ee748e-f6d7-40e6-ac8d-aec1e21fb389","type":"Feature","geometry":{"type":"Polygon","coordinates":[[[41.0845104,19.1226338],[41.0845746,19.1229067],[41.0844095,19.1229414],[41.0843953,19.122881],[41.084471,19.1228651],[41.0844209,19.1226526],[41.0845104,19.1226338]]]},"properties":{"sources":[{"property":"","dataset":"Microsoft ML Buildings","license":"ODbL-1.0","record_id":null,"update_time":"2018-09-01T00:00:00.000Z","confidence":null,"between":null,"provider":"microsoft","resource":"ml_buildings","version":"2025-02-25"}],"is_underground":false,"has_parts":false,"version":3}},
{"id":"d378fddc-8b13-4966-951e-d0f67c6b6d69","type":"Feature","geometry":{"type":"Polygon","coordinates":[[[41.0845563,19.123203],[41.0845312,19.1230638],[41.0846057,19.1230518],[41.0846309,19.123191],[41.0845563,19.123203]]]},"properties":{"sources":[{"property":"","dataset":"Microsoft ML Buildings","license":"ODbL-1.0","record_id":null,"update_time":"2018-09-01T00:00:00.000Z","confidence":null,"between":null,"provider":"microsoft","resource":"ml_buildings","version":"2025-02-25"}],"is_underground":false,"has_parts":false,"version":3}},
{"id":"550f825d-a1ce-4a0c-b0b4-000ec7b5ee8a","type":"Feature","geometry":{"type":"Polygon","coordinates":[[[41.0842441,19.1232847],[41.08419,19.123021],[41.083705,19.1231097],[41.0836809,19.1229925],[41.0836861,19.1229915],[41.0836603,19.1228657],[41.0839111,19.1228198],[41.0839356,19.1229395],[41.0839527,19.1229364],[41.0839239,19.122796],[41.0840051,19.1227811],[41.0840406,19.1229545],[41.0842697,19.1229126],[41.0842298,19.1227184],[41.0843177,19.1227023],[41.0843972,19.1230895],[41.0845016,19.1230704],[41.0845319,19.1232181],[41.0843431,19.1232526],[41.0843459,19.1232661],[41.0842441,19.1232847]]]},"properties":{"sources":[{"property":"","dataset":"Microsoft ML Buildings","license":"ODbL-1.0","record_id":null,"update_time":"2018-09-01T00:00:00.000Z","confidence":null,"between":null,"provider":"microsoft","resource":"ml_buildings","version":"2025-02-25"}],"is_underground":false,"has_parts":false,"version":3}},
{"id":"22720e6c-7e84-441e-9a46-66912c954558","type":"Feature","geometry":{"type":"Polygon","coordinates":[[[41.0832859,19.1230672],[41.083312,19.123154],[41.0830339,19.1232284],[41.0830078,19.1231416],[41.0832859,19.1230672]]]},"properties":{"sources":[{"property":"","dataset":"Microsoft ML Buildings","license":"ODbL-1.0","record_id":null,"update_time":"2018-09-01T00:00:00.000Z","confidence":null,"between":null,"provider":"microsoft","resource":"ml_buildings","version":"2025-02-25"}],"is_underground":false,"has_parts":false,"version":3}},
{"id":"9d676538-eb2f-40b5-8edd-9dead96983c3","type":"Feature","geometry":{"type":"Polygon","coordinates":[[[41.0831132,19.1218312],[41.0831645,19.1221066],[41.082756,19.1221744],[41.0827436,19.1221081],[41.082689,19.1221171],[41.0826533,19.1219254],[41.0826819,19.1219207],[41.0826714,19.1218641],[41.0829368,19.12182],[41.0829491,19.1218864],[41.0830402,19.1218713],[41.0830434,19.1218885],[41.0830642,19.121885],[41.083056,19.1218408],[41.0831132,19.1218312]]]},"properties":{"sources":[{"property":"","dataset":"Microsoft ML Buildings","license":"ODbL-1.0","record_id":null,"update_time":"2018-09-01T00:00:00.000Z","confidence":null,"between":null,"provider":"microsoft","resource":"ml_buildings","version":"2025-02-25"}],"is_underground":false,"has_parts":false,"version":3}},
{"id":"62c9e500-e300-4b64-aaba-ecd1d9a72037","type":"Feature","geometry":{"type":"Polygon","coordinates":[[[41.0824088,19.1224254],[41.0824737,19.1224178],[41.0824865,19.1225151],[41.0824215,19.1225227],[41.0824088,19.1224254]]]},"properties":{"sources":[{"property":"","dataset":"Microsoft ML Buildings","license":"ODbL-1.0","record_id":null,"update_time":"2018-09-01T00:00:00.000Z","confidence":null,"between":null,"provider":"microsoft","resource":"ml_buildings","version":"2025-02-25"}],"is_underground":false,"has_parts":false,"version":3}},
{"id":"420172c9-6589-4d25-a469-93d9fe52ab1a","type":"Feature","geometry":{"type":"Polygon","coordinates":[[[41.0819254,19.1224273],[41.0818919,19.1223201],[41.0820217,19.1222839],[41.0820705,19.1224401],[41.0819432,19.1224756],[41.0819279,19.1224267],[41.0819254,19.1224273]]]},"properties":{"sources":[{"property":"","dataset":"Microsoft ML Buildings","license":"ODbL-1.0","record_id":null,"update_time":"2018-09-01T00:00:00.000Z","confidence":null,"between":null,"provider":"microsoft","resource":"ml_buildings","version":"2025-02-25"}],"is_underground":false,"has_parts":false,"version":3}},
{"id":"333a603e-2361-49c2-9613-5a194083df27","type":"Feature","geometry":{"type":"Polygon","coordinates":[[[41.0820104,19.1227718],[41.0820248,19.1228214],[41.0819224,19.1228478],[41.0819081,19.1227982],[41.0820104,19.1227718]]]},"properties":{"sources":[{"property":"","dataset":"Microsoft ML Buildings","license":"ODbL-1.0","record_id":null,"update_time":"2018-09-01T00:00:00.000Z","confidence":null,"between":null,"provider":"microsoft","resource":"ml_buildings","version":"2025-02-25"}],"is_underground":false,"has_parts":false,"version":3}},
{"id":"46d1cb7c-faea-4ec2-ada2-74c8a86f75be","type":"Feature","geometry":{"type":"Polygon","coordinates":[[[41.0821038,19.1225531],[41.0823671,19.1225014],[41.0824165,19.122726],[41.0823718,19.1227348],[41.0823787,19.1227664],[41.0821602,19.1228093],[41.0821038,19.1225531]]]},"properties":{"sources":[{"property":"","dataset":"Microsoft ML Buildings","license":"ODbL-1.0","record_id":null,"update_time":"2018-09-01T00:00:00.000Z","confidence":null,"between":null,"provider":"microsoft","resource":"ml_buildings","version":"2025-02-25"}],"is_underground":false,"has_parts":false,"version":3}},
{"id":"69c2c065-5acc-4ff8-9d6b-efe5256e7484","type":"Feature","geometry":{"type":"Polygon","coordinates":[[[41.0825051,19.1228836],[41.0824347,19.1225351],[41.0825149,19.1225206],[41.0826007,19.1229449],[41.0824361,19.1229746],[41.0824314,19.1229513],[41.0823838,19.1229599],[41.0823732,19.1229074],[41.0825051,19.1228836]]]},"properties":{"sources":[{"property":"","dataset":"Microsoft ML Buildings","license":"ODbL-1.0","record_id":null,"update_time":"2018-09-01T00:00:00.000Z","confidence":null,"between":null,"provider":"microsoft","resource":"ml_buildings","version":"2025-02-25"}],"is_underground":false,"has_parts":false,"version":3}},
{"id":"1db5cc7d-bbfa-4503-871f-019d54134e26","type":"Feature","geometry":{"type":"Polygon","coordinates":[[[41.0819727,19.1230593],[41.0819626,19.1229974],[41.0821355,19.1229722],[41.0821484,19.1230514],[41.0820829,19.123061],[41.0820801,19.1230436],[41.0819727,19.1230593]]]},"properties":{"sources":[{"property":"","dataset":"Microsoft ML Buildings","license":"ODbL-1.0","record_id":null,"update_time":"2018-09-01T00:00:00.000Z","confidence":null,"between":null,"provider":"microsoft","resource":"ml_buildings","version":"2025-02-25"}],"is_underground":false,"has_parts":false,"version":3}},
{"id":"244e3e62-6acf-418d-95f3-1988d5d7278a","type":"Feature","geometry":{"type":"Polygon","coordinates":[[[41.0819354,19.1229618],[41.0819532,19.1230245],[41.0819156,19.123034],[41.0818978,19.1229713],[41.0819354,19.1229618]]]},"properties":{"sources":[{"property":"","dataset":"Microsoft ML Buildings","license":"ODbL-1.0","record_id":null,"update_time":"2018-09-01T00:00:00.000Z","confidence":null,"between":null,"provider":"microsoft","resource":"ml_buildings","version":"2025-02-25"}],"is_underground":false,"has_parts":false,"version":3}},
{"id":"9ef40701-844c-49b3-a3a1-071ac4d8c534","type":"Feature","geometry":{"type":"Polygon","coordinates":[[[41.0818642,19.1225999],[41.0819824,19.1225692],[41.082005,19.1226469],[41.0818868,19.1226776],[41.0818642,19.1225999]]]},"properties":{"sources":[{"property":"","dataset":"Microsoft ML Buildings","license":"ODbL-1.0","record_id":null,"update_time":"2018-09-01T00:00:00.000Z","confidence":null,"between":null,"provider":"microsoft","resource":"ml_buildings","version":"2025-02-25"}],"is_underground":false,"has_parts":false,"version":3}},
{"id":"3ed8063a-bd70-447f-b45c-b3ef5f5c8bd8","type":"Feature","geometry":{"type":"Polygon","coordinates":[[[41.0816344,19.1225754],[41.0816855,19.1225498],[41.0817244,19.1226189],[41.0816733,19.1226446],[41.0816344,19.1225754]]]},"properties":{"sources":[{"property":"","dataset":"Microsoft ML Buildings","license":"ODbL-1.0","record_id":null,"update_time":"2018-09-01T00:00:00.000Z","confidence":null,"between":null,"provider":"microsoft","resource":"ml_buildings","version":"2025-02-25"}],"is_underground":false,"has_parts":false,"version":3}},
{"id":"379fbc1f-8fef-4820-b92e-66f8b6bc6e2b","type":"Feature","geometry":{"type":"Polygon","coordinates":[[[41.0814236,19.1222369],[41.0813807,19.1221703],[41.0814297,19.1221422],[41.0814725,19.1222087],[41.0814236,19.1222369]]]},"properties":{"sources":[{"property":"","dataset":"Microsoft ML Buildings","license":"ODbL-1.0","record_id":null,"update_time":"2018-09-01T00:00:00.000Z","confidence":null,"between":null,"provider":"microsoft","resource":"ml_buildings","version":"2025-02-25"}],"is_underground":false,"has_parts":false,"version":3}},
{"id":"4e585315-09a1-4225-830b-916fdeedf229","type":"Feature","geometry":{"type":"Polygon","coordinates":[[[41.0818785,19.1223417],[41.0819083,19.1224358],[41.0816275,19.122515],[41.0815518,19.1222753],[41.0816946,19.1222351],[41.0817071,19.1222746],[41.0816677,19.1222857],[41.0817012,19.1223917],[41.0818785,19.1223417]]]},"properties":{"sources":[{"property":"","dataset":"Microsoft ML Buildings","license":"ODbL-1.0","record_id":null,"update_time":"2018-09-01T00:00:00.000Z","confidence":null,"between":null,"provider":"microsoft","resource":"ml_buildings","version":"2025-02-25"}],"is_underground":false,"has_parts":false,"version":3}},
{"id":"68a0adc9-789c-46f8-90e6-b41f0a3656d2","type":"Feature","geometry":{"type":"Polygon","coordinates":[[[41.0817343,19.1223374],[41.081695,19.122195],[41.0819788,19.1221251],[41.0820181,19.1222675],[41.0817343,19.1223374]]]},"properties":{"sources":[{"property":"","dataset":"Microsoft ML Buildings","license":"ODbL-1.0","record_id":null,"update_time":"2018-09-01T00:00:00.000Z","confidence":null,"between":null,"provider":"microsoft","resource":"ml_buildings","version":"2025-02-25"}],"is_underground":false,"has_parts":false,"version":3}},
{"id":"967fbc02-9368-49d2-8a26-a2307769f25f","type":"Feature","geometry":{"type":"Polygon","coordinates":[[[41.0814446,19.1212094],[41.081387,19.1212122],[41.0813819,19.1211212],[41.0814396,19.1211184],[41.0814446,19.1212094]]]},"properties":{"sources":[{"property":"","dataset":"Microsoft ML Buildings","license":"ODbL-1.0","record_id":null,"update_time":"2018-09-01T00:00:00.000Z","confidence":null,"between":null,"provider":"microsoft","resource":"ml_buildings","version":"2025-02-25"}],"is_underground":false,"has_parts":false,"version":3}},
{"id":"2e54e6f2-2288-41c4-b80a-e93fa2c5f99c","type":"Feature","geometry":{"type":"Polygon","coordinates":[[[41.0810366,19.1210195],[41.0810354,19.1209065],[41.0811453,19.1209054],[41.0811459,19.1209601],[41.0811552,19.12096],[41.0811562,19.1210487],[41.0811201,19.121049],[41.0811198,19.1210186],[41.0810366,19.1210195]]]},"properties":{"sources":[{"property":"","dataset":"Microsoft ML Buildings","license":"ODbL-1.0","record_id":null,"update_time":"2018-09-01T00:00:00.000Z","confidence":null,"between":null,"provider":"microsoft","resource":"ml_buildings","version":"2025-02-25"}],"is_underground":false,"has_parts":false,"version":3}},
{"id":"2898fdaf-0f00-4575-9f8d-5e8bf512898f","type":"Feature","geometry":{"type":"Polygon","coordinates":[[[41.0809833,19.1206672],[41.0811081,19.1206552],[41.0811162,19.1207304],[41.0809914,19.1207424],[41.0809833,19.1206672]]]},"properties":{"sources":[{"property":"","dataset":"Microsoft ML Buildings","license":"ODbL-1.0","record_id":null,"update_time":"2018-09-01T00:00:00.000Z","confidence":null,"between":null,"provider":"microsoft","resource":"ml_buildings","version":"2025-02-25"}],"is_underground":false,"has_parts":false,"version":3}},
{"id":"ee6a765c-5aee-4574-a566-68bb89c16162","type":"Feature","geometry":{"type":"Polygon","coordinates":[[[41.0811486,19.1207307],[41.0812664,19.1207176],[41.0812786,19.1208151],[41.0811607,19.1208282],[41.0811486,19.1207307]]]},"properties":{"sources":[{"property":"","dataset":"Microsoft ML Buildings","license":"ODbL-1.0","record_id":null,"update_time":"2018-09-01T00:00:00.000Z","confidence":null,"between":null,"provider":"microsoft","resource":"ml_buildings","version":"2025-02-25"}],"is_underground":false,"has_parts":false,"version":3}},
{"id":"c6ea1ba1-966b-4417-b7f8-33ca18a83ce5","type":"Feature","geometry":{"type":"Polygon","coordinates":[[[41.0811438,19.1206601],[41.0812284,19.1206504],[41.0812329,19.1206853],[41.0811483,19.120695],[41.0811438,19.1206601]]]},"properties":{"sources":[{"property":"","dataset":"Microsoft ML Buildings","license":"ODbL-1.0","record_id":null,"update_time":"2018-09-01T00:00:00.000Z","confidence":null,"between":null,"provider":"microsoft","resource":"ml_buildings","version":"2025-02-25"}],"is_underground":false,"has_parts":false,"version":3}},
{"id":"a4ddcd9f-35f0-41af-9da1-5d4346e7b7da","type":"Feature","geometry":{"type":"Polygon","coordinates":[[[41.0814975,19.1205057],[41.0815122,19.1205686],[41.0814777,19.1205757],[41.0814631,19.1205129],[41.0814975,19.1205057]]]},"properties":{"sources":[{"property":"","dataset":"Microsoft ML Buildings","license":"ODbL-1.0","record_id":null,"update_time":"2018-09-01T00:00:00.000Z","confidence":null,"between":null,"provider":"microsoft","resource":"ml_buildings","version":"2025-02-25"}],"is_underground":false,"has_parts":false,"version":3}},
{"id":"62b054da-d631-4d75-9352-5558c61e25e6","type":"Feature","geometry":{"type":"Polygon","coordinates":[[[41.081386,19.1206652],[41.0814404,19.1206556],[41.0814664,19.1207879],[41.0813316,19.1208115],[41.0812888,19.1205935],[41.0813406,19.1205844],[41.0813642,19.1207045],[41.0813927,19.1206995],[41.081386,19.1206652]]]},"properties":{"sources":[{"property":"","dataset":"Microsoft ML Buildings","license":"ODbL-1.0","record_id":null,"update_time":"2018-09-01T00:00:00.000Z","confidence":null,"between":null,"provider":"microsoft","resource":"ml_buildings","version":"2025-02-25"}],"is_underground":false,"has_parts":false,"version":3}},
{"id":"de49a85d-5223-4337-8bb6-9e6c6aad15ee","type":"Feature","geometry":{"type":"Polygon","coordinates":[[[41.0824083,19.1205076],[41.0824012,19.1204734],[41.0824851,19.1204578],[41.0824922,19.120492],[41.0824083,19.1205076]]]},"properties":{"sources":[{"property":"","dataset":"Microsoft ML Buildings","license":"ODbL-1.0","record_id":null,"update_time":"2018-09-01T00:00:00.000Z","confidence":null,"between":null,"provider":"microsoft","resource":"ml_buildings","version":"2025-02-25"}],"is_underground":false,"has_parts":false,"version":3}},
{"id":"919cb57a-8616-41ef-a021-cd6b7e784ae3","type":"Feature","geometry":{"type":"Polygon","coordinates":[[[41.0824014,19.1207202],[41.0825738,19.1206902],[41.0825905,19.120776],[41.0825219,19.1207879],[41.0825979,19.1211789],[41.0824942,19.1211969],[41.0824014,19.1207202]]]},"properties":{"sources":[{"property":"","dataset":"Microsoft ML Buildings","license":"ODbL-1.0","record_id":null,"update_time":"2018-09-01T00:00:00.000Z","confidence":null,"between":null,"provider":"microsoft","resource":"ml_buildings","version":"2025-02-25"}],"is_underground":false,"has_parts":false,"version":3}},
{"id":"a88ba241-551c-4f9f-b5f9-cbd30ff25675","type":"Feature","geometry":{"type":"Polygon","coordinates":[[[41.0825353,19.1216835],[41.0828303,19.1216275],[41.0828598,19.1217663],[41.0825648,19.1218223],[41.0825353,19.1216835]]]},"properties":{"sources":[{"property":"","dataset":"Microsoft ML Buildings","license":"ODbL-1.0","record_id":null,"update_time":"2018-09-01T00:00:00.000Z","confidence":null,"between":null,"provider":"microsoft","resource":"ml_buildings","version":"2025-02-25"}],"is_underground":false,"has_parts":false,"version":3}},
{"id":"6adb26ed-ca0e-47c6-81a4-de87f2bff590","type":"Feature","geometry":{"type":"Polygon","coordinates":[[[41.083208,19.1212791],[41.0832535,19.1212769],[41.083257,19.1213401],[41.0832115,19.1213423],[41.083208,19.1212791]]]},"properties":{"sources":[{"property":"","dataset":"Microsoft ML Buildings","license":"ODbL-1.0","record_id":null,"update_time":"2018-09-01T00:00:00.000Z","confidence":null,"between":null,"provider":"microsoft","resource":"ml_buildings","version":"2025-02-25"}],"is_underground":false,"has_parts":false,"version":3}},
{"id":"bad3510f-eebb-4330-b7c6-f739b504862f","type":"Feature","geometry":{"type":"Polygon","coordinates":[[[41.0827404,19.1209403],[41.0827811,19.1211539],[41.0826512,19.121176],[41.082619,19.1210066],[41.0826995,19.1209929],[41.0826911,19.1209487],[41.0827404,19.1209403]]]},"properties":{"sources":[{"property":"","dataset":"Microsoft ML Buildings","license":"ODbL-1.0","record_id":null,"update_time":"2018-09-01T00:00:00.000Z","confidence":null,"between":null,"provider":"microsoft","resource":"ml_buildings","version":"2025-02-25"}],"is_underground":false,"has_parts":false,"version":3}},
{"id":"bde372bf-2a29-4aa2-b7b2-0b668a477287","type":"Feature","geometry":{"type":"Polygon","coordinates":[[[41.0829041,19.1207293],[41.0829594,19.120923],[41.0828455,19.120952],[41.0827902,19.1207583],[41.0829041,19.1207293]]]},"properties":{"sources":[{"property":"","dataset":"Microsoft ML Buildings","license":"ODbL-1.0","record_id":null,"update_time":"2018-09-01T00:00:00.000Z","confidence":null,"between":null,"provider":"microsoft","resource":"ml_buildings","version":"2025-02-25"}],"is_underground":false,"has_parts":false,"version":3}},
{"id":"e833b444-e7a6-4aad-a797-16a773744e4d","type":"Feature","geometry":{"type":"Polygon","coordinates":[[[41.0825866,19.1207138],[41.0827236,19.1206829],[41.0827834,19.120919],[41.0826463,19.1209499],[41.0825866,19.1207138]]]},"properties":{"sources":[{"property":"","dataset":"Microsoft ML Buildings","license":"ODbL-1.0","record_id":null,"update_time":"2018-09-01T00:00:00.000Z","confidence":null,"between":null,"provider":"microsoft","resource":"ml_buildings","version":"2025-02-25"}],"is_underground":false,"has_parts":false,"version":3}},
{"id":"ee7522e5-dce8-4fad-954e-7f4f0256b56c","type":"Feature","geometry":{"type":"Polygon","coordinates":[[[41.0827905,19.1203815],[41.082819,19.1205129],[41.0826811,19.1205395],[41.0826943,19.1206004],[41.0825888,19.1206208],[41.0825471,19.1204286],[41.0827905,19.1203815]]]},"properties":{"sources":[{"property":"","dataset":"Microsoft ML Buildings","license":"ODbL-1.0","record_id":null,"update_time":"2018-09-01T00:00:00.000Z","confidence":null,"between":null,"provider":"microsoft","resource":"ml_buildings","version":"2025-02-25"}],"is_underground":false,"has_parts":false,"version":3}},
{"id":"425aad32-dcae-4007-9593-0d9e23ea0324","type":"Feature","geometry":{"type":"Polygon","coordinates":[[[41.0828231,19.1198789],[41.082866,19.1198778],[41.0828684,19.119969],[41.0828255,19.1199701],[41.0828231,19.1198789]]]},"properties":{"sources":[{"property":"","dataset":"Microsoft ML Buildings","license":"ODbL-1.0","record_id":null,"update_time":"2018-09-01T00:00:00.000Z","confidence":null,"between":null,"provider":"microsoft","resource":"ml_buildings","version":"2025-02-25"}],"is_underground":false,"has_parts":false,"version":3}},
{"id":"ea203118-0f96-4c51-96cd-c85319c14374","type":"Feature","geometry":{"type":"Polygon","coordinates":[[[41.0831225,19.1197],[41.0831649,19.1197379],[41.0831314,19.1197713],[41.0830891,19.1197333],[41.0831225,19.1197]]]},"properties":{"sources":[{"property":"","dataset":"Microsoft ML Buildings","license":"ODbL-1.0","record_id":null,"update_time":"2018-09-01T00:00:00.000Z","confidence":null,"between":null,"provider":"microsoft","resource":"ml_buildings","version":"2025-02-25"}],"is_underground":false,"has_parts":false,"version":3}},
{"id":"1a42a048-4fa8-4c4d-bee5-ac5b4b274bcd","type":"Feature","geometry":{"type":"Polygon","coordinates":[[[41.0830478,19.1196725],[41.0829854,19.1196886],[41.0830216,19.1198136],[41.0828669,19.1198535],[41.082828,19.1197191],[41.0827731,19.1197333],[41.0827505,19.1196555],[41.0830226,19.1195852],[41.0830478,19.1196725]]]},"properties":{"sources":[{"property":"","dataset":"Microsoft ML Buildings","license":"ODbL-1.0","record_id":null,"update_time":"2018-09-01T00:00:00.000Z","confidence":null,"between":null,"provider":"microsoft","resource":"ml_buildings","version":"2025-02-25"}],"is_underground":false,"has_parts":false,"version":3}},
{"id":"612383c0-d6fe-4b0a-a29f-06eed6951cf9","type":"Feature","geometry":{"type":"Polygon","coordinates":[[[41.0822154,19.119906],[41.0822557,19.1198809],[41.0822815,19.1199181],[41.0822412,19.1199431],[41.0822154,19.119906]]]},"properties":{"sources":[{"property":"","dataset":"Microsoft ML Buildings","license":"ODbL-1.0","record_id":null,"update_time":"2018-09-01T00:00:00.000Z","confidence":null,"between":null,"provider":"microsoft","resource":"ml_buildings","version":"2025-02-25"}],"is_underground":false,"has_parts":false,"version":3}},
{"id":"afcb8cbd-7153-4382-85db-99015392aa30","type":"Feature","geometry":{"type":"Polygon","coordinates":[[[41.0825662,19.1200378],[41.0825066,19.1197261],[41.0826339,19.1197044],[41.082663,19.1198565],[41.0826059,19.1198663],[41.0826364,19.1200258],[41.0825662,19.1200378]]]},"properties":{"sources":[{"property":"","dataset":"Microsoft ML Buildings","license":"ODbL-1.0","record_id":null,"update_time":"2018-09-01T00:00:00.000Z","confidence":null,"between":null,"provider":"microsoft","resource":"ml_buildings","version":"2025-02-25"}],"is_underground":false,"has_parts":false,"version":3}},
{"id":"20aae759-c207-415e-969b-f3959710bd6d","type":"Feature","geometry":{"type":"Polygon","coordinates":[[[41.0823578,19.1203721],[41.0823657,19.1204307],[41.0822854,19.1204404],[41.0822774,19.1203819],[41.0823578,19.1203721]]]},"properties":{"sources":[{"property":"","dataset":"Microsoft ML Buildings","license":"ODbL-1.0","record_id":null,"update_time":"2018-09-01T00:00:00.000Z","confidence":null,"between":null,"provider":"microsoft","resource":"ml_buildings","version":"2025-02-25"}],"is_underground":false,"has_parts":false,"version":3}},
{"id":"e09044ca-9d2f-4ca8-bf6c-5c288f6c3f0e","type":"Feature","geometry":{"type":"Polygon","coordinates":[[[41.0822766,19.1201256],[41.0822813,19.1201656],[41.0822376,19.1201702],[41.082233,19.1201301],[41.0822766,19.1201256]]]},"properties":{"sources":[{"property":"","dataset":"Microsoft ML Buildings","license":"ODbL-1.0","record_id":null,"update_time":"2018-09-01T00:00:00.000Z","confidence":null,"between":null,"provider":"microsoft","resource":"ml_buildings","version":"2025-02-25"}],"is_underground":false,"has_parts":false,"version":3}},
{"id":"20e9cb04-f6cf-4eb9-8724-65b759763034","type":"Feature","geometry":{"type":"Polygon","coordinates":[[[41.0818371,19.1201168],[41.0821161,19.1200535],[41.0821362,19.1201326],[41.082088,19.1201435],[41.0820956,19.1201734],[41.0820043,19.1201941],[41.082011,19.1202205],[41.0818893,19.1202481],[41.0818679,19.1201642],[41.0818502,19.1201682],[41.0818371,19.1201168]]]},"properties":{"sources":[{"property":"","dataset":"Microsoft ML Buildings","license":"ODbL-1.0","record_id":null,"update_time":"2018-09-01T00:00:00.000Z","confidence":null,"between":null,"provider":"microsoft","resource":"ml_buildings","version":"2025-02-25"}],"is_underground":false,"has_parts":false,"version":3}},
{"id":"d4d2d519-e523-4683-9eaf-d3bf0bee1bc3","type":"Feature","geometry":{"type":"Polygon","coordinates":[[[41.0818323,19.1204054],[41.0818208,19.1203626],[41.0819002,19.1203435],[41.0819118,19.1203863],[41.0818323,19.1204054]]]},"properties":{"sources":[{"property":"","dataset":"Microsoft ML Buildings","license":"ODbL-1.0","record_id":null,"update_time":"2018-09-01T00:00:00.000Z","confidence":null,"between":null,"provider":"microsoft","resource":"ml_buildings","version":"2025-02-25"}],"is_underground":false,"has_parts":false,"version":3}},
{"id":"3596c500-f6fc-49b5-b32b-5d3c902a8927","type":"Feature","geometry":{"type":"Polygon","coordinates":[[[41.0816822,19.1201567],[41.0816741,19.1201176],[41.0817491,19.1201039],[41.0817571,19.120143],[41.0816822,19.1201567]]]},"properties":{"sources":[{"property":"","dataset":"Microsoft ML Buildings","license":"ODbL-1.0","record_id":null,"update_time":"2018-09-01T00:00:00.000Z","confidence":null,"between":null,"provider":"microsoft","resource":"ml_buildings","version":"2025-02-25"}],"is_underground":false,"has_parts":false,"version":3}},
{"id":"c118c9c4-6a69-4c8b-912a-b74f975ed6df","type":"Feature","geometry":{"type":"Polygon","coordinates":[[[41.0812572,19.1202286],[41.0812311,19.1201756],[41.0813613,19.1201185],[41.0813874,19.1201715],[41.0812572,19.1202286]]]},"properties":{"sources":[{"property":"","dataset":"Microsoft ML Buildings","license":"ODbL-1.0","record_id":null,"update_time":"2018-09-01T00:00:00.000Z","confidence":null,"between":null,"provider":"microsoft","resource":"ml_buildings","version":"2025-02-25"}],"is_underground":false,"has_parts":false,"version":3}},
{"id":"38b214bb-4109-4ebd-b4cd-91815400a5e0","type":"Feature","geometry":{"type":"Polygon","coordinates":[[[41.0815508,19.1204151],[41.0814928,19.120212],[41.0816028,19.1201839],[41.0816608,19.1203871],[41.0815508,19.1204151]]]},"properties":{"sources":[{"property":"","dataset":"Microsoft ML Buildings","license":"ODbL-1.0","record_id":null,"update_time":"2018-09-01T00:00:00.000Z","confidence":null,"between":null,"provider":"microsoft","resource":"ml_buildings","version":"2025-02-25"}],"is_underground":false,"has_parts":false,"version":3}},
{"id":"d3a9b2d0-859c-43d5-961e-dae7ff05aed4","type":"Feature","geometry":{"type":"Polygon","coordinates":[[[41.0806343,19.1199515],[41.0805969,19.1198355],[41.0815123,19.1195719],[41.0815497,19.1196878],[41.0806343,19.1199515]]]},"properties":{"sources":[{"property":"","dataset":"Microsoft ML Buildings","license":"ODbL-1.0","record_id":null,"update_time":"2018-09-01T00:00:00.000Z","confidence":null,"between":null,"provider":"microsoft","resource":"ml_buildings","version":"2025-02-25"}],"is_underground":false,"has_parts":false,"version":3}},
{"id":"e15ef0fa-396f-4818-b65e-803383efe0c5","type":"Feature","geometry":{"type":"Polygon","coordinates":[[[41.0804822,19.1196952],[41.0803585,19.1196542],[41.0801517,19.1191363],[41.0801555,19.119135],[41.0810507,19.1194309],[41.0810287,19.1194903],[41.0807088,19.1196043],[41.0806933,19.1195991],[41.0806845,19.1196231],[41.0804822,19.1196952]]]},"properties":{"sources":[{"property":"","dataset":"Microsoft ML Buildings","license":"ODbL-1.0","record_id":null,"update_time":"2018-09-01T00:00:00.000Z","confidence":null,"between":null,"provider":"microsoft","resource":"ml_buildings","version":"2025-02-25"}],"is_underground":false,"has_parts":false,"version":3}},
{"id":"e3009185-2f79-42cf-bf5d-8a9fb039d207","type":"Feature","geometry":{"type":"Polygon","coordinates":[[[41.0812031,19.1186867],[41.081326,19.1184112],[41.0818351,19.118614],[41.0818168,19.1186549],[41.08195,19.1187079],[41.0817225,19.1192179],[41.0817202,19.119217],[41.0816751,19.1193181],[41.0807368,19.1189444],[41.0807886,19.1188282],[41.0807226,19.1188019],[41.0807475,19.1187459],[41.0808113,19.1187713],[41.0808488,19.1186874],[41.0810514,19.1187681],[41.0811052,19.1186476],[41.0812031,19.1186867]]]},"properties":{"sources":[{"property":"","dataset":"Microsoft ML Buildings","license":"ODbL-1.0","record_id":null,"update_time":"2018-09-01T00:00:00.000Z","confidence":null,"between":null,"provider":"microsoft","resource":"ml_buildings","version":"2025-02-25"}],"is_underground":false,"has_parts":false,"version":3}},
{"id":"fd31d8e1-884d-417a-b5ac-cc1a887c3969","type":"Feature","geometry":{"type":"Polygon","coordinates":[[[41.0806165,19.1179035],[41.0807336,19.1175788],[41.0810808,19.1176905],[41.0809907,19.1179403],[41.0809787,19.1179364],[41.0809517,19.1180114],[41.0806165,19.1179035]]]},"properties":{"sources":[{"property":"","dataset":"Microsoft ML Buildings","license":"ODbL-1.0","record_id":null,"update_time":"2018-09-01T00:00:00.000Z","confidence":null,"between":null,"provider":"microsoft","resource":"ml_buildings","version":"2025-02-25"}],"is_underground":false,"has_parts":false,"version":3}},
{"id":"bc41ffc7-12ae-4857-87d2-8a1a69f1cd18","type":"Feature","geometry":{"type":"Polygon","coordinates":[[[41.0824732,19.118216],[41.0826313,19.11824],[41.0825918,19.1184722],[41.0824337,19.1184482],[41.0824732,19.118216]]]},"properties":{"sources":[{"property":"","dataset":"Microsoft ML Buildings","license":"ODbL-1.0","record_id":null,"update_time":"2018-09-01T00:00:00.000Z","confidence":null,"between":null,"provider":"microsoft","resource":"ml_buildings","version":"2025-02-25"}],"is_underground":false,"has_parts":false,"version":3}},
{"id":"5914180d-e369-453e-960c-b42d2304fe5c","type":"Feature","geometry":{"type":"Polygon","coordinates":[[[41.0822313,19.1181986],[41.0822354,19.1181674],[41.0823635,19.1181823],[41.0823594,19.1182134],[41.0822313,19.1181986]]]},"properties":{"sources":[{"property":"","dataset":"Microsoft ML Buildings","license":"ODbL-1.0","record_id":null,"update_time":"2018-09-01T00:00:00.000Z","confidence":null,"between":null,"provider":"microsoft","resource":"ml_buildings","version":"2025-02-25"}],"is_underground":false,"has_parts":false,"version":3}},
{"id":"0cacb7ee-1452-4b06-8564-e042687949f7","type":"Feature","geometry":{"type":"Polygon","coordinates":[[[41.0821427,19.1183952],[41.0819962,19.1183665],[41.0820511,19.1181162],[41.0821977,19.118145],[41.0821427,19.1183952]]]},"properties":{"sources":[{"property":"","dataset":"Microsoft ML Buildings","license":"ODbL-1.0","record_id":null,"update_time":"2018-09-01T00:00:00.000Z","confidence":null,"between":null,"provider":"microsoft","resource":"ml_buildings","version":"2025-02-25"}],"is_underground":false,"has_parts":false,"version":3}},
{"id":"1f0eb781-9f3a-4732-98dd-84ae3e1691b9","type":"Feature","geometry":{"type":"Polygon","coordinates":[[[41.0819787,19.1184442],[41.0825681,19.1185303],[41.0825303,19.1187617],[41.0819408,19.1186757],[41.0819787,19.1184442]]]},"properties":{"sources":[{"property":"","dataset":"Microsoft ML Buildings","license":"ODbL-1.0","record_id":null,"update_time":"2018-09-01T00:00:00.000Z","confidence":null,"between":null,"provider":"microsoft","resource":"ml_buildings","version":"2025-02-25"}],"is_underground":false,"has_parts":false,"version":3}},
{"id":"007f6365-c8f4-424f-adf9-af7d19881ce1","type":"Feature","geometry":{"type":"Polygon","coordinates":[[[41.0837056,19.1188565],[41.0837178,19.1188905],[41.0833711,19.1190012],[41.0833913,19.1190576],[41.0833872,19.1190835],[41.0831515,19.1191587],[41.0831482,19.11918],[41.0831059,19.1191935],[41.0830672,19.1191881],[41.0828773,19.1192487],[41.0829543,19.1187555],[41.0830224,19.118765],[41.0830465,19.1188323],[41.0831059,19.1188134],[41.0831723,19.1188226],[41.083222,19.1188067],[41.0832773,19.1188144],[41.0833136,19.1188028],[41.0833294,19.118847],[41.083421,19.1188598],[41.0836504,19.1187866],[41.0836907,19.1187922],[41.083708,19.1188408],[41.0837056,19.1188565]]]},"properties":{"sources":[{"property":"","dataset":"Microsoft ML Buildings","license":"ODbL-1.0","record_id":null,"update_time":"2018-09-01T00:00:00.000Z","confidence":null,"between":null,"provider":"microsoft","resource":"ml_buildings","version":"2025-02-25"}],"is_underground":false,"has_parts":false,"version":3}},
{"id":"363db151-eb3d-4982-a96f-04cc473f398b","type":"Feature","geometry":{"type":"Polygon","coordinates":[[[41.0835858,19.1186395],[41.0830557,19.1185498],[41.0830792,19.1184258],[41.0836093,19.1185155],[41.0835858,19.1186395]]]},"properties":{"sources":[{"property":"","dataset":"Microsoft ML Buildings","license":"ODbL-1.0","record_id":null,"update_time":"2018-09-01T00:00:00.000Z","confidence":null,"between":null,"provider":"microsoft","resource":"ml_buildings","version":"2025-02-25"}],"is_underground":false,"has_parts":false,"version":3}},
{"id":"923bd766-c9f1-40ec-aeea-ea81128466bd","type":"Feature","geometry":{"type":"Polygon","coordinates":[[[41.084386,19.1186009],[41.0843095,19.1183534],[41.0847681,19.118227],[41.0848446,19.1184745],[41.084386,19.1186009]]]},"properties":{"sources":[{"property":"","dataset":"Microsoft ML Buildings","license":"ODbL-1.0","record_id":null,"update_time":"2018-09-01T00:00:00.000Z","confidence":null,"between":null,"provider":"microsoft","resource":"ml_buildings","version":"2025-02-25"}],"is_underground":false,"has_parts":false,"version":3}},
{"id":"fd409216-794f-4a0c-9b66-8cc70ae95f41","type":"Feature","geometry":{"type":"Polygon","coordinates":[[[41.083985,19.1186642],[41.0842967,19.1185832],[41.0843303,19.1186987],[41.0840186,19.1187796],[41.083985,19.1186642]]]},"properties":{"sources":[{"property":"","dataset":"Microsoft ML Buildings","license":"ODbL-1.0","record_id":null,"update_time":"2018-09-01T00:00:00.000Z","confidence":null,"between":null,"provider":"microsoft","resource":"ml_buildings","version":"2025-02-25"}],"is_underground":false,"has_parts":false,"version":3}},
{"id":"c4312ddb-9109-404d-bef4-c450f4576705","type":"Feature","geometry":{"type":"Polygon","coordinates":[[[41.0842502,19.1185282],[41.0837384,19.1186219],[41.0837121,19.1184936],[41.084224,19.1184],[41.0842502,19.1185282]]]},"properties":{"sources":[{"property":"","dataset":"Microsoft ML Buildings","license":"ODbL-1.0","record_id":null,"update_time":"2018-09-01T00:00:00.000Z","confidence":null,"between":null,"provider":"microsoft","resource":"ml_buildings","version":"2025-02-25"}],"is_underground":false,"has_parts":false,"version":3}},
{"id":"ebd06010-cf0b-48bc-9c73-61a23b9d1fb3","type":"Feature","geometry":{"type":"Polygon","coordinates":[[[41.0835251,19.1187483],[41.0835894,19.1187484],[41.0835894,19.118789],[41.083525,19.1187889],[41.0835251,19.1187483]]]},"properties":{"sources":[{"property":"","dataset":"Microsoft ML Buildings","license":"ODbL-1.0","record_id":null,"update_time":"2018-09-01T00:00:00.000Z","confidence":null,"between":null,"provider":"microsoft","resource":"ml_buildings","version":"2025-02-25"}],"is_underground":false,"has_parts":false,"version":3}},
{"id":"bc3f221b-3a92-4720-ad12-861159234332","type":"Feature","geometry":{"type":"Polygon","coordinates":[[[41.0833556,19.1195817],[41.0833432,19.1195259],[41.0834343,19.1195078],[41.0834468,19.1195636],[41.0833556,19.1195817]]]},"properties":{"sources":[{"property":"","dataset":"Microsoft ML Buildings","license":"ODbL-1.0","record_id":null,"update_time":"2018-09-01T00:00:00.000Z","confidence":null,"between":null,"provider":"microsoft","resource":"ml_buildings","version":"2025-02-25"}],"is_underground":false,"has_parts":false,"version":3}},
{"id":"9d55ee93-f393-41fe-816c-3f2177c87a33","type":"Feature","geometry":{"type":"Polygon","coordinates":[[[41.0851503,19.1183663],[41.084996,19.1179496],[41.0857236,19.1177091],[41.085872,19.11811],[41.0856618,19.1181795],[41.0856484,19.1181434],[41.0853544,19.1182405],[41.0853737,19.1182925],[41.0851503,19.1183663]]]},"properties":{"sources":[{"property":"","dataset":"Microsoft ML Buildings","license":"ODbL-1.0","record_id":null,"update_time":"2018-09-01T00:00:00.000Z","confidence":null,"between":null,"provider":"microsoft","resource":"ml_buildings","version":"2025-02-25"}],"is_underground":false,"has_parts":false,"version":3}},
{"id":"6bfa0767-f71a-44a9-9f00-0feb960a00f2","type":"Feature","geometry":{"type":"Polygon","coordinates":[[[41.0868285,19.1190277],[41.0868243,19.1189952],[41.0869169,19.1189847],[41.086921,19.1190172],[41.0868285,19.1190277]]]},"properties":{"sources":[{"property":"","dataset":"Microsoft ML Buildings","license":"ODbL-1.0","record_id":null,"update_time":"2018-09-01T00:00:00.000Z","confidence":null,"between":null,"provider":"microsoft","resource":"ml_buildings","version":"2025-02-25"}],"is_underground":false,"has_parts":false,"version":3}},
{"id":"81933001-1576-43ed-b8d2-4739f7ad2ab4","type":"Feature","geometry":{"type":"Polygon","coordinates":[[[41.0876737,19.1181656],[41.0877004,19.118286],[41.0876296,19.1183],[41.087603,19.1181796],[41.0876737,19.1181656]]]},"properties":{"sources":[{"property":"","dataset":"Microsoft ML Buildings","license":"ODbL-1.0","record_id":null,"update_time":"2018-09-01T00:00:00.000Z","confidence":null,"between":null,"provider":"microsoft","resource":"ml_buildings","version":"2025-02-25"}],"is_underground":false,"has_parts":false,"version":3}},
{"id":"0e52aaaa-5bb3-4006-b735-877a6ed2b10f","type":"Feature","geometry":{"type":"Polygon","coordinates":[[[41.0882387,19.1182979],[41.0882099,19.1182027],[41.0883488,19.1181652],[41.0884236,19.1184127],[41.0879239,19.1185475],[41.087856,19.1183225],[41.0879824,19.1182884],[41.0880054,19.1183643],[41.0880574,19.1183502],[41.0880473,19.1183165],[41.0881873,19.1182788],[41.0881965,19.1183092],[41.0882387,19.1182979]]]},"properties":{"sources":[{"property":"","dataset":"Microsoft ML Buildings","license":"ODbL-1.0","record_id":null,"update_time":"2018-09-01T00:00:00.000Z","confidence":null,"between":null,"provider":"microsoft","resource":"ml_buildings","version":"2025-02-25"}],"is_underground":false,"has_parts":false,"version":3}},
{"id":"76ca5c58-a462-4d91-9398-111c37048937","type":"Feature","geometry":{"type":"Polygon","coordinates":[[[41.0883088,19.1187349],[41.0883182,19.1187734],[41.0881782,19.118804],[41.0881688,19.1187655],[41.0883088,19.1187349]]]},"properties":{"sources":[{"property":"","dataset":"Microsoft ML Buildings","license":"ODbL-1.0","record_id":null,"update_time":"2018-09-01T00:00:00.000Z","confidence":null,"between":null,"provider":"microsoft","resource":"ml_buildings","version":"2025-02-25"}],"is_underground":false,"has_parts":false,"version":3}},
{"id":"ae2c0347-e136-4b6e-accb-2a4022e4478a","type":"Feature","geometry":{"type":"Polygon","coordinates":[[[41.0880216,19.1188098],[41.0880014,19.1187472],[41.0884849,19.118608],[41.0885051,19.1186706],[41.0880216,19.1188098]]]},"properties":{"sources":[{"property":"","dataset":"Microsoft ML Buildings","license":"ODbL-1.0","record_id":null,"update_time":"2018-09-01T00:00:00.000Z","confidence":null,"between":null,"provider":"microsoft","resource":"ml_buildings","version":"2025-02-25"}],"is_underground":false,"has_parts":false,"version":3}},
{"id":"dd29daf8-cbbb-4fa6-b4a1-8ee6d11e1be8","type":"Feature","geometry":{"type":"Polygon","coordinates":[[[41.0878072,19.1188179],[41.0878802,19.1188004],[41.087886,19.1188218],[41.0879666,19.1188025],[41.0879832,19.1188644],[41.0877842,19.1189121],[41.0877714,19.1188645],[41.0878167,19.1188536],[41.0878072,19.1188179]]]},"properties":{"sources":[{"property":"","dataset":"Microsoft ML Buildings","license":"ODbL-1.0","record_id":null,"update_time":"2018-09-01T00:00:00.000Z","confidence":null,"between":null,"provider":"microsoft","resource":"ml_buildings","version":"2025-02-25"}],"is_underground":false,"has_parts":false,"version":3}},
{"id":"7af12568-b122-47db-b091-79786f97a5c9","type":"Feature","geometry":{"type":"Polygon","coordinates":[[[41.0880124,19.1191706],[41.0879947,19.1191138],[41.0880502,19.1190983],[41.0880679,19.1191551],[41.0880124,19.1191706]]]},"properties":{"sources":[{"property":"","dataset":"Microsoft ML Buildings","license":"ODbL-1.0","record_id":null,"update_time":"2018-09-01T00:00:00.000Z","confidence":null,"between":null,"provider":"microsoft","resource":"ml_buildings","version":"2025-02-25"}],"is_underground":false,"has_parts":false,"version":3}},
{"id":"4464ca7c-f291-40ce-89a5-cb09aec42115","type":"Feature","geometry":{"type":"Polygon","coordinates":[[[41.0878249,19.1196799],[41.0878344,19.1198161],[41.0877823,19.1198194],[41.0877728,19.1196831],[41.0878249,19.1196799]]]},"properties":{"sources":[{"property":"","dataset":"Microsoft ML Buildings","license":"ODbL-1.0","record_id":null,"update_time":"2018-09-01T00:00:00.000Z","confidence":null,"between":null,"provider":"microsoft","resource":"ml_buildings","version":"2025-02-25"}],"is_underground":false,"has_parts":false,"version":3}},
{"id":"23aa83e6-3478-4c8c-bfc3-8d54a8b9cddc","type":"Feature","geometry":{"type":"Polygon","coordinates":[[[41.0881851,19.1203221],[41.0881933,19.1203611],[41.0880695,19.1203845],[41.0880236,19.1201676],[41.0880519,19.1201623],[41.0880625,19.1202119],[41.0881166,19.1202017],[41.088136,19.1202933],[41.0880948,19.1203011],[41.0881025,19.1203377],[41.0881851,19.1203221]]]},"properties":{"sources":[{"property":"","dataset":"Microsoft ML Buildings","license":"ODbL-1.0","record_id":null,"update_time":"2018-09-01T00:00:00.000Z","confidence":null,"between":null,"provider":"microsoft","resource":"ml_buildings","version":"2025-02-25"}],"is_underground":false,"has_parts":false,"version":3}},
{"id":"b6a9a152-1546-41b4-b95c-1e0d187dd6fc","type":"Feature","geometry":{"type":"Polygon","coordinates":[[[41.0882596,19.1202975],[41.0882465,19.1201976],[41.0883337,19.1201875],[41.0883467,19.1202873],[41.0882596,19.1202975]]]},"properties":{"sources":[{"property":"","dataset":"Microsoft ML Buildings","license":"ODbL-1.0","record_id":null,"update_time":"2018-09-01T00:00:00.000Z","confidence":null,"between":null,"provider":"microsoft","resource":"ml_buildings","version":"2025-02-25"}],"is_underground":false,"has_parts":false,"version":3}},
{"id":"e5c2ec06-7e67-4785-85ec-718755e02946","type":"Feature","geometry":{"type":"Polygon","coordinates":[[[41.0880199,19.1201183],[41.0879943,19.1200204],[41.0880322,19.1200115],[41.0880578,19.1201095],[41.0880199,19.1201183]]]},"properties":{"sources":[{"property":"","dataset":"Microsoft ML Buildings","license":"ODbL-1.0","record_id":null,"update_time":"2018-09-01T00:00:00.000Z","confidence":null,"between":null,"provider":"microsoft","resource":"ml_buildings","version":"2025-02-25"}],"is_underground":false,"has_parts":false,"version":3}},
{"id":"4ba16018-a92c-4d2b-9e6e-6d14d6eac53e","type":"Feature","geometry":{"type":"Polygon","coordinates":[[[41.0878243,19.119865],[41.0879216,19.1203615],[41.087858,19.1203726],[41.0877607,19.1198761],[41.0878243,19.119865]]]},"properties":{"sources":[{"property":"","dataset":"Microsoft ML Buildings","license":"ODbL-1.0","record_id":null,"update_time":"2018-09-01T00:00:00.000Z","confidence":null,"between":null,"provider":"microsoft","resource":"ml_buildings","version":"2025-02-25"}],"is_underground":false,"has_parts":false,"version":3}},
{"id":"42817a75-183e-4850-b5e0-316fc517243e","type":"Feature","geometry":{"type":"Polygon","coordinates":[[[41.0873116,19.120126],[41.0872814,19.1199874],[41.0875542,19.1199345],[41.0876611,19.1204256],[41.0874063,19.1204751],[41.0873783,19.1203462],[41.0874632,19.1203297],[41.0874534,19.1202845],[41.0874276,19.1202895],[41.0873888,19.120111],[41.0873116,19.120126]]]},"properties":{"sources":[{"property":"","dataset":"Microsoft ML Buildings","license":"ODbL-1.0","record_id":null,"update_time":"2018-09-01T00:00:00.000Z","confidence":null,"between":null,"provider":"microsoft","resource":"ml_buildings","version":"2025-02-25"}],"is_underground":false,"has_parts":false,"version":3}},
{"id":"20a05c05-b43d-4a9f-b7b3-5bef9e8ef300","type":"Feature","geometry":{"type":"Polygon","coordinates":[[[41.0871171,19.119214499999998],[41.0871574,19.1192048],[41.0871759,19.1192739],[41.0871356,19.1192836],[41.0871171,19.119214499999998]]]},"properties":{"sources":[{"property":"","dataset":"Microsoft ML Buildings","license":"ODbL-1.0","record_id":null,"update_time":"2018-09-01T00:00:00.000Z","confidence":null,"between":null,"provider":"microsoft","resource":"ml_buildings","version":"2025-02-25"}],"is_underground":false,"has_parts":false,"version":3}},
{"id":"1a62e303-c298-4b7c-8ff4-e072b0ab6895","type":"Feature","geometry":{"type":"Polygon","coordinates":[[[41.0868688,19.1194467],[41.0868893,19.1195363],[41.0868291,19.1195486],[41.0868086,19.119459],[41.0868688,19.1194467]]]},"properties":{"sources":[{"property":"","dataset":"Microsoft ML Buildings","license":"ODbL-1.0","record_id":null,"update_time":"2018-09-01T00:00:00.000Z","confidence":null,"between":null,"provider":"microsoft","resource":"ml_buildings","version":"2025-02-25"}],"is_underground":false,"has_parts":false,"version":3}},
{"id":"b52bdbfe-c5d4-4fb8-81c1-19d4bc4b0030","type":"Feature","geometry":{"type":"Polygon","coordinates":[[[41.0868755,19.119433],[41.0868626,19.1193758],[41.0869498,19.1193582],[41.086928,19.1192612],[41.0870332,19.1192401],[41.0870679,19.1193943],[41.0868755,19.119433]]]},"properties":{"sources":[{"property":"","dataset":"Microsoft ML Buildings","license":"ODbL-1.0","record_id":null,"update_time":"2018-09-01T00:00:00.000Z","confidence":null,"between":null,"provider":"microsoft","resource":"ml_buildings","version":"2025-02-25"}],"is_underground":false,"has_parts":false,"version":3}},
{"id":"55b7499a-b5fe-434b-b5c0-3f2225c941d1","type":"Feature","geometry":{"type":"Polygon","coordinates":[[[41.0862414,19.1194036],[41.0864678,19.1193594],[41.0865359,19.1196704],[41.0863096,19.1197147],[41.0862414,19.1194036]]]},"properties":{"sources":[{"property":"","dataset":"Microsoft ML Buildings","license":"ODbL-1.0","record_id":null,"update_time":"2018-09-01T00:00:00.000Z","confidence":null,"between":null,"provider":"microsoft","resource":"ml_buildings","version":"2025-02-25"}],"is_underground":false,"has_parts":false,"version":3}},
{"id":"77cd135a-8158-4f5b-9ad0-084aa338b262","type":"Feature","geometry":{"type":"Polygon","coordinates":[[[41.0867028,19.119941],[41.0867169,19.1199823],[41.0866854,19.1199919],[41.0866712,19.1199506],[41.0867028,19.119941]]]},"properties":{"sources":[{"property":"","dataset":"Microsoft ML Buildings","license":"ODbL-1.0","record_id":null,"update_time":"2018-09-01T00:00:00.000Z","confidence":null,"between":null,"provider":"microsoft","resource":"ml_buildings","version":"2025-02-25"}],"is_underground":false,"has_parts":false,"version":3}},
{"id":"a4e9702b-b767-4328-bfe1-bb7aed7c6977","type":"Feature","geometry":{"type":"Polygon","coordinates":[[[41.086884,19.1209536],[41.08687,19.1209039],[41.0869538,19.1208829],[41.0869678,19.1209326],[41.086884,19.1209536]]]},"properties":{"sources":[{"property":"","dataset":"Microsoft ML Buildings","license":"ODbL-1.0","record_id":null,"update_time":"2018-09-01T00:00:00.000Z","confidence":null,"between":null,"provider":"microsoft","resource":"ml_buildings","version":"2025-02-25"}],"is_underground":false,"has_parts":false,"version":3}},
{"id":"fe7ebfee-f091-4715-9ed2-35c249d45c56","type":"Feature","geometry":{"type":"Polygon","coordinates":[[[41.0868234,19.1205624],[41.0868758,19.1205613],[41.0868775,19.1206348],[41.0868251,19.1206359],[41.0868234,19.1205624]]]},"properties":{"sources":[{"property":"","dataset":"Microsoft ML Buildings","license":"ODbL-1.0","record_id":null,"update_time":"2018-09-01T00:00:00.000Z","confidence":null,"between":null,"provider":"microsoft","resource":"ml_buildings","version":"2025-02-25"}],"is_underground":false,"has_parts":false,"version":3}},
{"id":"01e44dd5-d189-4b52-80b7-71473cc4cd56","type":"Feature","geometry":{"type":"Polygon","coordinates":[[[41.0871975,19.1206442],[41.0873384,19.1206122],[41.0873585,19.1206913],[41.0872176,19.1207233],[41.0871975,19.1206442]]]},"properties":{"sources":[{"property":"","dataset":"Microsoft ML Buildings","license":"ODbL-1.0","record_id":null,"update_time":"2018-09-01T00:00:00.000Z","confidence":null,"between":null,"provider":"microsoft","resource":"ml_buildings","version":"2025-02-25"}],"is_underground":false,"has_parts":false,"version":3}},
{"id":"cee30bfe-9432-461a-9211-fa54efb2a987","type":"Feature","geometry":{"type":"Polygon","coordinates":[[[41.0870674,19.12145],[41.0871391,19.1217205],[41.0869876,19.1217563],[41.0869159,19.1214859],[41.0870674,19.12145]]]},"properties":{"sources":[{"property":"","dataset":"Microsoft ML Buildings","license":"ODbL-1.0","record_id":null,"update_time":"2018-09-01T00:00:00.000Z","confidence":null,"between":null,"provider":"microsoft","resource":"ml_buildings","version":"2025-02-25"}],"is_underground":false,"has_parts":false,"version":3}},
{"id":"b025a181-63db-49e9-b07c-17407fb174d1","type":"Feature","geometry":{"type":"Polygon","coordinates":[[[41.0864663,19.1215104],[41.0867874,19.1214468],[41.0868278,19.1216289],[41.0865066,19.1216925],[41.0864663,19.1215104]]]},"properties":{"sources":[{"property":"","dataset":"Microsoft ML Buildings","license":"ODbL-1.0","record_id":null,"update_time":"2018-09-01T00:00:00.000Z","confidence":null,"between":null,"provider":"microsoft","resource":"ml_buildings","version":"2025-02-25"}],"is_underground":false,"has_parts":false,"version":3}},
{"id":"ec6d3df5-8083-4162-9ac1-0df8ab48bd83","type":"Feature","geometry":{"type":"Polygon","coordinates":[[[41.0866749,19.1210086],[41.0867529,19.121318],[41.0863326,19.1214125],[41.0862631,19.1211367],[41.0863584,19.1211152],[41.0863705,19.1211632],[41.0865381,19.1211255],[41.0865254,19.1210752],[41.086623,19.1210532],[41.0866151,19.121022],[41.0866749,19.1210086]]]},"properties":{"sources":[{"property":"","dataset":"Microsoft ML Buildings","license":"ODbL-1.0","record_id":null,"update_time":"2018-09-01T00:00:00.000Z","confidence":null,"between":null,"provider":"microsoft","resource":"ml_buildings","version":"2025-02-25"}],"is_underground":false,"has_parts":false,"version":3}},
{"id":"1692775c-3acc-4d9e-b88a-288831cdcf27","type":"Feature","geometry":{"type":"Polygon","coordinates":[[[41.0867586,19.1226284],[41.086702,19.1223672],[41.0868524,19.1223381],[41.086909,19.1225993],[41.0867586,19.1226284]]]},"properties":{"sources":[{"property":"","dataset":"Microsoft ML Buildings","license":"ODbL-1.0","record_id":null,"update_time":"2018-09-01T00:00:00.000Z","confidence":null,"between":null,"provider":"microsoft","resource":"ml_buildings","version":"2025-02-25"}],"is_underground":false,"has_parts":false,"version":3}},
{"id":"9d2c103b-ba9e-4271-87ec-33224515e862","type":"Feature","geometry":{"type":"Polygon","coordinates":[[[41.086573,19.1226677],[41.0865151,19.1224001],[41.0863246,19.1224369],[41.0862714,19.1221912],[41.086619,19.1221241],[41.0867301,19.1226374],[41.086573,19.1226677]]]},"properties":{"sources":[{"property":"","dataset":"Microsoft ML Buildings","license":"ODbL-1.0","record_id":null,"update_time":"2018-09-01T00:00:00.000Z","confidence":null,"between":null,"provider":"microsoft","resource":"ml_buildings","version":"2025-02-25"}],"is_underground":false,"has_parts":false,"version":3}},
{"id":"c03f398e-9b02-4ae7-b7f1-41ea5fe8f807","type":"Feature","geometry":{"type":"Polygon","coordinates":[[[41.0865269,19.1225229],[41.0865651,19.122674],[41.0864879,19.1226914],[41.0864497,19.1225404],[41.0865269,19.1225229]]]},"properties":{"sources":[{"property":"","dataset":"Microsoft ML Buildings","license":"ODbL-1.0","record_id":null,"update_time":"2018-09-01T00:00:00.000Z","confidence":null,"between":null,"provider":"microsoft","resource":"ml_buildings","version":"2025-02-25"}],"is_underground":false,"has_parts":false,"version":3}},
{"id":"9986e68f-76fa-417c-bcc2-3bb549502824","type":"Feature","geometry":{"type":"Polygon","coordinates":[[[41.0871168,19.1226367],[41.0873823,19.1225721],[41.0875786,19.1232924],[41.0873126,19.1233571],[41.0873813,19.1236092],[41.0871348,19.1236691],[41.0870701,19.1236313],[41.0868784,19.1229264],[41.087176,19.1228541],[41.0871168,19.1226367]]]},"properties":{"sources":[{"property":"","dataset":"OpenStreetMap","license":"ODbL-1.0","record_id":"w1063328614@1","update_time":"2022-05-24T16:10:30.000Z","confidence":null,"between":null,"provider":"osm","resource":"planet","version":"2026-08-02T00:00:00.000Z"}],"is_underground":false,"has_parts":false,"version":1}},
{"id":"012b3902-833c-4529-8a0c-95fbb0a3722a","type":"Feature","geometry":{"type":"Polygon","coordinates":[[[41.0875403,19.1223084],[41.0875205,19.1222223],[41.0875629,19.1222135],[41.0875828,19.1222997],[41.0875403,19.1223084]]]},"properties":{"sources":[{"property":"","dataset":"Microsoft ML Buildings","license":"ODbL-1.0","record_id":null,"update_time":"2018-09-01T00:00:00.000Z","confidence":null,"between":null,"provider":"microsoft","resource":"ml_buildings","version":"2025-02-25"}],"is_underground":false,"has_parts":false,"version":3}},
{"id":"38c270bf-d0eb-4814-bc20-82685acc69f2","type":"Feature","geometry":{"type":"Polygon","coordinates":[[[41.0871074,19.1224849],[41.0871186,19.1225279],[41.0869366,19.1225704],[41.0868678,19.1223078],[41.0869689,19.1222841],[41.0869771,19.1223152],[41.0870706,19.1222933],[41.08712,19.1224819],[41.0871074,19.1224849]]]},"properties":{"sources":[{"property":"","dataset":"Microsoft ML Buildings","license":"ODbL-1.0","record_id":null,"update_time":"2018-09-01T00:00:00.000Z","confidence":null,"between":null,"provider":"microsoft","resource":"ml_buildings","version":"2025-02-25"}],"is_underground":false,"has_parts":false,"version":3}},
{"id":"3020a025-585a-46d1-a6fd-8814723f42a1","type":"Feature","geometry":{"type":"Polygon","coordinates":[[[41.0871911,19.1222197],[41.0871727,19.1221671],[41.0872138,19.1221543],[41.0872322,19.1222069],[41.0871911,19.1222197]]]},"properties":{"sources":[{"property":"","dataset":"Microsoft ML Buildings","license":"ODbL-1.0","record_id":null,"update_time":"2018-09-01T00:00:00.000Z","confidence":null,"between":null,"provider":"microsoft","resource":"ml_buildings","version":"2025-02-25"}],"is_underground":false,"has_parts":false,"version":3}},
{"id":"095a0821-fdc4-4d79-99b9-14e41952d2ae","type":"Feature","geometry":{"type":"Polygon","coordinates":[[[41.0875527,19.1221544],[41.0874973,19.1218991],[41.0879452,19.1218123],[41.0880006,19.1220677],[41.0875527,19.1221544]]]},"properties":{"sources":[{"property":"","dataset":"Microsoft ML Buildings","license":"ODbL-1.0","record_id":null,"update_time":"2018-09-01T00:00:00.000Z","confidence":null,"between":null,"provider":"microsoft","resource":"ml_buildings","version":"2025-02-25"}],"is_underground":false,"has_parts":false,"version":3}},
{"id":"20522080-e21b-4b3c-9230-6d8ea933cc91","type":"Feature","geometry":{"type":"Polygon","coordinates":[[[41.0882415,19.1222251],[41.0883231,19.1225542],[41.0876671,19.1226994],[41.0875855,19.1223703],[41.0882415,19.1222251]]]},"properties":{"sources":[{"property":"","dataset":"Microsoft ML Buildings","license":"ODbL-1.0","record_id":null,"update_time":"2018-09-01T00:00:00.000Z","confidence":null,"between":null,"provider":"microsoft","resource":"ml_buildings","version":"2025-02-25"}],"is_underground":false,"has_parts":false,"version":3}},
{"id":"7622b1bd-45b7-423d-b202-b719ffceeb73","type":"Feature","geometry":{"type":"Polygon","coordinates":[[[41.0888923,19.1221352],[41.0889077,19.1222344],[41.0887318,19.1222588],[41.0887164,19.1221596],[41.0888923,19.1221352]]]},"properties":{"sources":[{"property":"","dataset":"Microsoft ML Buildings","license":"ODbL-1.0","record_id":null,"update_time":"2018-09-01T00:00:00.000Z","confidence":null,"between":null,"provider":"microsoft","resource":"ml_buildings","version":"2025-02-25"}],"is_underground":false,"has_parts":false,"version":3}},
{"id":"dcb3cf1f-5891-4421-b2be-7f76e346357d","type":"Feature","geometry":{"type":"Polygon","coordinates":[[[41.0888691,19.1224501],[41.0888657,19.1222661],[41.0888979,19.1222656],[41.0888992,19.1223365],[41.0889329,19.122336],[41.088935,19.1224491],[41.0888691,19.1224501]]]},"properties":{"sources":[{"property":"","dataset":"Microsoft ML Buildings","license":"ODbL-1.0","record_id":null,"update_time":"2018-09-01T00:00:00.000Z","confidence":null,"between":null,"provider":"microsoft","resource":"ml_buildings","version":"2025-02-25"}],"is_underground":false,"has_parts":false,"version":3}},
{"id":"fc4dac68-cb18-41ba-b441-0a2152312ccd","type":"Feature","geometry":{"type":"Polygon","coordinates":[[[41.0888459,19.1219964],[41.0888726,19.1220938],[41.0887017,19.1221356],[41.088675,19.1220383],[41.0888459,19.1219964]]]},"properties":{"sources":[{"property":"","dataset":"Microsoft ML Buildings","license":"ODbL-1.0","record_id":null,"update_time":"2018-09-01T00:00:00.000Z","confidence":null,"between":null,"provider":"microsoft","resource":"ml_buildings","version":"2025-02-25"}],"is_underground":false,"has_parts":false,"version":3}},
{"id":"18482001-b9bd-4ea4-8019-74a7d51204fe","type":"Feature","geometry":{"type":"Polygon","coordinates":[[[41.0885677,19.1222566],[41.0885229,19.1220765],[41.0886424,19.12205],[41.0886871,19.1222301],[41.0885677,19.1222566]]]},"properties":{"sources":[{"property":"","dataset":"Microsoft ML Buildings","license":"ODbL-1.0","record_id":null,"update_time":"2018-09-01T00:00:00.000Z","confidence":null,"between":null,"provider":"microsoft","resource":"ml_buildings","version":"2025-02-25"}],"is_underground":false,"has_parts":false,"version":3}},
{"id":"0963a874-ada4-4ee6-a859-bc0543bb12ce","type":"Feature","geometry":{"type":"Polygon","coordinates":[[[41.0890445,19.1218145],[41.0889626,19.1214891],[41.0890946,19.1214595],[41.0891713,19.1217641],[41.0891027,19.1217795],[41.0891079,19.1218002],[41.0890445,19.1218145]]]},"properties":{"sources":[{"property":"","dataset":"Microsoft ML Buildings","license":"ODbL-1.0","record_id":null,"update_time":"2018-09-01T00:00:00.000Z","confidence":null,"between":null,"provider":"microsoft","resource":"ml_buildings","version":"2025-02-25"}],"is_underground":false,"has_parts":false,"version":3}},
{"id":"000dc778-b86c-4954-a3b9-b30a17679b3c","type":"Feature","geometry":{"type":"Polygon","coordinates":[[[41.0888765,19.1212703],[41.0888577,19.1211959],[41.0888857,19.1211896],[41.0889044,19.121264],[41.0888765,19.1212703]]]},"properties":{"sources":[{"property":"","dataset":"Microsoft ML Buildings","license":"ODbL-1.0","record_id":null,"update_time":"2018-09-01T00:00:00.000Z","confidence":null,"between":null,"provider":"microsoft","resource":"ml_buildings","version":"2025-02-25"}],"is_underground":false,"has_parts":false,"version":3}},
{"id":"4cac0fd7-f251-4118-9580-90640f1caf74","type":"Feature","geometry":{"type":"Polygon","coordinates":[[[41.0888531,19.1214088],[41.0888224,19.1213027],[41.0888648,19.1212918],[41.0888955,19.1213979],[41.0888531,19.1214088]]]},"properties":{"sources":[{"property":"","dataset":"Microsoft ML Buildings","license":"ODbL-1.0","record_id":null,"update_time":"2018-09-01T00:00:00.000Z","confidence":null,"between":null,"provider":"microsoft","resource":"ml_buildings","version":"2025-02-25"}],"is_underground":false,"has_parts":false,"version":3}},
{"id":"b2a43284-a7d6-4765-857a-80eb3319f50e","type":"Feature","geometry":{"type":"Polygon","coordinates":[[[41.0886505,19.1214149],[41.0886981,19.1214095],[41.0887161,19.1215529],[41.0885892,19.1215671],[41.0885835,19.1215222],[41.0886629,19.1215132],[41.0886505,19.1214149]]]},"properties":{"sources":[{"property":"","dataset":"Microsoft ML Buildings","license":"ODbL-1.0","record_id":null,"update_time":"2018-09-01T00:00:00.000Z","confidence":null,"between":null,"provider":"microsoft","resource":"ml_buildings","version":"2025-02-25"}],"is_underground":false,"has_parts":false,"version":3}},
{"id":"6a3086d2-8387-41cd-a632-67a230d64d3d","type":"Feature","geometry":{"type":"Polygon","coordinates":[[[41.0885917,19.1212278],[41.0885742,19.1211529],[41.0886151,19.1211444],[41.0886326,19.1212193],[41.0885917,19.1212278]]]},"properties":{"sources":[{"property":"","dataset":"Microsoft ML Buildings","license":"ODbL-1.0","record_id":null,"update_time":"2018-09-01T00:00:00.000Z","confidence":null,"between":null,"provider":"microsoft","resource":"ml_buildings","version":"2025-02-25"}],"is_underground":false,"has_parts":false,"version":3}},
{"id":"020ca643-4292-48bf-a8e7-e8b629d6982f","type":"Feature","geometry":{"type":"Polygon","coordinates":[[[41.0887847,19.1217541],[41.0887438,19.1217625],[41.0887717,19.1218834],[41.0885709,19.1219249],[41.0885078,19.1216515],[41.0885999,19.1216325],[41.088591,19.1215938],[41.0887318,19.1215648],[41.0887424,19.1216107],[41.088704,19.1216186],[41.0887225,19.1216985],[41.0887696,19.1216887],[41.0887847,19.1217541]]]},"properties":{"sources":[{"property":"","dataset":"Microsoft ML Buildings","license":"ODbL-1.0","record_id":null,"update_time":"2018-09-01T00:00:00.000Z","confidence":null,"between":null,"provider":"microsoft","resource":"ml_buildings","version":"2025-02-25"}],"is_underground":false,"has_parts":false,"version":3}},
{"id":"5b2acf40-7423-40eb-addf-e53d6d67f32d","type":"Feature","geometry":{"type":"Polygon","coordinates":[[[41.0881499,19.1217326],[41.0884379,19.121668],[41.0884755,19.1218176],[41.0881875,19.1218822],[41.0881499,19.1217326]]]},"properties":{"sources":[{"property":"","dataset":"Microsoft ML Buildings","license":"ODbL-1.0","record_id":null,"update_time":"2018-09-01T00:00:00.000Z","confidence":null,"between":null,"provider":"microsoft","resource":"ml_buildings","version":"2025-02-25"}],"is_underground":false,"has_parts":false,"version":3}},
{"id":"b64372d2-669c-42d2-9670-8c8d8e08acc1","type":"Feature","geometry":{"type":"Polygon","coordinates":[[[41.0882666,19.1216033],[41.0882934,19.1216024],[41.0882928,19.1215881],[41.0883464,19.1215862],[41.088349,19.121651],[41.0882686,19.1216539],[41.0882666,19.1216033]]]},"properties":{"sources":[{"property":"","dataset":"Microsoft ML Buildings","license":"ODbL-1.0","record_id":null,"update_time":"2018-09-01T00:00:00.000Z","confidence":null,"between":null,"provider":"microsoft","resource":"ml_buildings","version":"2025-02-25"}],"is_underground":false,"has_parts":false,"version":3}},
{"id":"01b736f3-5bf5-4c1e-bccd-f90641fc1d3b","type":"Feature","geometry":{"type":"Polygon","coordinates":[[[41.087701,19.121395],[41.0878928,19.1213611],[41.0879398,19.1215986],[41.0879813,19.1215913],[41.087992,19.1216451],[41.0877588,19.1216864],[41.087701,19.121395]]]},"properties":{"sources":[{"property":"","dataset":"Microsoft ML Buildings","license":"ODbL-1.0","record_id":null,"update_time":"2018-09-01T00:00:00.000Z","confidence":null,"between":null,"provider":"microsoft","resource":"ml_buildings","version":"2025-02-25"}],"is_underground":false,"has_parts":false,"version":3}},
{"id":"d5d90af9-46b4-42f6-8422-f6765cda9a17","type":"Feature","geometry":{"type":"Polygon","coordinates":[[[41.0878328,19.1213317],[41.0877999,19.121198],[41.0883914,19.1210681],[41.0884071,19.1211321],[41.0883653,19.1211413],[41.0883785,19.1211951],[41.0880833,19.1212599],[41.0880955,19.1213095],[41.088177,19.1212916],[41.0882476,19.1215786],[41.0880161,19.1216295],[41.0879444,19.1213386],[41.0879939,19.1213277],[41.0879866,19.121298],[41.0878328,19.1213317]]]},"properties":{"sources":[{"property":"","dataset":"Microsoft ML Buildings","license":"ODbL-1.0","record_id":null,"update_time":"2018-09-01T00:00:00.000Z","confidence":null,"between":null,"provider":"microsoft","resource":"ml_buildings","version":"2025-02-25"}],"is_underground":false,"has_parts":false,"version":3}},
{"id":"10c76403-653a-4404-ae0d-7ba47d0a4b93","type":"Feature","geometry":{"type":"Polygon","coordinates":[[[41.0878248,19.1205168],[41.0878132,19.1204805],[41.0878884,19.1204592],[41.0879006,19.1204979],[41.0879769,19.1204763],[41.0879939,19.1205298],[41.0877932,19.1205866],[41.0877755,19.1205308],[41.0878248,19.1205168]]]},"properties":{"sources":[{"property":"","dataset":"Microsoft ML Buildings","license":"ODbL-1.0","record_id":null,"update_time":"2018-09-01T00:00:00.000Z","confidence":null,"between":null,"provider":"microsoft","resource":"ml_buildings","version":"2025-02-25"}],"is_underground":false,"has_parts":false,"version":3}},
{"id":"2e44b388-49e9-4543-a869-9de982dbaaaf","type":"Feature","geometry":{"type":"Polygon","coordinates":[[[41.0883603,19.1207882],[41.0883422,19.1207272],[41.0883994,19.120712],[41.0884175,19.1207731],[41.0883603,19.1207882]]]},"properties":{"sources":[{"property":"","dataset":"Microsoft ML Buildings","license":"ODbL-1.0","record_id":null,"update_time":"2018-09-01T00:00:00.000Z","confidence":null,"between":null,"provider":"microsoft","resource":"ml_buildings","version":"2025-02-25"}],"is_underground":false,"has_parts":false,"version":3}},
{"id":"de579a40-0e51-4aa3-b2ff-0fc6791aece0","type":"Feature","geometry":{"type":"Polygon","coordinates":[[[41.0888122,19.1210579],[41.0888288,19.1211385],[41.0887797,19.1211475],[41.0887631,19.1210669],[41.0888122,19.1210579]]]},"properties":{"sources":[{"property":"","dataset":"Microsoft ML Buildings","license":"ODbL-1.0","record_id":null,"update_time":"2018-09-01T00:00:00.000Z","confidence":null,"between":null,"provider":"microsoft","resource":"ml_buildings","version":"2025-02-25"}],"is_underground":false,"has_parts":false,"version":3}},
{"id":"82e990ac-8161-41fe-8b5b-036d6667d93f","type":"Feature","geometry":{"type":"Polygon","coordinates":[[[41.0894888,19.1209345],[41.0895083,19.1210297],[41.0893765,19.1210539],[41.0893569,19.1209586],[41.0894888,19.1209345]]]},"properties":{"sources":[{"property":"","dataset":"Microsoft ML Buildings","license":"ODbL-1.0","record_id":null,"update_time":"2018-09-01T00:00:00.000Z","confidence":null,"between":null,"provider":"microsoft","resource":"ml_buildings","version":"2025-02-25"}],"is_underground":false,"has_parts":false,"version":3}},
{"id":"12fe5a0f-d87c-4717-b5c1-275f8fd6e8da","type":"Feature","geometry":{"type":"Polygon","coordinates":[[[41.0892345,19.1213146],[41.089208,19.1212063],[41.0893647,19.121172],[41.0893885,19.1212691],[41.0894431,19.1212572],[41.0894661,19.121351],[41.0894177,19.1213616],[41.0894602,19.1215347],[41.0893063,19.1215684],[41.0892678,19.1214112],[41.0892041,19.1214251],[41.08918,19.1213265],[41.0892345,19.1213146]]]},"properties":{"sources":[{"property":"","dataset":"Microsoft ML Buildings","license":"ODbL-1.0","record_id":null,"update_time":"2018-09-01T00:00:00.000Z","confidence":null,"between":null,"provider":"microsoft","resource":"ml_buildings","version":"2025-02-25"}],"is_underground":false,"has_parts":false,"version":3}},
{"id":"7442fa75-b410-4bba-a8ab-a6a7923aa825","type":"Feature","geometry":{"type":"Polygon","coordinates":[[[41.08949,19.1229946],[41.0894545,19.122853],[41.0900525,19.1227195],[41.0900445,19.1226873],[41.0901867,19.1226556],[41.0902176,19.1227789],[41.0900499,19.1228164],[41.0900625,19.1228668],[41.08949,19.1229946]]]},"properties":{"sources":[{"property":"","dataset":"Microsoft ML Buildings","license":"ODbL-1.0","record_id":null,"update_time":"2018-09-01T00:00:00.000Z","confidence":null,"between":null,"provider":"microsoft","resource":"ml_buildings","version":"2025-02-25"}],"is_underground":false,"has_parts":false,"version":3}},
{"id":"ec412d8b-e25b-470d-91e7-bde76c070473","type":"Feature","geometry":{"type":"Polygon","coordinates":[[[41.0915447,19.1230201],[41.0915756,19.1232906],[41.0913051,19.1233182],[41.0912743,19.1230476],[41.0915447,19.1230201]]]},"properties":{"sources":[{"property":"","dataset":"Microsoft ML Buildings","license":"ODbL-1.0","record_id":null,"update_time":"2018-09-01T00:00:00.000Z","confidence":null,"between":null,"provider":"microsoft","resource":"ml_buildings","version":"2025-02-25"}],"is_underground":false,"has_parts":false,"version":3}},
{"id":"1e1d9ca4-1958-4d1f-a9e9-3cfa32aeeeaa","type":"Feature","geometry":{"type":"Polygon","coordinates":[[[41.0911572,19.1190459],[41.0911878,19.1192872],[41.0911455,19.119292],[41.0911439,19.1192795],[41.0906733,19.1193328],[41.0906568,19.1192028],[41.0906832,19.1191999],[41.0906707,19.1191009],[41.0911572,19.1190459]]]},"properties":{"sources":[{"property":"","dataset":"Microsoft ML Buildings","license":"ODbL-1.0","record_id":null,"update_time":"2018-09-01T00:00:00.000Z","confidence":null,"between":null,"provider":"microsoft","resource":"ml_buildings","version":"2025-02-25"}],"is_underground":false,"has_parts":false,"version":3}},
{"id":"a82a4b4a-a28c-4a03-87db-99551eba5f67","type":"Feature","geometry":{"type":"Polygon","coordinates":[[[41.0901901,19.1197502],[41.0902491,19.1197485],[41.090259,19.1200396],[41.0898383,19.1200524],[41.0898356,19.1199739],[41.089774,19.1199758],[41.0897681,19.1198011],[41.0898042,19.1198],[41.0898025,19.1197493],[41.0898695,19.1197473],[41.0898713,19.1198014],[41.0901915,19.1197917],[41.0901901,19.1197502]]]},"properties":{"sources":[{"property":"","dataset":"Microsoft ML Buildings","license":"ODbL-1.0","record_id":null,"update_time":"2018-09-01T00:00:00.000Z","confidence":null,"between":null,"provider":"microsoft","resource":"ml_buildings","version":"2025-02-25"}],"is_underground":false,"has_parts":false,"version":3}},
{"id":"8150c044-a236-402e-9e4b-276e5fa3650d","type":"Feature","geometry":{"type":"Polygon","coordinates":[[[41.090073,19.1192426],[41.0900936,19.1195556],[41.0900161,19.1195601],[41.0900201,19.1196207],[41.0897368,19.1196373],[41.0897123,19.1192637],[41.090073,19.1192426]]]},"properties":{"sources":[{"property":"","dataset":"Microsoft ML Buildings","license":"ODbL-1.0","record_id":null,"update_time":"2018-09-01T00:00:00.000Z","confidence":null,"between":null,"provider":"microsoft","resource":"ml_buildings","version":"2025-02-25"}],"is_underground":false,"has_parts":false,"version":3}},
{"id":"b562fdb3-2b95-40fa-aa38-4dc1008c4d6e","type":"Feature","geometry":{"type":"Polygon","coordinates":[[[41.0903485,19.1196415],[41.0903404,19.1195678],[41.0903935,19.1195626],[41.0904016,19.1196363],[41.0903485,19.1196415]]]},"properties":{"sources":[{"property":"","dataset":"Microsoft ML Buildings","license":"ODbL-1.0","record_id":null,"update_time":"2018-09-01T00:00:00.000Z","confidence":null,"between":null,"provider":"microsoft","resource":"ml_buildings","version":"2025-02-25"}],"is_underground":false,"has_parts":false,"version":3}},
{"id":"473bc168-a9d1-49a3-977e-42cedebe39dd","type":"Feature","geometry":{"type":"Polygon","coordinates":[[[41.0903451,19.1198061],[41.0903467,19.1197529],[41.0904003,19.1197543],[41.0903987,19.1198075],[41.0903451,19.1198061]]]},"properties":{"sources":[{"property":"","dataset":"Microsoft ML Buildings","license":"ODbL-1.0","record_id":null,"update_time":"2018-09-01T00:00:00.000Z","confidence":null,"between":null,"provider":"microsoft","resource":"ml_buildings","version":"2025-02-25"}],"is_underground":false,"has_parts":false,"version":3}},
{"id":"b290a6e8-3a39-48c1-b06a-567ecbd4ee5a","type":"Feature","geometry":{"type":"Polygon","coordinates":[[[41.0902303,19.1192308],[41.0902282,19.1191888],[41.0901827,19.1191908],[41.0901804,19.1191443],[41.0903262,19.1191378],[41.0903328,19.1192692],[41.0902833,19.1192715],[41.0902812,19.1192285],[41.0902303,19.1192308]]]},"properties":{"sources":[{"property":"","dataset":"Microsoft ML Buildings","license":"ODbL-1.0","record_id":null,"update_time":"2018-09-01T00:00:00.000Z","confidence":null,"between":null,"provider":"microsoft","resource":"ml_buildings","version":"2025-02-25"}],"is_underground":false,"has_parts":false,"version":3}},
{"id":"1d87e7a1-ceca-45a8-8f99-29e861d8fece","type":"Feature","geometry":{"type":"Polygon","coordinates":[[[41.0907633,19.1181361],[41.0907245,19.1179141],[41.0909555,19.117878],[41.0909943,19.1181],[41.0907633,19.1181361]]]},"properties":{"sources":[{"property":"","dataset":"Microsoft ML Buildings","license":"ODbL-1.0","record_id":null,"update_time":"2018-09-01T00:00:00.000Z","confidence":null,"between":null,"provider":"microsoft","resource":"ml_buildings","version":"2025-02-25"}],"is_underground":false,"has_parts":false,"version":3}},
{"id":"9cdf1088-b8df-4920-83c9-95f1bbbe55a6","type":"Feature","geometry":{"type":"Polygon","coordinates":[[[41.090734,19.1181885],[41.0907696,19.1183761],[41.0905462,19.118414],[41.0905105,19.1182265],[41.090734,19.1181885]]]},"properties":{"sources":[{"property":"","dataset":"Microsoft ML Buildings","license":"ODbL-1.0","record_id":null,"update_time":"2018-09-01T00:00:00.000Z","confidence":null,"between":null,"provider":"microsoft","resource":"ml_buildings","version":"2025-02-25"}],"is_underground":false,"has_parts":false,"version":3}},
{"id":"b515a9e2-b984-4f3a-ba49-b21c9d4615b6","type":"Feature","geometry":{"type":"Polygon","coordinates":[[[41.0908309,19.1185327],[41.0908659,19.1187725],[41.0906211,19.1188044],[41.0905861,19.1185646],[41.0908309,19.1185327]]]},"properties":{"sources":[{"property":"","dataset":"Microsoft ML Buildings","license":"ODbL-1.0","record_id":null,"update_time":"2018-09-01T00:00:00.000Z","confidence":null,"between":null,"provider":"microsoft","resource":"ml_buildings","version":"2025-02-25"}],"is_underground":false,"has_parts":false,"version":3}},
{"id":"c84719ac-ee6b-4955-87f6-e23988a41540","type":"Feature","geometry":{"type":"Polygon","coordinates":[[[41.0863813,19.1177502],[41.0863801,19.1177465],[41.0880479,19.1172401],[41.0880382,19.1172117],[41.0883067,19.1171302],[41.0882958,19.117098],[41.0883506,19.1170813],[41.0883584,19.1171043],[41.0884022,19.117091],[41.08849,19.1173491],[41.0883125,19.117403],[41.0882646,19.1172621],[41.0881781,19.1172883],[41.0881964,19.117342],[41.0865373,19.1178458],[41.0865299,19.1178242],[41.0864472,19.1178493],[41.086503,19.1180133],[41.0863097,19.118072],[41.0862171,19.1178],[41.0863813,19.1177502]]]},"properties":{"sources":[{"property":"","dataset":"Microsoft ML Buildings","license":"ODbL-1.0","record_id":null,"update_time":"2018-09-01T00:00:00.000Z","confidence":null,"between":null,"provider":"microsoft","resource":"ml_buildings","version":"2025-02-25"}],"is_underground":false,"has_parts":false,"version":3}}]}