{"type": "FeatureCollection", "features": [
{"id":"982dcfdb-e259-4ec9-946b-675edcd51131","type":"Feature","geometry":{"type":"Point","coordinates":[41.07373302,19.12501355]},"properties":{"categories":{"primary":"electronics","alternate":["superstore","computer_store"]},"confidence":0.9158309102058411,"websites":["https://www.extra.com/ar-sa"],"socials":["https://www.facebook.com/106954623462892"],"phones":["+9668001240900"],"brand":{"wikidata":null,"names":{"primary":"Extra","common":null,"rules":null}},"addresses":[{"freeform":"King Fahad Ibn Abdul Aziz Rd","locality":"القنفذة","postcode":"28821","region":null,"country":"SA"}],"names":{"primary":"اكسترا","common":null,"rules":null},"sources":[{"property":"","dataset":"meta","license":"CDLA-Permissive-2.0","record_id":"106954623462892","update_time":"2026-08-10T00:00:00.000Z","confidence":0.9158309102058411,"between":null,"provider":"meta","resource":"meta","version":"2026-08-10"},{"property":"/properties/confidence","dataset":"Overture","license":"CDLA-Permissive-2.0","record_id":null,"update_time":"2026-08-14T19:46:07Z","confidence":null,"between":null,"provider":"overture","resource":"confidence_calculation","version":"2026-08-14"}],"basic_category":"electronics_store","taxonomy":{"primary":"electronics_store","hierarchy":["shopping","specialty_store","electronics_store"],"alternates":null},"version":9}},
{"id":"fb204bc2-bc90-4bc1-9394-ff812ef34cac","type":"Feature","geometry":{"type":"Point","coordinates":[41.071712,19.129623]},"properties":{"categories":{"primary":"beach","alternate":null},"confidence":0.8263878226280212,"socials":["https://www.facebook.com/1922267448068953"],"brand":{"wikidata":null,"names":{"primary":null,"common":null,"rules":null}},"addresses":[{"freeform":"","locality":"القنفذة","postcode":"","region":null,"country":"SA"}],"names":{"primary":"الكورنيش الغربي","common":null,"rules":null},"sources":[{"property":"","dataset":"meta","license":"CDLA-Permissive-2.0","record_id":"1922267448068953","update_time":"2026-08-10T00:00:00.000Z","confidence":0.8263878226280212,"between":null,"provider":"meta","resource":"meta","version":"2026-08-10"},{"property":"/properties/confidence","dataset":"Overture","license":"CDLA-Permissive-2.0","record_id":null,"update_time":"2026-08-14T19:46:07Z","confidence":null,"between":null,"provider":"overture","resource":"confidence_calculation","version":"2026-08-14"}],"basic_category":"beach","taxonomy":{"primary":"beach","hierarchy":["geographic_entities","land_feature","beach"],"alternates":null},"version":1}},
{"id":"eb1a6e51-3196-466a-9216-428298b64451","type":"Feature","geometry":{"type":"Point","coordinates":[41.073398,19.129332]},"properties":{"categories":{"primary":"park","alternate":["attractions_and_activities"]},"confidence":0.5231694579124451,"socials":["https://www.facebook.com/2143030599271176"],"brand":{"wikidata":null,"names":{"primary":null,"common":null,"rules":null}},"addresses":[{"freeform":"","locality":"القنفذة","postcode":"","region":null,"country":"SA"}],"names":{"primary":"الحديقه العامة","common":null,"rules":null},"sources":[{"property":"","dataset":"meta","license":"CDLA-Permissive-2.0","record_id":"2143030599271176","update_time":"2026-08-10T00:00:00.000Z","confidence":0.5231694579124451,"between":null,"provider":"meta","resource":"meta","version":"2026-08-10"},{"property":"/properties/confidence","dataset":"Overture","license":"CDLA-Permissive-2.0","record_id":null,"update_time":"2026-08-14T19:46:07Z","confidence":null,"between":null,"provider":"overture","resource":"confidence_calculation","version":"2026-08-14"}],"basic_category":"park","taxonomy":{"primary":"park","hierarchy":["sports_and_recreation","park"],"alternates":null},"version":8}},
{"id":"2f69efd5-c064-4eba-8dab-24d3b5f817bf","type":"Feature","geometry":{"type":"Point","coordinates":[41.07315955,19.13145235]},"properties":{"categories":{"primary":"italian_restaurant","alternate":null},"confidence":0.4150090515613556,"socials":["https://www.facebook.com/105965488622409"],"phones":["+966550529952"],"brand":{"wikidata":null,"names":{"primary":null,"common":null,"rules":null}},"addresses":[{"freeform":"Al Refai Down Town, King Abdulaziz","locality":"القنفذة","postcode":"28822","region":null,"country":"SA"}],"names":{"primary":"QPASTA","common":null,"rules":null},"sources":[{"property":"","dataset":"meta","license":"CDLA-Permissive-2.0","record_id":"105965488622409","update_time":"2026-08-10T00:00:00.000Z","confidence":0.4150090515613556,"between":null,"provider":"meta","resource":"meta","version":"2026-08-10"},{"property":"/properties/confidence","dataset":"Overture","license":"CDLA-Permissive-2.0","record_id":null,"update_time":"2026-08-14T19:46:07Z","confidence":null,"between":null,"provider":"overture","resource":"confidence_calculation","version":"2026-08-14"}],"basic_category":"restaurant","taxonomy":{"primary":"italian_restaurant","hierarchy":["food_and_drink","restaurant","european_restaurant","mediterranean_restaurant","italian_restaurant"],"alternates":null},"version":4}},
{"id":"61c06f0c-2a73-41f4-9f93-2766663cb280","type":"Feature","geometry":{"type":"Point","coordinates":[41.07423779,19.13207154]},"properties":{"categories":{"primary":"hotel","alternate":["accommodation","motel"]},"confidence":0.9723584055900574,"websites":["http://alazhar-palace.com/"],"socials":["https://www.facebook.com/1614202821926569"],"phones":["+966555078266"],"brand":{"wikidata":null,"names":{"primary":null,"common":null,"rules":null}},"addresses":[{"freeform":"King Fahd Ibn Abdul Aziz R","locality":"القنفذة","postcode":"28814","region":null,"country":"SA"}],"names":{"primary":"Alazhar Palace Hotel","common":null,"rules":null},"sources":[{"property":"","dataset":"meta","license":"CDLA-Permissive-2.0","record_id":"1614202821926569","update_time":"2026-08-10T00:00:00.000Z","confidence":0.9723584055900574,"between":null,"provider":"meta","resource":"meta","version":"2026-08-10"},{"property":"/properties/confidence","dataset":"Overture","license":"CDLA-Permissive-2.0","record_id":null,"update_time":"2026-08-14T19:46:07Z","confidence":null,"between":null,"provider":"overture","resource":"confidence_calculation","version":"2026-08-14"}],"basic_category":"hotel","taxonomy":{"primary":"hotel","hierarchy":["lodging","hotel"],"alternates":null},"version":8}},
{"id":"624fe780-187e-4e37-acc2-cab05466605e","type":"Feature","geometry":{"type":"Point","coordinates":[41.072561,19.133095]},"properties":{"categories":{"primary":"pizza_delivery_service","alternate":["fast_food_restaurant"]},"confidence":0.8,"brand":{"wikidata":"Q839466","names":{"primary":"Domino's","common":null,"rules":[]}},"addresses":[{"freeform":"Al Qunfudha","locality":"Qunfudha","postcode":"62966","region":"SA","country":"SA"}],"names":{"primary":"Domino's","common":null,"rules":[]},"sources":[{"property":"","dataset":"AllThePlaces","license":"CC0-1.0","record_id":"fUJHW_QVVyuibRzC_RrW0XbXizM=","update_time":"2026-08-05T15:33:36.000Z","confidence":0.8,"between":null,"provider":"alltheplaces","resource":"alltheplaces","version":"2026-08-05"},{"property":"/properties/confidence","dataset":"Overture","license":"CDLA-Permissive-2.0","record_id":null,"update_time":"2026-08-14T19:46:07Z","confidence":null,"between":null,"provider":"overture","resource":"confidence_calculation","version":"2026-08-14"}],"basic_category":"food_service","taxonomy":{"primary":"pizza_delivery_service","hierarchy":["lifestyle_services","food_service","food_delivery_service","pizza_delivery_service"],"alternates":["fast_food_restaurant"]},"version":8}},
{"id":"2628bed7-fd78-4f25-a45f-bcb818534966","type":"Feature","geometry":{"type":"Point","coordinates":[41.07232383,19.13338175]},"properties":{"categories":{"primary":"chicken_restaurant","alternate":["restaurant","fast_food_restaurant"]},"confidence":0.9752299189567566,"websites":["https://saudi.kfc.me/"],"socials":["https://www.facebook.com/1827448600909270"],"phones":["+966920021111"],"brand":{"wikidata":null,"names":{"primary":"KFC","common":null,"rules":null}},"addresses":[{"freeform":"King Abdulaziz","locality":"القنفذة","postcode":"28822","region":null,"country":"SA"}],"names":{"primary":"KFC","common":null,"rules":null},"sources":[{"property":"","dataset":"meta","license":"CDLA-Permissive-2.0","record_id":"1827448600909270","update_time":"2026-08-10T00:00:00.000Z","confidence":0.9752299189567566,"between":null,"provider":"meta","resource":"meta","version":"2026-08-10"},{"property":"/properties/confidence","dataset":"Overture","license":"CDLA-Permissive-2.0","record_id":null,"update_time":"2026-08-14T19:46:07Z","confidence":null,"between":null,"provider":"overture","resource":"confidence_calculation","version":"2026-08-14"}],"basic_category":"restaurant","taxonomy":{"primary":"chicken_restaurant","hierarchy":["food_and_drink","restaurant","meat_restaurant","chicken_restaurant"],"alternates":null},"version":3}},
{"id":"aea3d576-d172-46ce-b3ea-c74d6b481ffd","type":"Feature","geometry":{"type":"Point","coordinates":[41.07170789,19.13280512]},"properties":{"categories":{"primary":"fast_food_restaurant","alternate":null},"confidence":0.8,"brand":{"wikidata":"Q847743","names":{"primary":"دانكن","common":null,"rules":[{"variant":"language","language":"en","perspectives":null,"value":"Dunkin'","between":null,"side":null},{"variant":"language","language":"ar","perspectives":null,"value":"دانكن","between":null,"side":null}]}},"addresses":[{"freeform":"43MC+4MG, Al Qunfudhah 28822","locality":null,"postcode":null,"region":null,"country":"SA"}],"names":{"primary":"دانكن دونتس","common":null,"rules":[{"variant":"language","language":"en","perspectives":null,"value":"Dunkin' Donuts","between":null,"side":null},{"variant":"language","language":"ar","perspectives":null,"value":"دانكن دونتس","between":null,"side":null}]},"sources":[{"property":"","dataset":"AllThePlaces","license":"CC0-1.0","record_id":"mlbcls175UEjsgLUeHFMsBFkyUQ=","update_time":"2026-08-05T15:33:36.000Z","confidence":0.8,"between":null,"provider":"alltheplaces","resource":"alltheplaces","version":"2026-08-05"},{"property":"/properties/confidence","dataset":"Overture","license":"CDLA-Permissive-2.0","record_id":null,"update_time":"2026-08-14T19:46:07Z","confidence":null,"between":null,"provider":"overture","resource":"confidence_calculation","version":"2026-08-14"}],"basic_category":"fast_food_restaurant","taxonomy":{"primary":"fast_food_restaurant","hierarchy":["food_and_drink","casual_eatery","fast_food_restaurant"],"alternates":null},"version":2}},
{"id":"9a52a236-7342-4b08-a6f4-7dcdd711211a","type":"Feature","geometry":{"type":"Point","coordinates":[41.072394368972766,19.1328992937805]},"properties":{"categories":{"primary":"fast_food_restaurant","alternate":["middle_eastern_restaurant","restaurant"]},"confidence":0.85,"websites":["https://smart.link/1644xxhz1lqkf%20"],"phones":["920008080"],"addresses":[{"freeform":"King Abdulaziz RD","locality":"القنفذة","postcode":"28822","region":"مكة","country":"SA"}],"names":{"primary":"Shawarmer | شاورمر","common":null,"rules":null},"sources":[{"property":"","dataset":"Microsoft","license":"CDLA-Permissive-2.0","record_id":"844424933979805","update_time":"2025-06-04T13:41:19.460Z","confidence":0.85,"between":null,"provider":"microsoft","resource":"microsoft","version":"2025-10-20"},{"property":"/properties/confidence","dataset":"Overture","license":"CDLA-Permissive-2.0","record_id":null,"update_time":"2026-08-14T19:46:07Z","confidence":null,"between":null,"provider":"overture","resource":"confidence_calculation","version":"2026-08-14"}],"basic_category":"fast_food_restaurant","taxonomy":{"primary":"fast_food_restaurant","hierarchy":["food_and_drink","casual_eatery","fast_food_restaurant"],"alternates":null},"version":6}},
{"id":"e2690d67-187e-435a-893c-c07a954f5acb","type":"Feature","geometry":{"type":"Point","coordinates":[41.071592,19.132267]},"properties":{"categories":{"primary":"cafe","alternate":null},"confidence":0.77,"websites":["https://www.snapchat.com/add/tr_cafe"],"phones":["056 501 3168"],"addresses":[{"freeform":"القنفذة","locality":"القنفذة","postcode":"28822","region":"منطقة مكة","country":"SA"}],"names":{"primary":"ترويقه كافيه","common":null,"rules":null},"sources":[{"property":"","dataset":"Foursquare","license":"Apache-2.0","record_id":"5f1f9bd4b8441e5e1c9d343b","update_time":"2025-07-08T00:00:00.000","confidence":0.77,"between":null,"provider":"foursquare","resource":"foursquare","version":"2026-04-14"},{"property":"/properties/confidence","dataset":"Overture","license":"CDLA-Permissive-2.0","record_id":null,"update_time":"2026-08-14T19:46:07Z","confidence":null,"between":null,"provider":"overture","resource":"confidence_calculation","version":"2026-08-14"}],"basic_category":"cafe","taxonomy":{"primary":"cafe","hierarchy":["food_and_drink","casual_eatery","cafe"],"alternates":null},"version":4}},
{"id":"b14b5516-0554-4789-aecb-b5582bc7d615","type":"Feature","geometry":{"type":"Point","coordinates":[41.07157064,19.1319211]},"properties":{"categories":{"primary":"coffee_shop","alternate":["restaurant"]},"confidence":0.85,"websites":["https://barns.com.sa/en"],"phones":["920006843"],"addresses":[{"freeform":"King Abdulaziz Road","locality":"القنفذة","postcode":"","region":"مكة","country":"SA"}],"names":{"primary":"Barn's | بارنز","common":null,"rules":null},"sources":[{"property":"","dataset":"Microsoft","license":"CDLA-Permissive-2.0","record_id":"1407374890285140","update_time":"2024-06-08T06:28:27.717Z","confidence":0.85,"between":null,"provider":"microsoft","resource":"microsoft","version":"2025-10-20"},{"property":"/properties/confidence","dataset":"Overture","license":"CDLA-Permissive-2.0","record_id":null,"update_time":"2026-08-14T19:46:07Z","confidence":null,"between":null,"provider":"overture","resource":"confidence_calculation","version":"2026-08-14"}],"basic_category":"coffee_shop","taxonomy":{"primary":"coffee_shop","hierarchy":["food_and_drink","non_alcoholic_beverage_venue","coffee_shop"],"alternates":null},"version":7}},
{"id":"dcd62824-8fa0-4e2c-83ca-f1c5d35d69ec","type":"Feature","geometry":{"type":"Point","coordinates":[41.071827,19.134922]},"properties":{"categories":{"primary":"banks","alternate":null},"confidence":0.8,"brand":{"wikidata":"Q3433985","names":{"primary":"بنك الرياض","common":null,"rules":[{"variant":"language","language":"en","perspectives":null,"value":"Riyad Bank","between":null,"side":null},{"variant":"language","language":"ar","perspectives":null,"value":"بنك الرياض","between":null,"side":null}]}},"addresses":[{"freeform":"طريق الكورنيش, القنفذة","locality":"القنفذة","postcode":null,"region":null,"country":"SA"}],"names":{"primary":"بنك الرياض","common":null,"rules":[{"variant":"language","language":"en","perspectives":null,"value":"Riyad Bank","between":null,"side":null},{"variant":"language","language":"ar","perspectives":null,"value":"بنك الرياض","between":null,"side":null}]},"sources":[{"property":"","dataset":"AllThePlaces","license":"CC0-1.0","record_id":"u4y-2FlHU4-NOoBOvrujEHk-_yE=","update_time":"2026-08-05T15:33:36.000Z","confidence":0.8,"between":null,"provider":"alltheplaces","resource":"alltheplaces","version":"2026-08-05"},{"property":"/properties/confidence","dataset":"Overture","license":"CDLA-Permissive-2.0","record_id":null,"update_time":"2026-08-14T19:46:07Z","confidence":null,"between":null,"provider":"overture","resource":"confidence_calculation","version":"2026-08-14"}],"basic_category":"bank_or_credit_union","taxonomy":{"primary":"bank","hierarchy":["services_and_business","financial_service","bank_or_credit_union","bank"],"alternates":null},"version":1}},
{"id":"aca275f0-4852-46df-8d55-30065beb6223","type":"Feature","geometry":{"type":"Point","coordinates":[41.07226649,19.13418217]},"properties":{"categories":{"primary":"clothing_store","alternate":["department_store","womens_clothing_store"]},"confidence":0.8032543659210205,"websites":["https://redtag-stores.com/en/"],"socials":["https://www.facebook.com/108882067183387"],"phones":["+9668001111318"],"brand":{"wikidata":null,"names":{"primary":"Redtag","common":null,"rules":null}},"addresses":[{"freeform":"King Abdulaziz","locality":"القنفذة","postcode":"28822","region":null,"country":"SA"}],"names":{"primary":"Redtag","common":null,"rules":null},"sources":[{"property":"","dataset":"meta","license":"CDLA-Permissive-2.0","record_id":"108882067183387","update_time":"2026-08-10T00:00:00.000Z","confidence":0.8032543659210205,"between":null,"provider":"meta","resource":"meta","version":"2026-08-10"},{"property":"/properties/confidence","dataset":"Overture","license":"CDLA-Permissive-2.0","record_id":null,"update_time":"2026-08-14T19:46:07Z","confidence":null,"between":null,"provider":"overture","resource":"confidence_calculation","version":"2026-08-14"}],"basic_category":"fashion_and_apparel_store","taxonomy":{"primary":"clothing_store","hierarchy":["shopping","fashion_and_apparel_store","clothing_store"],"alternates":null},"version":5}},
{"id":"4fa18609-f440-4cab-a578-5679e13fff0e","type":"Feature","geometry":{"type":"Point","coordinates":[41.072709,19.133817]},"properties":{"categories":{"primary":"cafe","alternate":["coffee_shop","fast_food_restaurant"]},"confidence":0.5905255675315857,"socials":["https://www.facebook.com/955631344465605"],"phones":["+966531176296"],"brand":{"wikidata":null,"names":{"primary":null,"common":null,"rules":null}},"addresses":[{"freeform":"Bandar Mall","locality":"القنفذة","postcode":null,"region":null,"country":"SA"}],"names":{"primary":"Dips World","common":null,"rules":null},"sources":[{"property":"","dataset":"meta","license":"CDLA-Permissive-2.0","record_id":"955631344465605","update_time":"2026-08-10T00:00:00.000Z","confidence":0.5905255675315857,"between":null,"provider":"meta","resource":"meta","version":"2026-08-10"},{"property":"/properties/confidence","dataset":"Overture","license":"CDLA-Permissive-2.0","record_id":null,"update_time":"2026-08-14T19:46:07Z","confidence":null,"between":null,"provider":"overture","resource":"confidence_calculation","version":"2026-08-14"}],"basic_category":"cafe","taxonomy":{"primary":"cafe","hierarchy":["food_and_drink","casual_eatery","cafe"],"alternates":null},"version":4}},
{"id":"7b17c54e-b38e-4179-a529-40eea61b8252","type":"Feature","geometry":{"type":"Point","coordinates":[41.07295,19.13433]},"properties":{"categories":{"primary":"perfume_store","alternate":["retail"]},"confidence":0.85,"websites":["https://www.deraahstore.com/"],"phones":["8001186666"],"addresses":[{"freeform":"الخيالة بلازا طريق الملك عبد العزيز","locality":"القنفذة","postcode":"0000","region":"مكة","country":"SA"}],"names":{"primary":"درعه DERAAH","common":null,"rules":null},"sources":[{"property":"","dataset":"Microsoft","license":"CDLA-Permissive-2.0","record_id":"844424934935626","update_time":"2025-05-04T08:19:39.663Z","confidence":0.85,"between":null,"provider":"microsoft","resource":"microsoft","version":"2025-10-20"},{"property":"/properties/confidence","dataset":"Overture","license":"CDLA-Permissive-2.0","record_id":null,"update_time":"2026-08-14T19:46:07Z","confidence":null,"between":null,"provider":"overture","resource":"confidence_calculation","version":"2026-08-14"}],"basic_category":"personal_care_and_beauty_store","taxonomy":{"primary":"cosmetics_and_fragrance_store","hierarchy":["shopping","specialty_store","personal_care_and_beauty_store","beauty_supply_store","cosmetics_and_fragrance_store"],"alternates":null},"version":7}},
{"id":"c4063044-a5b3-436f-8c55-f30b07b9c036","type":"Feature","geometry":{"type":"Point","coordinates":[41.073207,19.133844]},"properties":{"categories":{"primary":"perfume_store","alternate":["retail"]},"confidence":0.85,"websites":["https://www.dkhoonemirates.com/"],"phones":["920002360"],"addresses":[{"freeform":"القنفذة بوليفارد القنفذة الشاطئ","locality":"القنفذة","postcode":"00000","region":"مكة","country":"SA"}],"names":{"primary":"دخون الاماراتية","common":null,"rules":null},"sources":[{"property":"","dataset":"Microsoft","license":"CDLA-Permissive-2.0","record_id":"844424934924237","update_time":"2024-10-15T15:57:10.303Z","confidence":0.85,"between":null,"provider":"microsoft","resource":"microsoft","version":"2025-10-20"},{"property":"/properties/confidence","dataset":"Overture","license":"CDLA-Permissive-2.0","record_id":null,"update_time":"2026-08-14T19:46:07Z","confidence":null,"between":null,"provider":"overture","resource":"confidence_calculation","version":"2026-08-14"}],"basic_category":"personal_care_and_beauty_store","taxonomy":{"primary":"cosmetics_and_fragrance_store","hierarchy":["shopping","specialty_store","personal_care_and_beauty_store","beauty_supply_store","cosmetics_and_fragrance_store"],"alternates":null},"version":7}},
{"id":"11b869c4-1bd3-4168-a351-04b5c91f4f6c","type":"Feature","geometry":{"type":"Point","coordinates":[41.07313,19.133701]},"properties":{"categories":{"primary":"grocery_store","alternate":["farmers_market"]},"confidence":0.8798720836639404,"socials":["https://www.facebook.com/528002971008148"],"brand":{"wikidata":null,"names":{"primary":null,"common":null,"rules":null}},"addresses":[{"freeform":"King Abdulaziz St","locality":"القنفذة","postcode":"28821","region":null,"country":"SA"}],"names":{"primary":"النهضة هايبرماركت","common":null,"rules":null},"sources":[{"property":"","dataset":"meta","license":"CDLA-Permissive-2.0","record_id":"528002971008148","update_time":"2026-08-10T00:00:00.000Z","confidence":0.8798720836639404,"between":null,"provider":"meta","resource":"meta","version":"2026-08-10"},{"property":"/properties/confidence","dataset":"Overture","license":"CDLA-Permissive-2.0","record_id":null,"update_time":"2026-08-14T19:46:07Z","confidence":null,"between":null,"provider":"overture","resource":"confidence_calculation","version":"2026-08-14"}],"basic_category":"food_and_beverage_store","taxonomy":{"primary":"grocery_store","hierarchy":["shopping","food_and_beverage_store","grocery_store"],"alternates":null},"version":11}},
{"id":"bb518a03-8e11-42ae-8bbd-1473fbcdf8a4","type":"Feature","geometry":{"type":"Point","coordinates":[41.07407301337,19.133856667401]},"properties":{"categories":{"primary":"furniture_store","alternate":null},"confidence":0.573670506477356,"websites":["https://bitythoke.com/"],"emails":["bityzoke@hotmail.com"],"socials":["https://www.facebook.com/410436799317495"],"phones":["+966549818884"],"brand":{"wikidata":null,"names":{"primary":null,"common":null,"rules":null}},"addresses":[{"freeform":"شارع الملك عبد العزيز","locality":"القنفذة","postcode":"https   goo.gl maps","region":null,"country":"SA"}],"names":{"primary":"بيتي ذوق","common":null,"rules":null},"sources":[{"property":"","dataset":"meta","license":"CDLA-Permissive-2.0","record_id":"410436799317495","update_time":"2026-08-10T00:00:00.000Z","confidence":0.573670506477356,"between":null,"provider":"meta","resource":"meta","version":"2026-08-10"},{"property":"/properties/confidence","dataset":"Overture","license":"CDLA-Permissive-2.0","record_id":null,"update_time":"2026-08-14T19:46:07Z","confidence":null,"between":null,"provider":"overture","resource":"confidence_calculation","version":"2026-08-14"}],"basic_category":"hardware_home_and_garden_store","taxonomy":{"primary":"furniture_store","hierarchy":["shopping","specialty_store","hardware_home_and_garden_store","furniture_store"],"alternates":null},"version":8}},
{"id":"8eff0246-b2b4-40fa-9dac-7bd1a46ef56f","type":"Feature","geometry":{"type":"Point","coordinates":[41.073632,19.135202]},"properties":{"categories":{"primary":"perfume_store","alternate":["retail"]},"confidence":0.85,"websites":["https://saudi.ibrahimalqurashi.com/en"],"phones":["8001000282"],"addresses":[{"freeform":"King Abdulaziz Road","locality":"القنفذة","postcode":"00000","region":"مكة","country":"SA"}],"names":{"primary":"ابراهيم القرشي للعطور | Ibrahim AlQurashi","common":null,"rules":null},"sources":[{"property":"","dataset":"Microsoft","license":"CDLA-Permissive-2.0","record_id":"844424934739013","update_time":"2024-12-09T16:57:11.877Z","confidence":0.85,"between":null,"provider":"microsoft","resource":"microsoft","version":"2025-10-20"},{"property":"/properties/confidence","dataset":"Overture","license":"CDLA-Permissive-2.0","record_id":null,"update_time":"2026-08-14T19:46:07Z","confidence":null,"between":null,"provider":"overture","resource":"confidence_calculation","version":"2026-08-14"}],"basic_category":"personal_care_and_beauty_store","taxonomy":{"primary":"cosmetics_and_fragrance_store","hierarchy":["shopping","specialty_store","personal_care_and_beauty_store","beauty_supply_store","cosmetics_and_fragrance_store"],"alternates":null},"version":7}},
{"id":"e3656c85-676a-4ad4-a0c1-ba49e5e879ec","type":"Feature","geometry":{"type":"Point","coordinates":[41.070524461158,19.138817699273]},"properties":{"categories":{"primary":"beach","alternate":null},"confidence":0.6081636548042297,"socials":["https://www.facebook.com/2059616457682097"],"brand":{"wikidata":null,"names":{"primary":null,"common":null,"rules":null}},"addresses":[{"freeform":"","locality":"القنفذة","postcode":"","region":null,"country":"SA"}],"names":{"primary":"الشاطئ","common":null,"rules":null},"sources":[{"property":"","dataset":"meta","license":"CDLA-Permissive-2.0","record_id":"2059616457682097","update_time":"2026-08-10T00:00:00.000Z","confidence":0.6081636548042297,"between":null,"provider":"meta","resource":"meta","version":"2026-08-10"},{"property":"/properties/confidence","dataset":"Overture","license":"CDLA-Permissive-2.0","record_id":null,"update_time":"2026-08-14T19:46:07Z","confidence":null,"between":null,"provider":"overture","resource":"confidence_calculation","version":"2026-08-14"}],"basic_category":"beach","taxonomy":{"primary":"beach","hierarchy":["geographic_entities","land_feature","beach"],"alternates":null},"version":6}},
{"id":"fae9d6c7-0f4b-410e-b54a-69e607286049","type":"Feature","geometry":{"type":"Point","coordinates":[41.08044238,19.14374543]},"properties":{"categories":{"primary":"mosque","alternate":null},"confidence":0.6233454942703247,"socials":["https://www.facebook.com/796390627408577"],"brand":{"wikidata":null,"names":{"primary":null,"common":null,"rules":null}},"addresses":[{"freeform":null,"locality":"القنفذة","postcode":null,"region":null,"country":"SA"}],"names":{"primary":"مسجد الصديق","common":null,"rules":null},"sources":[{"property":"","dataset":"meta","license":"CDLA-Permissive-2.0","record_id":"796390627408577","update_time":"2026-08-10T00:00:00.000Z","confidence":0.6233454942703247,"between":null,"provider":"meta","resource":"meta","version":"2026-08-10"},{"property":"/properties/confidence","dataset":"Overture","license":"CDLA-Permissive-2.0","record_id":null,"update_time":"2026-08-14T19:46:07Z","confidence":null,"between":null,"provider":"overture","resource":"confidence_calculation","version":"2026-08-14"}],"basic_category":"muslim_place_of_worship","taxonomy":{"primary":"muslim_place_of_worship","hierarchy":["cultural_and_historic","place_of_worship","muslim_place_of_worship"],"alternates":null},"version":9}},
{"id":"0c21adf7-52aa-4a66-aeb0-a53fd80939f3","type":"Feature","geometry":{"type":"Point","coordinates":[41.07713803,19.13861234]},"properties":{"categories":{"primary":"community_services_non_profits","alternate":["senior_citizen_services"]},"confidence":0.5846506953239441,"websites":["https://www.bir-alqunfudhah.org.sa/"],"socials":["https://www.facebook.com/552940608114305"],"phones":["+966501500150"],"brand":{"wikidata":null,"names":{"primary":null,"common":null,"rules":null}},"addresses":[{"freeform":"6653 اسامة بن زيد، JQDA4326، 4326","locality":"القنفذة","postcode":"28821","region":null,"country":"SA"}],"names":{"primary":"جمعية البر الخيرية بمحافظة القنفذة","common":null,"rules":null},"sources":[{"property":"","dataset":"meta","license":"CDLA-Permissive-2.0","record_id":"552940608114305","update_time":"2026-08-10T00:00:00.000Z","confidence":0.5846506953239441,"between":null,"provider":"meta","resource":"meta","version":"2026-08-10"},{"property":"/properties/confidence","dataset":"Overture","license":"CDLA-Permissive-2.0","record_id":null,"update_time":"2026-08-14T19:46:07Z","confidence":null,"between":null,"provider":"overture","resource":"confidence_calculation","version":"2026-08-14"}],"basic_category":"social_or_community_service","taxonomy":{"primary":"social_or_community_service","hierarchy":["community_and_government","social_or_community_service"],"alternates":null},"version":8}},
{"id":"b1e667e5-8243-47b7-8955-bbdb3f99f96a","type":"Feature","geometry":{"type":"Point","coordinates":[41.079747676849,19.13890438085]},"properties":{"categories":{"primary":"school","alternate":["computer_coaching"]},"confidence":0.6112315654754639,"websites":["http://www.estnhad.com/"],"emails":["info@estnhad.com"],"socials":["https://www.facebook.com/540297936428289"],"phones":["+966559119333"],"brand":{"wikidata":null,"names":{"primary":null,"common":null,"rules":null}},"addresses":[{"freeform":"مركز استنهاض الهمم","locality":"القنفذة","postcode":"21972","region":null,"country":"SA"}],"names":{"primary":"مركز استنهاض الهمم للتدريب","common":null,"rules":null},"sources":[{"property":"","dataset":"meta","license":"CDLA-Permissive-2.0","record_id":"540297936428289","update_time":"2026-08-10T00:00:00.000Z","confidence":0.6112315654754639,"between":null,"provider":"meta","resource":"meta","version":"2026-08-10"},{"property":"/properties/confidence","dataset":"Overture","license":"CDLA-Permissive-2.0","record_id":null,"update_time":"2026-08-14T19:46:07Z","confidence":null,"between":null,"provider":"overture","resource":"confidence_calculation","version":"2026-08-14"}],"basic_category":"place_of_learning","taxonomy":{"primary":"school","hierarchy":["education","place_of_learning","school"],"alternates":null},"version":1}},
{"id":"e0ca7e05-37f8-44a8-8bae-faf4928fd205","type":"Feature","geometry":{"type":"Point","coordinates":[41.081136,19.142069]},"properties":{"categories":{"primary":"bar","alternate":["cafe","beer_garden"]},"confidence":0.6418829560279846,"socials":["https://www.facebook.com/244671826225297"],"brand":{"wikidata":null,"names":{"primary":null,"common":null,"rules":null}},"addresses":[{"freeform":"شاطى القنفذه ، قبل الصدفه","locality":"القنفذة","postcode":"","region":null,"country":"SA"}],"names":{"primary":"ميامي كافيه","common":null,"rules":null},"sources":[{"property":"","dataset":"meta","license":"CDLA-Permissive-2.0","record_id":"244671826225297","update_time":"2026-08-10T00:00:00.000Z","confidence":0.6418829560279846,"between":null,"provider":"meta","resource":"meta","version":"2026-08-10"},{"property":"/properties/confidence","dataset":"Overture","license":"CDLA-Permissive-2.0","record_id":null,"update_time":"2026-08-14T19:46:07Z","confidence":null,"between":null,"provider":"overture","resource":"confidence_calculation","version":"2026-08-14"}],"basic_category":"bar","taxonomy":{"primary":"bar","hierarchy":["food_and_drink","alcoholic_beverage_venue","bar"],"alternates":null},"version":10}},
{"id":"e8577026-a256-459e-af2e-9a4b27a8ebd9","type":"Feature","geometry":{"type":"Point","coordinates":[41.0819199,19.1418]},"properties":{"categories":{"primary":"hospital","alternate":["health_and_medical","counseling_and_mental_health"]},"confidence":0.8894800543785095,"emails":["sahelltohama@gmail.com"],"socials":["https://www.facebook.com/340555543079379"],"phones":["+966177320225"],"brand":{"wikidata":null,"names":{"primary":null,"common":null,"rules":null}},"addresses":[{"freeform":"شارع الملك فيصل","locality":"القنفذة","postcode":"28821","region":null,"country":"SA"}],"names":{"primary":"مجمع ساحل تهامة الطبي العام","common":null,"rules":null},"sources":[{"property":"","dataset":"meta","license":"CDLA-Permissive-2.0","record_id":"340555543079379","update_time":"2026-08-10T00:00:00.000Z","confidence":0.8894800543785095,"between":null,"provider":"meta","resource":"meta","version":"2026-08-10"},{"property":"/properties/confidence","dataset":"Overture","license":"CDLA-Permissive-2.0","record_id":null,"update_time":"2026-08-14T19:46:07Z","confidence":null,"between":null,"provider":"overture","resource":"confidence_calculation","version":"2026-08-14"}],"basic_category":"hospital","taxonomy":{"primary":"hospital","hierarchy":["health_care","hospital"],"alternates":null},"version":8}},
{"id":"1d535c5a-f0d8-4171-94ea-bbedbd1827ec","type":"Feature","geometry":{"type":"Point","coordinates":[41.0808566,19.140206]},"properties":{"categories":{"primary":"hospital","alternate":["b2b_jewelers"]},"confidence":0.7007133364677429,"socials":["https://www.facebook.com/147611249161917"],"brand":{"wikidata":null,"names":{"primary":null,"common":null,"rules":null}},"addresses":[{"freeform":null,"locality":"القنفذة","postcode":null,"region":null,"country":"SA"}],"names":{"primary":"South Qunfudah General Hospital","common":null,"rules":null},"sources":[{"property":"","dataset":"meta","license":"CDLA-Permissive-2.0","record_id":"147611249161917","update_time":"2026-08-10T00:00:00.000Z","confidence":0.7007133364677429,"between":null,"provider":"meta","resource":"meta","version":"2026-08-10"},{"property":"/properties/confidence","dataset":"Overture","license":"CDLA-Permissive-2.0","record_id":null,"update_time":"2026-08-14T19:46:07Z","confidence":null,"between":null,"provider":"overture","resource":"confidence_calculation","version":"2026-08-14"}],"basic_category":"hospital","taxonomy":{"primary":"hospital","hierarchy":["health_care","hospital"],"alternates":null},"version":1}},
{"id":"32d24ea2-e087-4716-ae39-e217a663f510","type":"Feature","geometry":{"type":"Point","coordinates":[41.081581,19.138836]},"properties":{"categories":{"primary":"paint_store","alternate":["retail"]},"confidence":0.85,"websites":["https://jazeerapaints.com/"],"phones":["8001231233"],"addresses":[{"freeform":"طريق الملك فيصل بن عبدالعزيز, الخالدية, القنفذة","locality":"القنفذة","postcode":"28821","region":"مكة","country":"SA"}],"names":{"primary":"دهانات الجزيرة - Jazeera Paints معرض القنفذة القديم","common":null,"rules":null},"sources":[{"property":"","dataset":"Microsoft","license":"CDLA-Permissive-2.0","record_id":"844424935002862","update_time":"2024-12-30T11:21:30.007Z","confidence":0.85,"between":null,"provider":"microsoft","resource":"microsoft","version":"2025-10-20"},{"property":"/properties/confidence","dataset":"Overture","license":"CDLA-Permissive-2.0","record_id":null,"update_time":"2026-08-14T19:46:07Z","confidence":null,"between":null,"provider":"overture","resource":"confidence_calculation","version":"2026-08-14"}],"basic_category":"hardware_home_and_garden_store","taxonomy":{"primary":"paint_store","hierarchy":["shopping","specialty_store","hardware_home_and_garden_store","paint_store"],"alternates":null},"version":7}},
{"id":"8eb803a2-4938-4c5b-a4c6-d3a9d0c4b57f","type":"Feature","geometry":{"type":"Point","coordinates":[41.085553,19.144109]},"properties":{"categories":{"primary":"coffee_shop","alternate":["restaurant"]},"confidence":0.85,"websites":["https://barns.com.sa/en"],"phones":["920006843"],"addresses":[{"freeform":"5, Qunfudhah","locality":"القنفذة","postcode":"","region":"مكة","country":"SA"}],"names":{"primary":"Barn's | بارنز","common":null,"rules":null},"sources":[{"property":"","dataset":"Microsoft","license":"CDLA-Permissive-2.0","record_id":"1407374890279585","update_time":"2024-05-27T14:01:41.867Z","confidence":0.85,"between":null,"provider":"microsoft","resource":"microsoft","version":"2025-10-20"},{"property":"/properties/confidence","dataset":"Overture","license":"CDLA-Permissive-2.0","record_id":null,"update_time":"2026-08-14T19:46:07Z","confidence":null,"between":null,"provider":"overture","resource":"confidence_calculation","version":"2026-08-14"}],"basic_category":"coffee_shop","taxonomy":{"primary":"coffee_shop","hierarchy":["food_and_drink","non_alcoholic_beverage_venue","coffee_shop"],"alternates":null},"version":7}},
{"id":"a3ca3601-0113-4d7e-abbf-eea184851f48","type":"Feature","geometry":{"type":"Point","coordinates":[41.08803866,19.12940105]},"properties":{"categories":{"primary":"furniture_store","alternate":["shopping"]},"confidence":0.8457828760147095,"websites":["http://Mollisksa.com/"],"emails":["admin@mollisksa.com"],"socials":["https://www.facebook.com/105454775514738"],"phones":["+966504733228"],"brand":{"wikidata":null,"names":{"primary":null,"common":null,"rules":null}},"addresses":[{"freeform":"4088، 8873 الحكم بن مسلم العقيلي","locality":"القنفذة","postcode":"28822","region":null,"country":"SA"}],"names":{"primary":"شركة مليص التجارية","common":null,"rules":null},"sources":[{"property":"","dataset":"meta","license":"CDLA-Permissive-2.0","record_id":"105454775514738","update_time":"2026-08-10T00:00:00.000Z","confidence":0.8457828760147095,"between":null,"provider":"meta","resource":"meta","version":"2026-08-10"},{"property":"/properties/confidence","dataset":"Overture","license":"CDLA-Permissive-2.0","record_id":null,"update_time":"2026-08-14T19:46:07Z","confidence":null,"between":null,"provider":"overture","resource":"confidence_calculation","version":"2026-08-14"}],"basic_category":"hardware_home_and_garden_store","taxonomy":{"primary":"furniture_store","hierarchy":["shopping","specialty_store","hardware_home_and_garden_store","furniture_store"],"alternates":null},"version":9}},
{"id":"a4183e16-5d94-4eeb-a2f4-3fdaf10c4360","type":"Feature","geometry":{"type":"Point","coordinates":[41.08674287796,19.130146803726]},"properties":{"categories":{"primary":"school","alternate":["elementary_school","middle_school"]},"confidence":0.7734834551811218,"websites":["http://pearlintlschool.com/"],"emails":["office@pearlintlschool.com"],"socials":["https://www.facebook.com/1582622715373562"],"phones":["+966177332866"],"brand":{"wikidata":null,"names":{"primary":null,"common":null,"rules":null}},"addresses":[{"freeform":"Sharqiya","locality":"القنفذة","postcode":"21912","region":null,"country":"SA"}],"names":{"primary":"مدارس الدرة الرائدة العالمية بالقنفذة","common":null,"rules":null},"sources":[{"property":"","dataset":"meta","license":"CDLA-Permissive-2.0","record_id":"1582622715373562","update_time":"2026-08-10T00:00:00.000Z","confidence":0.7734834551811218,"between":null,"provider":"meta","resource":"meta","version":"2026-08-10"},{"property":"/properties/confidence","dataset":"Overture","license":"CDLA-Permissive-2.0","record_id":null,"update_time":"2026-08-14T19:46:07Z","confidence":null,"between":null,"provider":"overture","resource":"confidence_calculation","version":"2026-08-14"}],"basic_category":"place_of_learning","taxonomy":{"primary":"school","hierarchy":["education","place_of_learning","school"],"alternates":null},"version":8}},
{"id":"6ddd272f-5cf5-495e-b1f8-7f7d74344124","type":"Feature","geometry":{"type":"Point","coordinates":[41.08593,19.132397]},"properties":{"categories":{"primary":"restaurant","alternate":["fast_food_restaurant"]},"confidence":0.9437056851387025,"websites":["http://www.albaik.com/"],"socials":["https://www.facebook.com/1503776943207962"],"phones":["+9668002442245"],"brand":{"wikidata":null,"names":{"primary":null,"common":null,"rules":null}},"addresses":[{"freeform":"","locality":"القنفذة","postcode":"","region":null,"country":"SA"}],"names":{"primary":"البيك","common":null,"rules":null},"sources":[{"property":"","dataset":"meta","license":"CDLA-Permissive-2.0","record_id":"1503776943207962","update_time":"2026-08-10T00:00:00.000Z","confidence":0.755242109298706,"between":null,"provider":"meta","resource":"meta","version":"2026-08-10"},{"property":"/properties/confidence","dataset":"Overture","license":"CDLA-Permissive-2.0","record_id":null,"update_time":"2026-08-14T19:46:07Z","confidence":null,"between":null,"provider":"overture","resource":"confidence_calculation","version":"2026-08-14"}],"basic_category":"restaurant","taxonomy":{"primary":"restaurant","hierarchy":["food_and_drink","restaurant"],"alternates":null},"version":10}},
{"id":"670c100b-c8ed-4e92-a61d-3b6b7dc607cc","type":"Feature","geometry":{"type":"Point","coordinates":[41.08220168,19.13210372]},"properties":{"categories":{"primary":"oil_change_station","alternate":["automotive_repair","car_rental_agency"]},"confidence":0.6682589650154114,"websites":["https://www.petrominexpress.com/"],"socials":["https://www.facebook.com/103708071936413"],"phones":["+9668004420020"],"brand":{"wikidata":null,"names":{"primary":"Petromin it","common":null,"rules":null}},"addresses":[{"freeform":"King Faisal Ibn Abd Al Aziz Street","locality":"القنفذة","postcode":"28822","region":null,"country":"SA"}],"names":{"primary":"Petromin Express","common":null,"rules":null},"sources":[{"property":"","dataset":"meta","license":"CDLA-Permissive-2.0","record_id":"103708071936413","update_time":"2026-08-10T00:00:00.000Z","confidence":0.6682589650154114,"between":null,"provider":"meta","resource":"meta","version":"2026-08-10"},{"property":"/properties/confidence","dataset":"Overture","license":"CDLA-Permissive-2.0","record_id":null,"update_time":"2026-08-14T19:46:07Z","confidence":null,"between":null,"provider":"overture","resource":"confidence_calculation","version":"2026-08-14"}],"basic_category":"automotive_service","taxonomy":{"primary":"oil_change_station","hierarchy":["travel_and_transportation","vehicle_service","automotive_service","oil_change_station"],"alternates":null},"version":10}},
{"id":"e34217c6-ef8e-4386-9021-00bc06314721","type":"Feature","geometry":{"type":"Point","coordinates":[41.08346,19.133292]},"properties":{"categories":{"primary":"perfume_store","alternate":["retail"]},"confidence":0.85,"websites":["https://www.deraahstore.com/"],"phones":["8001186666"],"addresses":[{"freeform":"الملك عبد العزيز","locality":"القنفذة","postcode":"0000","region":"مكة","country":"SA"}],"names":{"primary":"درعه DERAAH","common":null,"rules":null},"sources":[{"property":"","dataset":"Microsoft","license":"CDLA-Permissive-2.0","record_id":"844424934935653","update_time":"2025-10-15T10:18:59.520Z","confidence":0.85,"between":null,"provider":"microsoft","resource":"microsoft","version":"2025-10-20"},{"property":"/properties/confidence","dataset":"Overture","license":"CDLA-Permissive-2.0","record_id":null,"update_time":"2026-08-14T19:46:07Z","confidence":null,"between":null,"provider":"overture","resource":"confidence_calculation","version":"2026-08-14"}],"basic_category":"personal_care_and_beauty_store","taxonomy":{"primary":"cosmetics_and_fragrance_store","hierarchy":["shopping","specialty_store","personal_care_and_beauty_store","beauty_supply_store","cosmetics_and_fragrance_store"],"alternates":null},"version":7}},
{"id":"fd516ef0-e716-4eee-8c45-b76c5d144bb0","type":"Feature","geometry":{"type":"Point","coordinates":[41.08231032,19.13240376]},"properties":{"categories":{"primary":"grocery_store","alternate":["supermarket","shopping"]},"confidence":0.5592914819717407,"socials":["https://www.facebook.com/388072751303699"],"brand":{"wikidata":null,"names":{"primary":null,"common":null,"rules":null}},"addresses":[{"freeform":null,"locality":"القنفذة","postcode":null,"region":null,"country":"SA"}],"names":{"primary":"سوبرماركت السراة","common":null,"rules":null},"sources":[{"property":"","dataset":"meta","license":"CDLA-Permissive-2.0","record_id":"388072751303699","update_time":"2026-08-10T00:00:00.000Z","confidence":0.5592914819717407,"between":null,"provider":"meta","resource":"meta","version":"2026-08-10"},{"property":"/properties/confidence","dataset":"Overture","license":"CDLA-Permissive-2.0","record_id":null,"update_time":"2026-08-14T19:46:07Z","confidence":null,"between":null,"provider":"overture","resource":"confidence_calculation","version":"2026-08-14"}],"basic_category":"food_and_beverage_store","taxonomy":{"primary":"grocery_store","hierarchy":["shopping","food_and_beverage_store","grocery_store"],"alternates":null},"version":2}},
{"id":"328d406a-af58-4dd4-ba27-f680b08a094f","type":"Feature","geometry":{"type":"Point","coordinates":[41.083368,19.13367]},"properties":{"categories":{"primary":"corporate_office","alternate":["private_establishments_and_corporates"]},"confidence":0.85,"websites":["https://almajed4oud.com/ar-sa/"],"phones":["920020088"],"addresses":[{"freeform":"الملك عبد العزيز، القنفذه، الجنوبية","locality":"Al Qunfudhah","postcode":"00000","region":"Mecca","country":"SA"}],"names":{"primary":"Almajed For Oud","common":null,"rules":null},"sources":[{"property":"","dataset":"Microsoft","license":"CDLA-Permissive-2.0","record_id":"844424934695277","update_time":"2025-06-18T10:40:28.267Z","confidence":0.85,"between":null,"provider":"microsoft","resource":"microsoft","version":"2025-10-20"},{"property":"/properties/confidence","dataset":"Overture","license":"CDLA-Permissive-2.0","record_id":null,"update_time":"2026-08-14T19:46:07Z","confidence":null,"between":null,"provider":"overture","resource":"confidence_calculation","version":"2026-08-14"}],"basic_category":"corporate_or_business_office","taxonomy":{"primary":"corporate_or_business_office","hierarchy":["services_and_business","corporate_or_business_office"],"alternates":null},"version":7}},
{"id":"6468e0a6-143f-4191-a318-746695f60849","type":"Feature","geometry":{"type":"Point","coordinates":[41.08179421,19.13661642]},"properties":{"categories":{"primary":"shopping","alternate":["painting"]},"confidence":0.5136162042617798,"socials":["https://www.facebook.com/115937765254507"],"phones":["+966536088127"],"brand":{"wikidata":null,"names":{"primary":null,"common":null,"rules":null}},"addresses":[{"freeform":"King Faisal Ibn Abdul Aziz Rd","locality":"القنفذة","postcode":"28821","region":null,"country":"SA"}],"names":{"primary":"دهانات المملكة القنفذة","common":null,"rules":null},"sources":[{"property":"","dataset":"meta","license":"CDLA-Permissive-2.0","record_id":"115937765254507","update_time":"2026-08-10T00:00:00.000Z","confidence":0.5136162042617798,"between":null,"provider":"meta","resource":"meta","version":"2026-08-10"},{"property":"/properties/confidence","dataset":"Overture","license":"CDLA-Permissive-2.0","record_id":null,"update_time":"2026-08-14T19:46:07Z","confidence":null,"between":null,"provider":"overture","resource":"confidence_calculation","version":"2026-08-14"}],"basic_category":"shopping","taxonomy":{"primary":"shopping","hierarchy":["shopping"],"alternates":null},"version":5}},
{"id":"f8400729-604e-4524-9045-19c208785349","type":"Feature","geometry":{"type":"Point","coordinates":[41.0801481766668,19.133680232971052]},"properties":{"categories":{"primary":"hospital","alternate":["emergency_room","medical_center"]},"confidence":0.8822934627532959,"socials":["https://www.facebook.com/2197812207011953"],"phones":["+966177322295"],"brand":{"wikidata":null,"names":{"primary":null,"common":null,"rules":null}},"addresses":[{"freeform":"مبنى رقم 4616 شارع الملك عبدالعزيز - حي الخالدية","locality":"القنفذة","postcode":"","region":null,"country":"SA"}],"names":{"primary":"مستشفى القنفذة العام","common":null,"rules":null},"sources":[{"property":"","dataset":"meta","license":"CDLA-Permissive-2.0","record_id":"2197812207011953","update_time":"2026-08-10T00:00:00.000Z","confidence":0.8822934627532959,"between":null,"provider":"meta","resource":"meta","version":"2026-08-10"},{"property":"/properties/confidence","dataset":"Overture","license":"CDLA-Permissive-2.0","record_id":null,"update_time":"2026-08-14T19:46:07Z","confidence":null,"between":null,"provider":"overture","resource":"confidence_calculation","version":"2026-08-14"}],"basic_category":"hospital","taxonomy":{"primary":"hospital","hierarchy":["health_care","hospital"],"alternates":null},"version":11}},
{"id":"cf18748f-f1a1-4cec-b590-5e1effc51a38","type":"Feature","geometry":{"type":"Point","coordinates":[41.080251,19.135145]},"properties":{"categories":{"primary":"hospital","alternate":["hostel","medical_center"]},"confidence":0.9101421236991882,"socials":["https://www.facebook.com/106042794965914"],"phones":["+966177322295"],"brand":{"wikidata":null,"names":{"primary":null,"common":null,"rules":null}},"addresses":[{"freeform":"al Qunfudah General Hospital","locality":"القنفذة","postcode":"28813","region":null,"country":"SA"}],"names":{"primary":"al Qunfudah General Hospital","common":null,"rules":null},"sources":[{"property":"","dataset":"meta","license":"CDLA-Permissive-2.0","record_id":"106042794965914","update_time":"2026-08-10T00:00:00.000Z","confidence":0.9101421236991882,"between":null,"provider":"meta","resource":"meta","version":"2026-08-10"},{"property":"/properties/confidence","dataset":"Overture","license":"CDLA-Permissive-2.0","record_id":null,"update_time":"2026-08-14T19:46:07Z","confidence":null,"between":null,"provider":"overture","resource":"confidence_calculation","version":"2026-08-14"}],"basic_category":"hospital","taxonomy":{"primary":"hospital","hierarchy":["health_care","hospital"],"alternates":null},"version":1}},
{"id":"5f0d7653-8e55-4b8b-aa9d-3a1be7eedf0c","type":"Feature","geometry":{"type":"Point","coordinates":[41.075707,19.137964]},"properties":{"categories":{"primary":"paint_store","alternate":["retail"]},"confidence":0.85,"websites":["https://jazeerapaints.com/"],"phones":["8001231233"],"addresses":[{"freeform":"طريق الملك فهد بن عبدالعزيز, القنفذة","locality":"القنفذة","postcode":"28821","region":"مكة","country":"SA"}],"names":{"primary":"دهانات الجزيرة - Jazeera Paints معرض القنفذة الجديد","common":null,"rules":null},"sources":[{"property":"","dataset":"Microsoft","license":"CDLA-Permissive-2.0","record_id":"844424935002573","update_time":"2024-12-30T11:11:25.317Z","confidence":0.85,"between":null,"provider":"microsoft","resource":"microsoft","version":"2025-10-20"},{"property":"/properties/confidence","dataset":"Overture","license":"CDLA-Permissive-2.0","record_id":null,"update_time":"2026-08-14T19:46:07Z","confidence":null,"between":null,"provider":"overture","resource":"confidence_calculation","version":"2026-08-14"}],"basic_category":"hardware_home_and_garden_store","taxonomy":{"primary":"paint_store","hierarchy":["shopping","specialty_store","hardware_home_and_garden_store","paint_store"],"alternates":null},"version":7}},
{"id":"0ee6ca00-8171-4c34-be8b-498fda890892","type":"Feature","geometry":{"type":"Point","coordinates":[41.07455343984454,19.132112104205582]},"properties":{"categories":{"primary":"hotel","alternate":["motel"]},"confidence":0.8743562698364258,"socials":["https://www.facebook.com/172268623699085"],"brand":{"wikidata":null,"names":{"primary":null,"common":null,"rules":null}},"addresses":[{"freeform":"القنفدة الكورنيش الغربي","locality":"القنفذة","postcode":"28822","region":null,"country":"SA"}],"names":{"primary":"فندق الأزهار","common":null,"rules":null},"sources":[{"property":"","dataset":"meta","license":"CDLA-Permissive-2.0","record_id":"172268623699085","update_time":"2026-08-10T00:00:00.000Z","confidence":0.8743562698364258,"between":null,"provider":"meta","resource":"meta","version":"2026-08-10"},{"property":"/properties/confidence","dataset":"Overture","license":"CDLA-Permissive-2.0","record_id":null,"update_time":"2026-08-14T19:46:07Z","confidence":null,"between":null,"provider":"overture","resource":"confidence_calculation","version":"2026-08-14"}],"basic_category":"hotel","taxonomy":{"primary":"hotel","hierarchy":["lodging","hotel"],"alternates":null},"version":9}},
{"id":"47ec93f9-b817-4f1a-b548-05399a1b8cde","type":"Feature","geometry":{"type":"Point","coordinates":[41.07581823,19.13183851]},"properties":{"categories":{"primary":"fountain","alternate":["landmark_and_historical_building"]},"confidence":0.7016425728797913,"socials":["https://www.facebook.com/796227020775627"],"brand":{"wikidata":null,"names":{"primary":null,"common":null,"rules":null}},"addresses":[{"freeform":null,"locality":"القنفذة","postcode":null,"region":null,"country":"SA"}],"names":{"primary":"Al Salamah, Qunfudhah","common":null,"rules":null},"sources":[{"property":"","dataset":"meta","license":"CDLA-Permissive-2.0","record_id":"796227020775627","update_time":"2026-08-10T00:00:00.000Z","confidence":0.7016425728797913,"between":null,"provider":"meta","resource":"meta","version":"2026-08-10"},{"property":"/properties/confidence","dataset":"Overture","license":"CDLA-Permissive-2.0","record_id":null,"update_time":"2026-08-14T19:46:07Z","confidence":null,"between":null,"provider":"overture","resource":"confidence_calculation","version":"2026-08-14"}],"basic_category":"public_fountain","taxonomy":{"primary":"public_fountain","hierarchy":["community_and_government","public_facility","public_fountain"],"alternates":null},"version":1}},
{"id":"f9b939b6-c14e-4bf3-84c4-aa178d779992","type":"Feature","geometry":{"type":"Point","coordinates":[41.07609269,19.13176246]},"properties":{"categories":{"primary":"community_services_non_profits","alternate":["shopping"]},"confidence":0.5098760724067688,"socials":["https://www.facebook.com/422307221880651"],"phones":["+966177320149"],"brand":{"wikidata":null,"names":{"primary":null,"common":null,"rules":null}},"addresses":[{"freeform":null,"locality":"القنفذة","postcode":null,"region":null,"country":"SA"}],"names":{"primary":"أحمد إبراهيم المرحبي للمقاولات","common":null,"rules":null},"sources":[{"property":"","dataset":"meta","license":"CDLA-Permissive-2.0","record_id":"422307221880651","update_time":"2026-08-10T00:00:00.000Z","confidence":0.5098760724067688,"between":null,"provider":"meta","resource":"meta","version":"2026-08-10"},{"property":"/properties/confidence","dataset":"Overture","license":"CDLA-Permissive-2.0","record_id":null,"update_time":"2026-08-14T19:46:07Z","confidence":null,"between":null,"provider":"overture","resource":"confidence_calculation","version":"2026-08-14"}],"basic_category":"social_or_community_service","taxonomy":{"primary":"social_or_community_service","hierarchy":["community_and_government","social_or_community_service"],"alternates":null},"version":8}},
{"id":"ee8ccd49-09fc-4799-a0f9-b2b3c22cb3cb","type":"Feature","geometry":{"type":"Point","coordinates":[41.077880859375,19.129234529403]},"properties":{"confidence":0.4672417640686035,"emails":["romannor676@gmail.com"],"socials":["https://www.facebook.com/100642905037008"],"phones":["+966509040786"],"brand":{"wikidata":null,"names":{"primary":null,"common":null,"rules":null}},"addresses":[{"freeform":"Saudi Arabia","locality":"القنفذة","postcode":"28813","region":null,"country":"SA"}],"names":{"primary":"কেনো জানি না তোকে  পাবোনা জেনেও এতো ভালোবাসি","common":null,"rules":null},"sources":[{"property":"","dataset":"meta","license":"CDLA-Permissive-2.0","record_id":"100642905037008","update_time":"2026-08-10T00:00:00.000Z","confidence":0.4672417640686035,"between":null,"provider":"meta","resource":"meta","version":"2026-08-10"},{"property":"/properties/confidence","dataset":"Overture","license":"CDLA-Permissive-2.0","record_id":null,"update_time":"2026-08-14T19:46:07Z","confidence":null,"between":null,"provider":"overture","resource":"confidence_calculation","version":"2026-08-14"}],"version":2}},
{"id":"a7b1e34f-9047-4b6f-8f8b-ff62e5aa5135","type":"Feature","geometry":{"type":"Point","coordinates":[41.081005,19.132999]},"properties":{"categories":{"primary":"pharmacy","alternate":null},"confidence":0.85,"websites":["http://www.nahdionline.com/"],"phones":["920024673"],"addresses":[{"freeform":"طريق الملك عبدالعزيز","locality":"القنفذة","postcode":"0000","region":"مكة","country":"SA"}],"names":{"primary":"Nahdi pharmacy | صيدليه النهدى","common":null,"rules":null},"sources":[{"property":"","dataset":"Microsoft","license":"CDLA-Permissive-2.0","record_id":"844424934937045","update_time":"2025-03-30T01:31:06.113Z","confidence":0.85,"between":null,"provider":"microsoft","resource":"microsoft","version":"2025-10-20"},{"property":"/properties/confidence","dataset":"Overture","license":"CDLA-Permissive-2.0","record_id":null,"update_time":"2026-08-14T19:46:07Z","confidence":null,"between":null,"provider":"overture","resource":"confidence_calculation","version":"2026-08-14"}],"basic_category":"pharmacy_and_drug_store","taxonomy":{"primary":"pharmacy","hierarchy":["shopping","specialty_store","pharmacy_and_drug_store","pharmacy"],"alternates":null},"version":7}},
{"id":"1f319337-c76e-4501-8fc4-bf5d52c2515a","type":"Feature","geometry":{"type":"Point","coordinates":[41.08176761,19.13134222]},"properties":{"categories":{"primary":"contractor","alternate":["hvac_services","home_improvement_store"]},"confidence":0.9231186509132385,"websites":["http://www.mangeerac.com/"],"emails":["mac@mangeerac.com"],"socials":["https://www.facebook.com/1347944825243173"],"phones":["+966503532913"],"brand":{"wikidata":null,"names":{"primary":null,"common":null,"rules":null}},"addresses":[{"freeform":"King Faisal Ibn Abdul Aziz Rd","locality":"القنفذة","postcode":"28821","region":null,"country":"SA"}],"names":{"primary":"Mangeer Air Conditioners","common":null,"rules":null},"sources":[{"property":"","dataset":"meta","license":"CDLA-Permissive-2.0","record_id":"1347944825243173","update_time":"2026-08-10T00:00:00.000Z","confidence":0.9231186509132385,"between":null,"provider":"meta","resource":"meta","version":"2026-08-10"},{"property":"/properties/confidence","dataset":"Overture","license":"CDLA-Permissive-2.0","record_id":null,"update_time":"2026-08-14T19:46:07Z","confidence":null,"between":null,"provider":"overture","resource":"confidence_calculation","version":"2026-08-14"}],"basic_category":"home_service","taxonomy":{"primary":"contractor","hierarchy":["services_and_business","home_service","contractor"],"alternates":null},"version":8}},
{"id":"31999a7a-c290-440a-a298-ed02de822268","type":"Feature","geometry":{"type":"Point","coordinates":[41.08080626612357,19.128477309554246]},"properties":{"categories":{"primary":"park","alternate":["national_park","attractions_and_activities"]},"confidence":0.5135916471481323,"socials":["https://www.facebook.com/306141753519781"],"brand":{"wikidata":null,"names":{"primary":null,"common":null,"rules":null}},"addresses":[{"freeform":"حارة السنادوة(باسندوة)","locality":"القنفذة","postcode":"","region":null,"country":"SA"}],"names":{"primary":"الحارة الناعمية","common":null,"rules":null},"sources":[{"property":"","dataset":"meta","license":"CDLA-Permissive-2.0","record_id":"306141753519781","update_time":"2026-08-10T00:00:00.000Z","confidence":0.5135916471481323,"between":null,"provider":"meta","resource":"meta","version":"2026-08-10"},{"property":"/properties/confidence","dataset":"Overture","license":"CDLA-Permissive-2.0","record_id":null,"update_time":"2026-08-14T19:46:07Z","confidence":null,"between":null,"provider":"overture","resource":"confidence_calculation","version":"2026-08-14"}],"basic_category":"park","taxonomy":{"primary":"park","hierarchy":["sports_and_recreation","park"],"alternates":null},"version":11}},
{"id":"ac74e4ca-ccab-4edd-86ce-39977aa593ee","type":"Feature","geometry":{"type":"Point","coordinates":[41.080339476808,19.126818249949]},"properties":{"categories":{"primary":"chicken_restaurant","alternate":null},"confidence":0.5407205820083618,"socials":["https://www.facebook.com/883568031836720"],"brand":{"wikidata":null,"names":{"primary":null,"common":null,"rules":null}},"addresses":[{"freeform":"السوق القديم","locality":"القنفذة","postcode":"","region":null,"country":"SA"}],"names":{"primary":"بروست السعودي","common":null,"rules":null},"sources":[{"property":"","dataset":"meta","license":"CDLA-Permissive-2.0","record_id":"883568031836720","update_time":"2026-08-10T00:00:00.000Z","confidence":0.5407205820083618,"between":null,"provider":"meta","resource":"meta","version":"2026-08-10"},{"property":"/properties/confidence","dataset":"Overture","license":"CDLA-Permissive-2.0","record_id":null,"update_time":"2026-08-14T19:46:07Z","confidence":null,"between":null,"provider":"overture","resource":"confidence_calculation","version":"2026-08-14"}],"basic_category":"restaurant","taxonomy":{"primary":"chicken_restaurant","hierarchy":["food_and_drink","restaurant","meat_restaurant","chicken_restaurant"],"alternates":null},"version":9}},
{"id":"714c242b-d44b-43e3-8f5f-245ba9039049","type":"Feature","geometry":{"type":"Point","coordinates":[41.081163,19.125374]},"properties":{"categories":{"primary":"grocery_store","alternate":["health_food_store","supermarket"]},"confidence":0.40744635462760925,"socials":["https://www.facebook.com/2226780820935269"],"brand":{"wikidata":null,"names":{"primary":null,"common":null,"rules":null}},"addresses":[{"freeform":"البنقله الي ع البحر","locality":"القنفذة","postcode":"","region":null,"country":"SA"}],"names":{"primary":"سوق الخضار والفواكه","common":null,"rules":null},"sources":[{"property":"","dataset":"meta","license":"CDLA-Permissive-2.0","record_id":"2226780820935269","update_time":"2026-08-10T00:00:00.000Z","confidence":0.40744635462760925,"between":null,"provider":"meta","resource":"meta","version":"2026-08-10"},{"property":"/properties/confidence","dataset":"Overture","license":"CDLA-Permissive-2.0","record_id":null,"update_time":"2026-08-14T19:46:07Z","confidence":null,"between":null,"provider":"overture","resource":"confidence_calculation","version":"2026-08-14"}],"basic_category":"food_and_beverage_store","taxonomy":{"primary":"grocery_store","hierarchy":["shopping","food_and_beverage_store","grocery_store"],"alternates":null},"version":8}},
{"id":"e5e71da6-8740-433e-837b-3246985f382c","type":"Feature","geometry":{"type":"Point","coordinates":[41.0802371,19.1256588]},"properties":{"categories":{"primary":"pizza_restaurant","alternate":["restaurant","fast_food_restaurant"]},"confidence":0.6011398434638977,"websites":["http://www.pizzaalmas.sa/"],"socials":["https://www.facebook.com/1793517370902788"],"brand":{"wikidata":null,"names":{"primary":null,"common":null,"rules":null}},"addresses":[{"freeform":"Pizza Almas","locality":"القنفذة","postcode":"564567","region":null,"country":"SA"}],"names":{"primary":"Pizza Almas KSA","common":null,"rules":null},"sources":[{"property":"","dataset":"meta","license":"CDLA-Permissive-2.0","record_id":"1793517370902788","update_time":"2026-08-10T00:00:00.000Z","confidence":0.6011398434638977,"between":null,"provider":"meta","resource":"meta","version":"2026-08-10"},{"property":"/properties/confidence","dataset":"Overture","license":"CDLA-Permissive-2.0","record_id":null,"update_time":"2026-08-14T19:46:07Z","confidence":null,"between":null,"provider":"overture","resource":"confidence_calculation","version":"2026-08-14"}],"basic_category":"restaurant","taxonomy":{"primary":"pizza_restaurant","hierarchy":["food_and_drink","restaurant","european_restaurant","mediterranean_restaurant","italian_restaurant","pizza_restaurant"],"alternates":null},"version":9}},
{"id":"55821fe4-070a-4ad0-a053-335298830bca","type":"Feature","geometry":{"type":"Point","coordinates":[41.078688525630064,19.126019723348854]},"properties":{"categories":{"primary":"real_estate_service","alternate":["central_government_office"]},"confidence":0.6379805207252502,"socials":["https://www.facebook.com/2115166755403092"],"brand":{"wikidata":null,"names":{"primary":null,"common":null,"rules":null}},"addresses":[{"freeform":"","locality":"القنفذة","postcode":"","region":null,"country":"SA"}],"names":{"primary":"بلدية محافظة القنفذه","common":null,"rules":null},"sources":[{"property":"","dataset":"meta","license":"CDLA-Permissive-2.0","record_id":"2115166755403092","update_time":"2026-08-10T00:00:00.000Z","confidence":0.6379805207252502,"between":null,"provider":"meta","resource":"meta","version":"2026-08-10"},{"property":"/properties/confidence","dataset":"Overture","license":"CDLA-Permissive-2.0","record_id":null,"update_time":"2026-08-14T19:46:07Z","confidence":null,"between":null,"provider":"overture","resource":"confidence_calculation","version":"2026-08-14"}],"basic_category":"real_estate_service","taxonomy":{"primary":"real_estate_service","hierarchy":["services_and_business","real_estate_service"],"alternates":null},"version":4}},
{"id":"12be628d-7fd1-4f8d-82be-0caf0afc16b9","type":"Feature","geometry":{"type":"Point","coordinates":[41.0789,19.1264]},"properties":{"categories":{"primary":"shopping","alternate":["shopping"]},"confidence":0.5837933421134949,"socials":["https://www.facebook.com/1693359437644532"],"phones":["+966502872165"],"brand":{"wikidata":null,"names":{"primary":null,"common":null,"rules":null}},"addresses":[{"freeform":"Al_Qunfidha, Ahed bini zaid ,Saudia Arbia","locality":"القنفذة","postcode":null,"region":null,"country":"SA"}],"names":{"primary":"Al_Zeley Centre","common":null,"rules":null},"sources":[{"property":"","dataset":"meta","license":"CDLA-Permissive-2.0","record_id":"1693359437644532","update_time":"2026-08-10T00:00:00.000Z","confidence":0.5837933421134949,"between":null,"provider":"meta","resource":"meta","version":"2026-08-10"},{"property":"/properties/confidence","dataset":"Overture","license":"CDLA-Permissive-2.0","record_id":null,"update_time":"2026-08-14T19:46:07Z","confidence":null,"between":null,"provider":"overture","resource":"confidence_calculation","version":"2026-08-14"}],"basic_category":"shopping","taxonomy":{"primary":"shopping","hierarchy":["shopping"],"alternates":null},"version":9}},
{"id":"c7c326fb-48fe-466f-9f01-7a09b77f3564","type":"Feature","geometry":{"type":"Point","coordinates":[41.0789,19.1264]},"properties":{"categories":{"primary":"auto_company","alternate":["automotive","travel"]},"confidence":0.6139131784439087,"websites":["https://twitter.com/smartkeyQF"],"socials":["https://www.facebook.com/652682011536642"],"phones":["+966500100593"],"brand":{"wikidata":null,"names":{"primary":null,"common":null,"rules":null}},"addresses":[{"freeform":"حي الخالدية- شارع الملك فيصل - مجمع البلاد","locality":"القنفذة","postcode":"21912","region":null,"country":"SA"}],"names":{"primary":"Smartkeyqf","common":null,"rules":null},"sources":[{"property":"","dataset":"meta","license":"CDLA-Permissive-2.0","record_id":"652682011536642","update_time":"2026-08-10T00:00:00.000Z","confidence":0.6139131784439087,"between":null,"provider":"meta","resource":"meta","version":"2026-08-10"},{"property":"/properties/confidence","dataset":"Overture","license":"CDLA-Permissive-2.0","record_id":null,"update_time":"2026-08-14T19:46:07Z","confidence":null,"between":null,"provider":"overture","resource":"confidence_calculation","version":"2026-08-14"}],"basic_category":"corporate_or_business_office","taxonomy":{"primary":"auto_company","hierarchy":["services_and_business","corporate_or_business_office","auto_company"],"alternates":null},"version":1}},
{"id":"72bf1c8a-40ed-4895-b48c-46234a7751d9","type":"Feature","geometry":{"type":"Point","coordinates":[41.078888888889,19.126388888889]},"properties":{"confidence":0.18217414617538452,"websites":["http://bssatha.com/"],"socials":["https://www.facebook.com/861701573687774"],"phones":["+966550181420"],"brand":{"wikidata":null,"names":{"primary":null,"common":null,"rules":null}},"addresses":[{"freeform":"القنفذة","locality":"القنفذة","postcode":"28821","region":null,"country":"SA"}],"names":{"primary":"بسطها","common":null,"rules":null},"sources":[{"property":"","dataset":"meta","license":"CDLA-Permissive-2.0","record_id":"861701573687774","update_time":"2026-08-10T00:00:00.000Z","confidence":0.18217414617538452,"between":null,"provider":"meta","resource":"meta","version":"2026-08-10"},{"property":"/properties/confidence","dataset":"Overture","license":"CDLA-Permissive-2.0","record_id":null,"update_time":"2026-08-14T19:46:07Z","confidence":null,"between":null,"provider":"overture","resource":"confidence_calculation","version":"2026-08-14"}],"version":2}},
{"id":"e8a24746-39b7-4b56-8bb1-26cd2ccc03f8","type":"Feature","geometry":{"type":"Point","coordinates":[41.078589,19.127577]},"properties":{"categories":{"primary":"cafe","alternate":["coffee_shop","tea_room"]},"confidence":0.7176142334938049,"socials":["https://www.facebook.com/562757550840838"],"brand":{"wikidata":null,"names":{"primary":null,"common":null,"rules":null}},"addresses":[{"freeform":"","locality":"القنفذة","postcode":"","region":null,"country":"SA"}],"names":{"primary":"فور كافيه","common":null,"rules":null},"sources":[{"property":"","dataset":"meta","license":"CDLA-Permissive-2.0","record_id":"562757550840838","update_time":"2026-08-10T00:00:00.000Z","confidence":0.7176142334938049,"between":null,"provider":"meta","resource":"meta","version":"2026-08-10"},{"property":"/properties/confidence","dataset":"Overture","license":"CDLA-Permissive-2.0","record_id":null,"update_time":"2026-08-14T19:46:07Z","confidence":null,"between":null,"provider":"overture","resource":"confidence_calculation","version":"2026-08-14"}],"basic_category":"cafe","taxonomy":{"primary":"cafe","hierarchy":["food_and_drink","casual_eatery","cafe"],"alternates":null},"version":7}},
{"id":"4bcccc68-0615-461b-a3b2-62353de7e283","type":"Feature","geometry":{"type":"Point","coordinates":[41.079787,19.128278]},"properties":{"categories":{"primary":"antique_store","alternate":["automotive_repair"]},"confidence":0.6567547917366028,"socials":["https://www.facebook.com/1897404243672344"],"brand":{"wikidata":null,"names":{"primary":null,"common":null,"rules":null}},"addresses":[{"freeform":"","locality":"القنفذة","postcode":"","region":null,"country":"SA"}],"names":{"primary":"السوق القديم","common":null,"rules":null},"sources":[{"property":"","dataset":"meta","license":"CDLA-Permissive-2.0","record_id":"1897404243672344","update_time":"2026-08-10T00:00:00.000Z","confidence":0.6567547917366028,"between":null,"provider":"meta","resource":"meta","version":"2026-08-10"},{"property":"/properties/confidence","dataset":"Overture","license":"CDLA-Permissive-2.0","record_id":null,"update_time":"2026-08-14T19:46:07Z","confidence":null,"between":null,"provider":"overture","resource":"confidence_calculation","version":"2026-08-14"}],"basic_category":"second_hand_store","taxonomy":{"primary":"antique_store","hierarchy":["shopping","second_hand_store","antique_store"],"alternates":null},"version":7}},
{"id":"87d97319-4a19-4436-9098-e2d808c6da29","type":"Feature","geometry":{"type":"Point","coordinates":[41.074863,19.127398]},"properties":{"categories":{"primary":"seafood_restaurant","alternate":["fast_food_restaurant"]},"confidence":0.47358402609825134,"socials":["https://www.facebook.com/106604437377062"],"brand":{"wikidata":null,"names":{"primary":null,"common":null,"rules":null}},"addresses":[{"freeform":"قبال القصر للمناسبات وبجانب فندق قرية البحر","locality":"القنفذة","postcode":"","region":null,"country":"SA"}],"names":{"primary":"بنقلة السمك","common":null,"rules":null},"sources":[{"property":"","dataset":"meta","license":"CDLA-Permissive-2.0","record_id":"106604437377062","update_time":"2026-08-10T00:00:00.000Z","confidence":0.47358402609825134,"between":null,"provider":"meta","resource":"meta","version":"2026-08-10"},{"property":"/properties/confidence","dataset":"Overture","license":"CDLA-Permissive-2.0","record_id":null,"update_time":"2026-08-14T19:46:07Z","confidence":null,"between":null,"provider":"overture","resource":"confidence_calculation","version":"2026-08-14"}],"basic_category":"restaurant","taxonomy":{"primary":"seafood_restaurant","hierarchy":["food_and_drink","restaurant","seafood_restaurant"],"alternates":null},"version":9}},
{"id":"4fd4016e-d2f3-4435-80cd-08fec0f90444","type":"Feature","geometry":{"type":"Point","coordinates":[41.07609572855379,19.127045539063033]},"properties":{"categories":{"primary":"hospital","alternate":["health_and_medical","naturopathic_holistic"]},"confidence":0.7455443143844604,"socials":["https://www.facebook.com/555889927807708"],"brand":{"wikidata":null,"names":{"primary":null,"common":null,"rules":null}},"addresses":[{"freeform":null,"locality":"القنفذة","postcode":null,"region":null,"country":"SA"}],"names":{"primary":"Al Zobydi Medical Center","common":null,"rules":null},"sources":[{"property":"","dataset":"meta","license":"CDLA-Permissive-2.0","record_id":"555889927807708","update_time":"2026-08-10T00:00:00.000Z","confidence":0.7455443143844604,"between":null,"provider":"meta","resource":"meta","version":"2026-08-10"},{"property":"/properties/confidence","dataset":"Overture","license":"CDLA-Permissive-2.0","record_id":null,"update_time":"2026-08-14T19:46:07Z","confidence":null,"between":null,"provider":"overture","resource":"confidence_calculation","version":"2026-08-14"}],"basic_category":"hospital","taxonomy":{"primary":"hospital","hierarchy":["health_care","hospital"],"alternates":null},"version":10}},
{"id":"09b5401c-ca89-48c5-9fed-2f5d1213dc71","type":"Feature","geometry":{"type":"Point","coordinates":[41.076296,19.126237]},"properties":{"categories":{"primary":"post_office","alternate":null},"confidence":0.77,"websites":["https://splonline.com.sa"],"socials":["https://www.twitter.com/spl_ksa_online"],"phones":["011 289 8888"],"addresses":[{"freeform":"جنوب غرب الجامع الكبير","locality":"القنفذة","postcode":"28822","region":"Mecca","country":"SA"}],"names":{"primary":"البريد السعودي | سبل","common":null,"rules":null},"sources":[{"property":"","dataset":"Foursquare","license":"Apache-2.0","record_id":"6440e7982c8fc712db7e739a","update_time":"2023-04-20T00:00:00.000","confidence":0.77,"between":null,"provider":"foursquare","resource":"foursquare","version":"2026-04-14"},{"property":"/properties/confidence","dataset":"Overture","license":"CDLA-Permissive-2.0","record_id":null,"update_time":"2026-08-14T19:46:07Z","confidence":null,"between":null,"provider":"overture","resource":"confidence_calculation","version":"2026-08-14"}],"basic_category":"shipping_or_delivery_service","taxonomy":{"primary":"post_office","hierarchy":["services_and_business","shipping_or_delivery_service","post_office"],"alternates":null},"version":5}},
{"id":"de0d4aba-2295-42cd-8623-48723868635f","type":"Feature","geometry":{"type":"Point","coordinates":[41.074472,19.125509]},"properties":{"categories":{"primary":"chocolatier","alternate":null},"confidence":0.619023323059082,"socials":["https://www.facebook.com/330669231143343"],"brand":{"wikidata":null,"names":{"primary":null,"common":null,"rules":null}},"addresses":[{"freeform":"King Fahad St","locality":"القنفذة","postcode":"","region":null,"country":"SA"}],"names":{"primary":"أسواق العثيم","common":null,"rules":null},"sources":[{"property":"","dataset":"meta","license":"CDLA-Permissive-2.0","record_id":"330669231143343","update_time":"2026-08-10T00:00:00.000Z","confidence":0.619023323059082,"between":null,"provider":"meta","resource":"meta","version":"2026-08-10"},{"property":"/properties/confidence","dataset":"Overture","license":"CDLA-Permissive-2.0","record_id":null,"update_time":"2026-08-14T19:46:07Z","confidence":null,"between":null,"provider":"overture","resource":"confidence_calculation","version":"2026-08-14"}],"basic_category":"casual_eatery","taxonomy":{"primary":"chocolatier","hierarchy":["food_and_drink","casual_eatery","candy_store","chocolatier"],"alternates":null},"version":10}},
{"id":"6222e65c-9700-4cc2-adaa-30531f22a4a9","type":"Feature","geometry":{"type":"Point","coordinates":[41.077653431285,19.120791308456]},"properties":{"categories":{"primary":"mobile_phone_store","alternate":["fast_food_restaurant","high_school"]},"confidence":0.5518669486045837,"socials":["https://www.facebook.com/273723613483957"],"brand":{"wikidata":null,"names":{"primary":null,"common":null,"rules":null}},"addresses":[{"freeform":"King Faisal Hwy","locality":"القنفذة","postcode":"","region":null,"country":"SA"}],"names":{"primary":"شارع الملك فيصل","common":null,"rules":null},"sources":[{"property":"","dataset":"meta","license":"CDLA-Permissive-2.0","record_id":"273723613483957","update_time":"2026-08-10T00:00:00.000Z","confidence":0.5518669486045837,"between":null,"provider":"meta","resource":"meta","version":"2026-08-10"},{"property":"/properties/confidence","dataset":"Overture","license":"CDLA-Permissive-2.0","record_id":null,"update_time":"2026-08-14T19:46:07Z","confidence":null,"between":null,"provider":"overture","resource":"confidence_calculation","version":"2026-08-14"}],"basic_category":"electronics_store","taxonomy":{"primary":"mobile_phone_store","hierarchy":["shopping","specialty_store","electronics_store","mobile_phone_store"],"alternates":null},"version":8}},
{"id":"9930e266-6053-424c-be07-82ea07f07e94","type":"Feature","geometry":{"type":"Point","coordinates":[41.07763919,19.12083849]},"properties":{"categories":{"primary":"hotel","alternate":["accommodation","landmark_and_historical_building"]},"confidence":0.7363911867141724,"socials":["https://www.facebook.com/294861323899037"],"phones":["+966177332222"],"brand":{"wikidata":null,"names":{"primary":null,"common":null,"rules":null}},"addresses":[{"freeform":"القنفذة, القنفذه","locality":"القنفذة","postcode":"","region":null,"country":"SA"}],"names":{"primary":"فندق قرية البحر","common":null,"rules":null},"sources":[{"property":"","dataset":"meta","license":"CDLA-Permissive-2.0","record_id":"294861323899037","update_time":"2026-08-10T00:00:00.000Z","confidence":0.7363911867141724,"between":null,"provider":"meta","resource":"meta","version":"2026-08-10"},{"property":"/properties/confidence","dataset":"Overture","license":"CDLA-Permissive-2.0","record_id":null,"update_time":"2026-08-14T19:46:07Z","confidence":null,"between":null,"provider":"overture","resource":"confidence_calculation","version":"2026-08-14"}],"basic_category":"hotel","taxonomy":{"primary":"hotel","hierarchy":["lodging","hotel"],"alternates":null},"version":8}},
{"id":"cc738a4a-cb12-4ada-aa3c-3ff1cd1d05b5","type":"Feature","geometry":{"type":"Point","coordinates":[41.081036358770895,19.120996784259788]},"properties":{"categories":{"primary":"hospital","alternate":["public_and_government_association","b2b_jewelers"]},"confidence":0.669095516204834,"socials":["https://www.facebook.com/957808847746222"],"brand":{"wikidata":null,"names":{"primary":null,"common":null,"rules":null}},"addresses":[{"freeform":null,"locality":"القنفذة","postcode":null,"region":null,"country":"SA"}],"names":{"primary":"مستشفى القنفذة العام","common":null,"rules":null},"sources":[{"property":"","dataset":"meta","license":"CDLA-Permissive-2.0","record_id":"957808847746222","update_time":"2026-08-10T00:00:00.000Z","confidence":0.669095516204834,"between":null,"provider":"meta","resource":"meta","version":"2026-08-10"},{"property":"/properties/confidence","dataset":"Overture","license":"CDLA-Permissive-2.0","record_id":null,"update_time":"2026-08-14T19:46:07Z","confidence":null,"between":null,"provider":"overture","resource":"confidence_calculation","version":"2026-08-14"}],"basic_category":"hospital","taxonomy":{"primary":"hospital","hierarchy":["health_care","hospital"],"alternates":null},"version":9}},
{"id":"abe49af4-feaa-481c-a298-6196be1eb279","type":"Feature","geometry":{"type":"Point","coordinates":[41.080926,19.120461]},"properties":{"categories":{"primary":"perfume_store","alternate":["retail"]},"confidence":0.85,"websites":["https://www.deraahstore.com/"],"phones":["8001186666"],"addresses":[{"freeform":"43CJ+59M القنفذة","locality":"القنفذة","postcode":"0000","region":"مكة","country":"SA"}],"names":{"primary":"درعه DERAAH","common":null,"rules":null},"sources":[{"property":"","dataset":"Microsoft","license":"CDLA-Permissive-2.0","record_id":"844424934934383","update_time":"2025-10-15T10:19:17.793Z","confidence":0.85,"between":null,"provider":"microsoft","resource":"microsoft","version":"2025-10-20"},{"property":"/properties/confidence","dataset":"Overture","license":"CDLA-Permissive-2.0","record_id":null,"update_time":"2026-08-14T19:46:07Z","confidence":null,"between":null,"provider":"overture","resource":"confidence_calculation","version":"2026-08-14"}],"basic_category":"personal_care_and_beauty_store","taxonomy":{"primary":"cosmetics_and_fragrance_store","hierarchy":["shopping","specialty_store","personal_care_and_beauty_store","beauty_supply_store","cosmetics_and_fragrance_store"],"alternates":null},"version":7}},
{"id":"9131cc79-91ef-4e73-8261-e0d6980bc3a8","type":"Feature","geometry":{"type":"Point","coordinates":[41.081904074097,19.119993555169]},"properties":{"categories":{"primary":"sports_and_recreation_venue","alternate":["arts_and_entertainment","park"]},"confidence":0.5252847671508789,"socials":["https://www.facebook.com/1502125006727687"],"phones":["+966553028757"],"brand":{"wikidata":null,"names":{"primary":null,"common":null,"rules":null}},"addresses":[{"freeform":"القنفذه / الكورنيش الجنوبي","locality":"القنفذة","postcode":"28822","region":null,"country":"SA"}],"names":{"primary":"ملاهي السندباد الترفيهيه","common":null,"rules":null},"sources":[{"property":"","dataset":"meta","license":"CDLA-Permissive-2.0","record_id":"1502125006727687","update_time":"2026-08-10T00:00:00.000Z","confidence":0.5252847671508789,"between":null,"provider":"meta","resource":"meta","version":"2026-08-10"},{"property":"/properties/confidence","dataset":"Overture","license":"CDLA-Permissive-2.0","record_id":null,"update_time":"2026-08-14T19:46:07Z","confidence":null,"between":null,"provider":"overture","resource":"confidence_calculation","version":"2026-08-14"}],"basic_category":"sport_or_fitness_facility","taxonomy":{"primary":"sport_or_fitness_facility","hierarchy":["sports_and_recreation","sport_or_fitness_facility"],"alternates":null},"version":1}},
{"id":"fe1a0070-e3c4-4902-8595-1234f168f267","type":"Feature","geometry":{"type":"Point","coordinates":[41.08291958,19.12451349]},"properties":{"categories":{"primary":"chicken_restaurant","alternate":["restaurant","butcher_shop"]},"confidence":0.9654560267925263,"websites":["http://www.taza.com.sa"],"emails":["info@taza.com.sa"],"socials":["https://www.facebook.com/120407404726048"],"phones":["+966920000765"],"brand":{"wikidata":null,"names":{"primary":"Al Tazaj الطازج","common":null,"rules":null}},"addresses":[{"freeform":"Al-Azhar District Al-Qunfudhah","locality":"القنفذة","postcode":"","region":null,"country":"SA"}],"names":{"primary":"Al Tazaj","common":null,"rules":null},"sources":[{"property":"","dataset":"meta","license":"CDLA-Permissive-2.0","record_id":"120407404726048","update_time":"2026-08-10T00:00:00.000Z","confidence":0.8498088121414185,"between":null,"provider":"meta","resource":"meta","version":"2026-08-10"},{"property":"/properties/confidence","dataset":"Overture","license":"CDLA-Permissive-2.0","record_id":null,"update_time":"2026-08-14T19:46:07Z","confidence":null,"between":null,"provider":"overture","resource":"confidence_calculation","version":"2026-08-14"}],"basic_category":"restaurant","taxonomy":{"primary":"chicken_restaurant","hierarchy":["food_and_drink","restaurant","meat_restaurant","chicken_restaurant"],"alternates":null},"version":10}},
{"id":"69c76b7b-5ffb-462e-a2db-48fb1a0c3ec1","type":"Feature","geometry":{"type":"Point","coordinates":[41.083026,19.124424]},"properties":{"categories":{"primary":"restaurant","alternate":["middle_eastern_restaurant"]},"confidence":0.6717934012413025,"socials":["https://www.facebook.com/390908411762500"],"brand":{"wikidata":null,"names":{"primary":null,"common":null,"rules":null}},"addresses":[{"freeform":"","locality":"القنفذة","postcode":"","region":null,"country":"SA"}],"names":{"primary":"الطازج","common":null,"rules":null},"sources":[{"property":"","dataset":"meta","license":"CDLA-Permissive-2.0","record_id":"390908411762500","update_time":"2026-08-10T00:00:00.000Z","confidence":0.6717934012413025,"between":null,"provider":"meta","resource":"meta","version":"2026-08-10"},{"property":"/properties/confidence","dataset":"Overture","license":"CDLA-Permissive-2.0","record_id":null,"update_time":"2026-08-14T19:46:07Z","confidence":null,"between":null,"provider":"overture","resource":"confidence_calculation","version":"2026-08-14"}],"basic_category":"restaurant","taxonomy":{"primary":"restaurant","hierarchy":["food_and_drink","restaurant"],"alternates":null},"version":11}},
{"id":"87a9029d-d357-452d-bf54-6e5c69eeed29","type":"Feature","geometry":{"type":"Point","coordinates":[41.083757,19.125237]},"properties":{"categories":{"primary":"pharmacy","alternate":null},"confidence":0.85,"websites":["http://www.nahdionline.com/"],"phones":["920024673"],"addresses":[{"freeform":"حي الأزهار","locality":"القنفذة","postcode":"0000","region":"مكة","country":"SA"}],"names":{"primary":"Nahdi pharmacy | صيدليه النهدى","common":null,"rules":null},"sources":[{"property":"","dataset":"Microsoft","license":"CDLA-Permissive-2.0","record_id":"844424934873816","update_time":"2025-06-05T09:26:01.297Z","confidence":0.85,"between":null,"provider":"microsoft","resource":"microsoft","version":"2025-10-20"},{"property":"/properties/confidence","dataset":"Overture","license":"CDLA-Permissive-2.0","record_id":null,"update_time":"2026-08-14T19:46:07Z","confidence":null,"between":null,"provider":"overture","resource":"confidence_calculation","version":"2026-08-14"}],"basic_category":"pharmacy_and_drug_store","taxonomy":{"primary":"pharmacy","hierarchy":["shopping","specialty_store","pharmacy_and_drug_store","pharmacy"],"alternates":null},"version":7}},
{"id":"69c988cc-db83-4a2e-b5fe-d82bd00492ee","type":"Feature","geometry":{"type":"Point","coordinates":[41.0833,19.12852]},"properties":{"categories":{"primary":"shopping","alternate":null},"confidence":0.573028564453125,"emails":["waqarahmedciit@gmail.com"],"socials":["https://www.facebook.com/345444359492195"],"phones":["+966531207371"],"brand":{"wikidata":null,"names":{"primary":null,"common":null,"rules":null}},"addresses":[{"freeform":"Al Qunfudhah ","locality":"القنفذة","postcode":"000000","region":null,"country":"SA"}],"names":{"primary":"القنفذة حراج عام   Al Qunfudhah Used Items","common":null,"rules":null},"sources":[{"property":"","dataset":"meta","license":"CDLA-Permissive-2.0","record_id":"345444359492195","update_time":"2026-08-10T00:00:00.000Z","confidence":0.573028564453125,"between":null,"provider":"meta","resource":"meta","version":"2026-08-10"},{"property":"/properties/confidence","dataset":"Overture","license":"CDLA-Permissive-2.0","record_id":null,"update_time":"2026-08-14T19:46:07Z","confidence":null,"between":null,"provider":"overture","resource":"confidence_calculation","version":"2026-08-14"}],"basic_category":"shopping","taxonomy":{"primary":"shopping","hierarchy":["shopping"],"alternates":null},"version":5}},
{"id":"6c54dc77-d06a-43aa-b26d-43fbbaf2f478","type":"Feature","geometry":{"type":"Point","coordinates":[41.0833,19.12852]},"properties":{"categories":{"primary":"real_estate_service","alternate":["shopping"]},"confidence":0.5275726914405823,"websites":["http://www.twitter.com/m3m_qd"],"socials":["https://www.facebook.com/110041221275995"],"phones":["+966502744011"],"brand":{"wikidata":null,"names":{"primary":null,"common":null,"rules":null}},"addresses":[{"freeform":"القنفذة, السعودية","locality":"القنفذة","postcode":"28822","region":null,"country":"SA"}],"names":{"primary":"القنفذة لعالم البخور","common":null,"rules":null},"sources":[{"property":"","dataset":"meta","license":"CDLA-Permissive-2.0","record_id":"110041221275995","update_time":"2026-08-10T00:00:00.000Z","confidence":0.5275726914405823,"between":null,"provider":"meta","resource":"meta","version":"2026-08-10"},{"property":"/properties/confidence","dataset":"Overture","license":"CDLA-Permissive-2.0","record_id":null,"update_time":"2026-08-14T19:46:07Z","confidence":null,"between":null,"provider":"overture","resource":"confidence_calculation","version":"2026-08-14"}],"basic_category":"real_estate_service","taxonomy":{"primary":"real_estate_service","hierarchy":["services_and_business","real_estate_service"],"alternates":null},"version":1}},
{"id":"2f0ade39-4169-49c4-9e38-9003bc0243af","type":"Feature","geometry":{"type":"Point","coordinates":[41.0833,19.12852]},"properties":{"categories":{"primary":"hospital","alternate":["health_and_medical","dentist"]},"confidence":0.8691533803939819,"websites":["https://reachnetwork.co/ar/amalclinic"],"emails":["amalmedicalclinics@gmail.com"],"socials":["https://www.facebook.com/102089292260089"],"phones":["+966554300919"],"brand":{"wikidata":null,"names":{"primary":null,"common":null,"rules":null}},"addresses":[{"freeform":"حي الخالدية شارع الملك فيصل","locality":"القنفذة","postcode":"28822","region":null,"country":"SA"}],"names":{"primary":"عيادات آمال الطبية بالقنفذة","common":null,"rules":null},"sources":[{"property":"","dataset":"meta","license":"CDLA-Permissive-2.0","record_id":"102089292260089","update_time":"2026-08-10T00:00:00.000Z","confidence":0.8691533803939819,"between":null,"provider":"meta","resource":"meta","version":"2026-08-10"},{"property":"/properties/confidence","dataset":"Overture","license":"CDLA-Permissive-2.0","record_id":null,"update_time":"2026-08-14T19:46:07Z","confidence":null,"between":null,"provider":"overture","resource":"confidence_calculation","version":"2026-08-14"}],"basic_category":"hospital","taxonomy":{"primary":"hospital","hierarchy":["health_care","hospital"],"alternates":null},"version":7}},
{"id":"f5097dc3-3baa-4fe0-979a-34e8382242bc","type":"Feature","geometry":{"type":"Point","coordinates":[41.084844,19.127581]},"properties":{"categories":{"primary":"restaurant","alternate":["beach","breakfast_and_brunch_restaurant"]},"confidence":0.5535146594047546,"socials":["https://www.facebook.com/795781750801217"],"brand":{"wikidata":null,"names":{"primary":null,"common":null,"rules":null}},"addresses":[{"freeform":"","locality":"القنفذة","postcode":"28822","region":null,"country":"SA"}],"names":{"primary":"مطعم ساحل عدن","common":null,"rules":null},"sources":[{"property":"","dataset":"meta","license":"CDLA-Permissive-2.0","record_id":"795781750801217","update_time":"2026-08-10T00:00:00.000Z","confidence":0.5535146594047546,"between":null,"provider":"meta","resource":"meta","version":"2026-08-10"},{"property":"/properties/confidence","dataset":"Overture","license":"CDLA-Permissive-2.0","record_id":null,"update_time":"2026-08-14T19:46:07Z","confidence":null,"between":null,"provider":"overture","resource":"confidence_calculation","version":"2026-08-14"}],"basic_category":"restaurant","taxonomy":{"primary":"restaurant","hierarchy":["food_and_drink","restaurant"],"alternates":null},"version":10}},
{"id":"ac58833a-92d4-4be1-bffe-d88067da264a","type":"Feature","geometry":{"type":"Point","coordinates":[41.083947900000005,19.1262698]},"properties":{"categories":{"primary":"middle_eastern_restaurant","alternate":["afghan_restaurant","turkish_restaurant"]},"confidence":0.6133279800415039,"socials":["https://www.facebook.com/486213771782134"],"brand":{"wikidata":null,"names":{"primary":null,"common":null,"rules":null}},"addresses":[{"freeform":"تقريبا هو الأفضل ويمكن الوحيد","locality":"القنفذة","postcode":"","region":null,"country":"SA"}],"names":{"primary":"مطعم الجميل البخاري","common":null,"rules":null},"sources":[{"property":"","dataset":"meta","license":"CDLA-Permissive-2.0","record_id":"486213771782134","update_time":"2026-08-10T00:00:00.000Z","confidence":0.6133279800415039,"between":null,"provider":"meta","resource":"meta","version":"2026-08-10"},{"property":"/properties/confidence","dataset":"Overture","license":"CDLA-Permissive-2.0","record_id":null,"update_time":"2026-08-14T19:46:07Z","confidence":null,"between":null,"provider":"overture","resource":"confidence_calculation","version":"2026-08-14"}],"basic_category":"restaurant","taxonomy":{"primary":"middle_eastern_restaurant","hierarchy":["food_and_drink","restaurant","middle_eastern_restaurant"],"alternates":null},"version":6}},
{"id":"45d13507-db26-4e53-8949-60c6ef91bb6a","type":"Feature","geometry":{"type":"Point","coordinates":[41.087317681496,19.126512631487]},"properties":{"categories":{"primary":"dance_club","alternate":["cafe","arts_and_entertainment"]},"confidence":0.6370770335197449,"socials":["https://www.facebook.com/2233506506965766"],"brand":{"wikidata":null,"names":{"primary":null,"common":null,"rules":null}},"addresses":[{"freeform":"","locality":"القنفذة","postcode":"","region":null,"country":"SA"}],"names":{"primary":"مارينا كافيه","common":null,"rules":null},"sources":[{"property":"","dataset":"meta","license":"CDLA-Permissive-2.0","record_id":"2233506506965766","update_time":"2026-08-10T00:00:00.000Z","confidence":0.6370770335197449,"between":null,"provider":"meta","resource":"meta","version":"2026-08-10"},{"property":"/properties/confidence","dataset":"Overture","license":"CDLA-Permissive-2.0","record_id":null,"update_time":"2026-08-14T19:46:07Z","confidence":null,"between":null,"provider":"overture","resource":"confidence_calculation","version":"2026-08-14"}],"basic_category":"dance_club","taxonomy":{"primary":"dance_club","hierarchy":["arts_and_entertainment","nightlife_venue","dance_club"],"alternates":null},"version":7}},
{"id":"e774b596-2586-4e9c-86b6-47e714e34449","type":"Feature","geometry":{"type":"Point","coordinates":[41.08644,19.126686]},"properties":{"categories":{"primary":"pharmacy","alternate":null},"confidence":0.85,"websites":["https://sa.arabianoud.com/"],"phones":["920009692"],"addresses":[{"freeform":"شارع الهاتف","locality":"القنفذة","postcode":"28822","region":"مكة","country":"SA"}],"names":{"primary":"العربيه للعود","common":null,"rules":null},"sources":[{"property":"","dataset":"Microsoft","license":"CDLA-Permissive-2.0","record_id":"1688849866463921","update_time":"2024-08-09T07:58:09.140Z","confidence":0.85,"between":null,"provider":"microsoft","resource":"microsoft","version":"2025-10-20"},{"property":"/properties/confidence","dataset":"Overture","license":"CDLA-Permissive-2.0","record_id":null,"update_time":"2026-08-14T19:46:07Z","confidence":null,"between":null,"provider":"overture","resource":"confidence_calculation","version":"2026-08-14"}],"basic_category":"pharmacy_and_drug_store","taxonomy":{"primary":"pharmacy","hierarchy":["shopping","specialty_store","pharmacy_and_drug_store","pharmacy"],"alternates":null},"version":8}},
{"id":"a60418c5-01bf-47c9-a073-2dad19c6b101","type":"Feature","geometry":{"type":"Point","coordinates":[41.086174,19.126015]},"properties":{"categories":{"primary":"perfume_store","alternate":["retail"]},"confidence":0.85,"websites":["https://www.deraahstore.com/"],"phones":["8001186666"],"addresses":[{"freeform":"43GP+CF3 القنفذة","locality":"القنفذة","postcode":"0000","region":"مكة","country":"SA"}],"names":{"primary":"درعه DERAAH","common":null,"rules":null},"sources":[{"property":"","dataset":"Microsoft","license":"CDLA-Permissive-2.0","record_id":"844424934934385","update_time":"2025-10-15T10:19:30.117Z","confidence":0.85,"between":null,"provider":"microsoft","resource":"microsoft","version":"2025-10-20"},{"property":"/properties/confidence","dataset":"Overture","license":"CDLA-Permissive-2.0","record_id":null,"update_time":"2026-08-14T19:46:07Z","confidence":null,"between":null,"provider":"overture","resource":"confidence_calculation","version":"2026-08-14"}],"basic_category":"personal_care_and_beauty_store","taxonomy":{"primary":"cosmetics_and_fragrance_store","hierarchy":["shopping","specialty_store","personal_care_and_beauty_store","beauty_supply_store","cosmetics_and_fragrance_store"],"alternates":null},"version":7}},
{"id":"2bb6bdf3-4802-4ab4-a06c-7cd1ceb827fe","type":"Feature","geometry":{"type":"Point","coordinates":[41.08600774,19.12693217]},"properties":{"categories":{"primary":"smoothie_juice_bar","alternate":["fast_food_restaurant"]},"confidence":0.6872791647911072,"socials":["https://www.facebook.com/714599295581698"],"phones":["+966538413767"],"brand":{"wikidata":null,"names":{"primary":null,"common":null,"rules":null}},"addresses":[{"freeform":"جميع انواع العصائر والسموذي والشيك","locality":"القنفذة","postcode":"","region":null,"country":"SA"}],"names":{"primary":"عصيرات توتي القنفذه","common":null,"rules":null},"sources":[{"property":"","dataset":"meta","license":"CDLA-Permissive-2.0","record_id":"714599295581698","update_time":"2026-08-10T00:00:00.000Z","confidence":0.6872791647911072,"between":null,"provider":"meta","resource":"meta","version":"2026-08-10"},{"property":"/properties/confidence","dataset":"Overture","license":"CDLA-Permissive-2.0","record_id":null,"update_time":"2026-08-14T19:46:07Z","confidence":null,"between":null,"provider":"overture","resource":"confidence_calculation","version":"2026-08-14"}],"basic_category":"smoothie_juice_bar","taxonomy":{"primary":"smoothie_juice_bar","hierarchy":["food_and_drink","non_alcoholic_beverage_venue","smoothie_juice_bar"],"alternates":null},"version":10}},
{"id":"d02b81fb-bf4e-4f94-a1e8-f9b0f31fd5b9","type":"Feature","geometry":{"type":"Point","coordinates":[41.08657575,19.12688732]},"properties":{"categories":{"primary":"cosmetic_and_beauty_supplies","alternate":["eyewear_and_optician"]},"confidence":0.22095409035682678,"websites":["https://mothhalla.com/"],"socials":["https://www.facebook.com/616729804856980"],"phones":["+966550803683"],"brand":{"wikidata":null,"names":{"primary":null,"common":null,"rules":null}},"addresses":[{"freeform":"سوق الهنيدي، شارع الهاتف","locality":"القنفذة","postcode":"28822","region":null,"country":"SA"}],"names":{"primary":"مذهلة القنفذة","common":null,"rules":null},"sources":[{"property":"","dataset":"meta","license":"CDLA-Permissive-2.0","record_id":"616729804856980","update_time":"2026-08-10T00:00:00.000Z","confidence":0.22095409035682678,"between":null,"provider":"meta","resource":"meta","version":"2026-08-10"},{"property":"/properties/confidence","dataset":"Overture","license":"CDLA-Permissive-2.0","record_id":null,"update_time":"2026-08-14T19:46:07Z","confidence":null,"between":null,"provider":"overture","resource":"confidence_calculation","version":"2026-08-14"}],"basic_category":"personal_care_and_beauty_store","taxonomy":{"primary":"beauty_supply_store","hierarchy":["shopping","specialty_store","personal_care_and_beauty_store","beauty_supply_store"],"alternates":null},"version":11}},
{"id":"7afb9dc8-471a-4d3a-954e-0424e347a7f3","type":"Feature","geometry":{"type":"Point","coordinates":[41.08610242,19.12747663]},"properties":{"categories":{"primary":"gas_station","alternate":null},"confidence":0.4908756911754608,"socials":["https://www.facebook.com/407888786470307"],"phones":["+966559558330"],"brand":{"wikidata":null,"names":{"primary":null,"common":null,"rules":null}},"addresses":[{"freeform":"","locality":"القنفذة","postcode":"28822","region":null,"country":"SA"}],"names":{"primary":"محطة الخلف","common":null,"rules":null},"sources":[{"property":"","dataset":"meta","license":"CDLA-Permissive-2.0","record_id":"407888786470307","update_time":"2026-08-10T00:00:00.000Z","confidence":0.4908756911754608,"between":null,"provider":"meta","resource":"meta","version":"2026-08-10"},{"property":"/properties/confidence","dataset":"Overture","license":"CDLA-Permissive-2.0","record_id":null,"update_time":"2026-08-14T19:46:07Z","confidence":null,"between":null,"provider":"overture","resource":"confidence_calculation","version":"2026-08-14"}],"basic_category":"gas_station","taxonomy":{"primary":"gas_station","hierarchy":["travel_and_transportation","fueling_station","gas_station"],"alternates":null},"version":7}},
{"id":"5e2ee816-8f83-4579-b53c-c962d92cbb50","type":"Feature","geometry":{"type":"Point","coordinates":[41.0884511,19.12498002]},"properties":{"categories":{"primary":"medical_center","alternate":["hospital"]},"confidence":0.5567176342010498,"socials":["https://www.facebook.com/475504956557255"],"brand":{"wikidata":null,"names":{"primary":null,"common":null,"rules":null}},"addresses":[{"freeform":null,"locality":"القنفذة","postcode":null,"region":null,"country":"SA"}],"names":{"primary":"مركز الرعاية الصحية الأولية بالشرقية","common":null,"rules":null},"sources":[{"property":"","dataset":"meta","license":"CDLA-Permissive-2.0","record_id":"475504956557255","update_time":"2026-08-10T00:00:00.000Z","confidence":0.5567176342010498,"between":null,"provider":"meta","resource":"meta","version":"2026-08-10"},{"property":"/properties/confidence","dataset":"Overture","license":"CDLA-Permissive-2.0","record_id":null,"update_time":"2026-08-14T19:46:07Z","confidence":null,"between":null,"provider":"overture","resource":"confidence_calculation","version":"2026-08-14"}],"basic_category":"outpatient_care_facility","taxonomy":{"primary":"outpatient_care_facility","hierarchy":["health_care","outpatient_care_facility"],"alternates":null},"version":9}},
{"id":"dc444d9c-aa8b-4a72-b114-9c428be70cce","type":"Feature","geometry":{"type":"Point","coordinates":[41.09669475,19.12127339]},"properties":{"categories":{"primary":"home_goods_store","alternate":["clothing_store"]},"confidence":0.20029109716415405,"websites":["http://www.redtagfashion.com/"],"socials":["https://www.facebook.com/168378416353507"],"phones":["+966544302276"],"brand":{"wikidata":null,"names":{"primary":"Redtag","common":null,"rules":null}},"addresses":[{"freeform":"مخطط البرج،","locality":"القنفذة","postcode":"28822","region":null,"country":"SA"}],"names":{"primary":"Redtag","common":null,"rules":null},"sources":[{"property":"","dataset":"meta","license":"CDLA-Permissive-2.0","record_id":"168378416353507","update_time":"2026-08-10T00:00:00.000Z","confidence":0.20029109716415405,"between":null,"provider":"meta","resource":"meta","version":"2026-08-10"},{"property":"/properties/confidence","dataset":"Overture","license":"CDLA-Permissive-2.0","record_id":null,"update_time":"2026-08-14T19:46:07Z","confidence":null,"between":null,"provider":"overture","resource":"confidence_calculation","version":"2026-08-14"}],"basic_category":"hardware_home_and_garden_store","taxonomy":{"primary":"home_goods_store","hierarchy":["shopping","specialty_store","hardware_home_and_garden_store","home_goods_store"],"alternates":null},"version":10}},
{"id":"b2a19598-9dda-4bd9-9d4d-39f7fa286b4a","type":"Feature","geometry":{"type":"Point","coordinates":[41.09744194,19.12128793]},"properties":{"confidence":0.8036445379257202,"websites":["http://www.kudu.com.sa/"],"emails":["info@kudu.com.sa"],"socials":["https://www.facebook.com/181682406077108"],"phones":["+966920006999"],"brand":{"wikidata":null,"names":{"primary":null,"common":null,"rules":null}},"addresses":[{"freeform":"Bander Mall, Qunfudah Jeddah Jizan Highway","locality":"القنفذة","postcode":"","region":null,"country":"SA"}],"names":{"primary":"كودو","common":null,"rules":null},"sources":[{"property":"","dataset":"meta","license":"CDLA-Permissive-2.0","record_id":"181682406077108","update_time":"2026-08-10T00:00:00.000Z","confidence":0.8036445379257202,"between":null,"provider":"meta","resource":"meta","version":"2026-08-10"},{"property":"/properties/confidence","dataset":"Overture","license":"CDLA-Permissive-2.0","record_id":null,"update_time":"2026-08-14T19:46:07Z","confidence":null,"between":null,"provider":"overture","resource":"confidence_calculation","version":"2026-08-14"}],"basic_category":"fast_food_restaurant","version":3}},
{"id":"36e6ebee-63e0-40d5-a665-270bf1dbdc30","type":"Feature","geometry":{"type":"Point","coordinates":[41.09777112,19.12083777]},"properties":{"categories":{"primary":"fast_food_restaurant","alternate":["restaurant","burger_restaurant"]},"confidence":0.992160359621048,"websites":["http://www.mcdonaldarabia.com/"],"socials":["https://www.facebook.com/510327669311410"],"phones":["+966920006200"],"brand":{"wikidata":null,"names":{"primary":"McDonald's","common":null,"rules":null}},"addresses":[{"freeform":"7913 طريق إبراهيم الخليل عليه السلام، JQDA5121، 5121","locality":"القنفذة","postcode":"28822","region":null,"country":"SA"}],"names":{"primary":"McDonald's","common":null,"rules":null},"sources":[{"property":"","dataset":"meta","license":"CDLA-Permissive-2.0","record_id":"510327669311410","update_time":"2026-08-10T00:00:00.000Z","confidence":0.9659146070480347,"between":null,"provider":"meta","resource":"meta","version":"2026-08-10"},{"property":"/properties/confidence","dataset":"Overture","license":"CDLA-Permissive-2.0","record_id":null,"update_time":"2026-08-14T19:46:07Z","confidence":null,"between":null,"provider":"overture","resource":"confidence_calculation","version":"2026-08-14"}],"basic_category":"fast_food_restaurant","taxonomy":{"primary":"fast_food_restaurant","hierarchy":["food_and_drink","casual_eatery","fast_food_restaurant"],"alternates":null},"version":8}},
{"id":"4a53bdcb-1824-4c3f-917a-4e575ff8f75d","type":"Feature","geometry":{"type":"Point","coordinates":[41.0993107,19.1199762]},"properties":{"categories":{"primary":"pizza_restaurant","alternate":["restaurant","fast_food_restaurant"]},"confidence":0.6576631665229797,"socials":["https://www.facebook.com/748857045466081"],"phones":["+966177461352"],"brand":{"wikidata":null,"names":{"primary":"Little Caesars","common":null,"rules":null}},"addresses":[{"freeform":"Al Purj Qtr. South International Road","locality":"القنفذة","postcode":"","region":null,"country":"SA"}],"names":{"primary":"Little Caesars","common":null,"rules":null},"sources":[{"property":"","dataset":"meta","license":"CDLA-Permissive-2.0","record_id":"748857045466081","update_time":"2026-08-10T00:00:00.000Z","confidence":0.6576631665229797,"between":null,"provider":"meta","resource":"meta","version":"2026-08-10"},{"property":"/properties/confidence","dataset":"Overture","license":"CDLA-Permissive-2.0","record_id":null,"update_time":"2026-08-14T19:46:07Z","confidence":null,"between":null,"provider":"overture","resource":"confidence_calculation","version":"2026-08-14"}],"basic_category":"restaurant","taxonomy":{"primary":"pizza_restaurant","hierarchy":["food_and_drink","restaurant","european_restaurant","mediterranean_restaurant","italian_restaurant","pizza_restaurant"],"alternates":null},"version":4}},
{"id":"f08d0144-d533-43cc-929f-3fb260e682c3","type":"Feature","geometry":{"type":"Point","coordinates":[41.082806,19.118275]},"properties":{"categories":{"primary":"gym","alternate":["hotel"]},"confidence":0.623149573802948,"socials":["https://www.facebook.com/2292169507571405"],"brand":{"wikidata":null,"names":{"primary":null,"common":null,"rules":null}},"addresses":[{"freeform":"الكورنيش الجنوبي. خلف الأسرة مول","locality":"القنفذة","postcode":"28822","region":null,"country":"SA"}],"names":{"primary":"سيتي سبورت","common":null,"rules":null},"sources":[{"property":"","dataset":"meta","license":"CDLA-Permissive-2.0","record_id":"2292169507571405","update_time":"2026-08-10T00:00:00.000Z","confidence":0.623149573802948,"between":null,"provider":"meta","resource":"meta","version":"2026-08-10"},{"property":"/properties/confidence","dataset":"Overture","license":"CDLA-Permissive-2.0","record_id":null,"update_time":"2026-08-14T19:46:07Z","confidence":null,"between":null,"provider":"overture","resource":"confidence_calculation","version":"2026-08-14"}],"basic_category":"gym","taxonomy":{"primary":"gym","hierarchy":["sports_and_recreation","sport_or_fitness_facility","gym"],"alternates":null},"version":8}},
{"id":"04cd2694-afe9-4586-878e-ab66ee1b1139","type":"Feature","geometry":{"type":"Point","coordinates":[41.080268,19.117781]},"properties":{"categories":{"primary":"seafood_restaurant","alternate":["restaurant"]},"confidence":0.8082484006881714,"socials":["https://www.facebook.com/1996053144035027"],"brand":{"wikidata":null,"names":{"primary":null,"common":null,"rules":null}},"addresses":[{"freeform":"","locality":"القنفذة","postcode":"","region":null,"country":"SA"}],"names":{"primary":"مطعم البحارة","common":null,"rules":null},"sources":[{"property":"","dataset":"meta","license":"CDLA-Permissive-2.0","record_id":"1996053144035027","update_time":"2026-08-10T00:00:00.000Z","confidence":0.8082484006881714,"between":null,"provider":"meta","resource":"meta","version":"2026-08-10"},{"property":"/properties/confidence","dataset":"Overture","license":"CDLA-Permissive-2.0","record_id":null,"update_time":"2026-08-14T19:46:07Z","confidence":null,"between":null,"provider":"overture","resource":"confidence_calculation","version":"2026-08-14"}],"basic_category":"restaurant","taxonomy":{"primary":"seafood_restaurant","hierarchy":["food_and_drink","restaurant","seafood_restaurant"],"alternates":null},"version":9}},
{"id":"697e29f6-bb44-4f38-84de-efafcfa8a3c7","type":"Feature","geometry":{"type":"Point","coordinates":[41.080945,19.117669]},"properties":{"categories":{"primary":"hotel","alternate":["motel","beach"]},"confidence":0.9568711519241333,"socials":["https://www.facebook.com/252980282047769"],"brand":{"wikidata":null,"names":{"primary":null,"common":null,"rules":null}},"addresses":[{"freeform":"King Faisal Ibn Abdul Aziz Road","locality":"القنفذة","postcode":"21912","region":null,"country":"SA"}],"names":{"primary":"Beach Inn","common":null,"rules":null},"sources":[{"property":"","dataset":"meta","license":"CDLA-Permissive-2.0","record_id":"252980282047769","update_time":"2026-08-10T00:00:00.000Z","confidence":0.9568711519241333,"between":null,"provider":"meta","resource":"meta","version":"2026-08-10"},{"property":"/properties/confidence","dataset":"Overture","license":"CDLA-Permissive-2.0","record_id":null,"update_time":"2026-08-14T19:46:07Z","confidence":null,"between":null,"provider":"overture","resource":"confidence_calculation","version":"2026-08-14"}],"basic_category":"hotel","taxonomy":{"primary":"hotel","hierarchy":["lodging","hotel"],"alternates":null},"version":7}},
{"id":"fa95e855-02e5-480a-9cc8-9bf5c257731e","type":"Feature","geometry":{"type":"Point","coordinates":[41.081054,19.117535]},"properties":{"categories":{"primary":"indian_restaurant","alternate":["chiropractor","commercial_industrial"]},"confidence":0.7320238351821899,"socials":["https://www.facebook.com/752901944889717"],"brand":{"wikidata":null,"names":{"primary":null,"common":null,"rules":null}},"addresses":[{"freeform":"","locality":"القنفذة","postcode":"28822","region":null,"country":"SA"}],"names":{"primary":"Chakki","common":null,"rules":null},"sources":[{"property":"","dataset":"meta","license":"CDLA-Permissive-2.0","record_id":"752901944889717","update_time":"2026-08-10T00:00:00.000Z","confidence":0.7320238351821899,"between":null,"provider":"meta","resource":"meta","version":"2026-08-10"},{"property":"/properties/confidence","dataset":"Overture","license":"CDLA-Permissive-2.0","record_id":null,"update_time":"2026-08-14T19:46:07Z","confidence":null,"between":null,"provider":"overture","resource":"confidence_calculation","version":"2026-08-14"}],"basic_category":"restaurant","taxonomy":{"primary":"indian_restaurant","hierarchy":["food_and_drink","restaurant","asian_restaurant","south_asian_restaurant","indian_restaurant"],"alternates":null},"version":9}}]}